relevant_property,sharpness,utterance_code,utterance_label,human_mean,human_lo,human_hi,n,model_mean,model_lo,model_hi,model,condition,signed_residual,abs_residual,human_mean_covered_by_model_ci,model_mean_covered_by_human_ci,residual_rank
both,blurred,8,CF,0.2703180212014134,0.2332155477031802,0.30565371024734983,566,0.11659363957597174,0.037102473498233215,0.16784452296819788,principled_salience_stop_regularized_2x2_glob_rec,both | blurred,-0.15372438162544166,0.15372438162544166,False,False,1
both,blurred,2,DCF,0.30918727915194344,0.2703180212014134,0.3480565371024735,566,0.16618727915194348,0.11391342756183746,0.2704063604240282,principled_salience_stop_regularized_2x2_glob_rec,both | blurred,-0.14299999999999996,0.14299999999999996,False,False,2
both,blurred,5,C,0.0088339222614841,0.0017667844522968198,0.0176678445229682,566,0.13803180212014135,0.038869257950530034,0.19964664310954064,principled_salience_stop_regularized_2x2_glob_rec,both | blurred,0.12919787985865724,0.12919787985865724,False,False,3
both,blurred,1,DC,0.06890459363957598,0.04946996466431095,0.09010600706713781,566,0.17046289752650176,0.0644434628975265,0.22968197879858657,principled_salience_stop_regularized_2x2_glob_rec,both | blurred,0.10155830388692579,0.10155830388692579,True,False,4
both,blurred,10,F,0.1166077738515901,0.09010600706713781,0.14487632508833923,566,0.029462897526501768,0.012367491166077738,0.06007067137809187,principled_salience_stop_regularized_2x2_glob_rec,both | blurred,-0.08714487632508833,0.08714487632508833,False,False,5
both,blurred,4,DFC,0.030035335689045935,0.0176678445229682,0.044169611307420496,566,0.08782332155477032,0.039708480565371025,0.12460247349823318,principled_salience_stop_regularized_2x2_glob_rec,both | blurred,0.05778798586572439,0.05778798586572439,False,False,6
both,blurred,3,DF,0.08480565371024736,0.061837455830388695,0.10777385159010601,566,0.0418904593639576,0.0176678445229682,0.09540636042402827,principled_salience_stop_regularized_2x2_glob_rec,both | blurred,-0.04291519434628976,0.04291519434628976,True,False,7
both,blurred,13,FC,0.04063604240282685,0.024734982332155476,0.05653710247349823,566,0.07150883392226148,0.03794169611307421,0.10163427561837451,principled_salience_stop_regularized_2x2_glob_rec,both | blurred,0.03087279151943463,0.03087279151943463,True,False,8
both,blurred,12,FDC,0.00530035335689046,0.0,0.012367491166077738,566,0.0326643109540636,0.014134275618374558,0.06276501766784448,principled_salience_stop_regularized_2x2_glob_rec,both | blurred,0.027363957597173142,0.027363957597173142,False,False,9
both,blurred,9,CFD,0.0035335689045936395,0.0,0.0088339222614841,566,0.026915194346289754,0.01060070671378092,0.061837455830388695,principled_salience_stop_regularized_2x2_glob_rec,both | blurred,0.023381625441696113,0.023381625441696113,False,False,10
both,sharp,2,DCF,0.3121272365805169,0.27236580516898606,0.3518886679920477,503,0.17126838966202784,0.12127236580516898,0.27435387673956263,principled_salience_stop_regularized_2x2_glob_rec,both | sharp,-0.14085884691848904,0.14085884691848904,False,False,1
both,sharp,5,C,0.0,0.0,0.0,503,0.12371769383697813,0.03777335984095427,0.17997017892644132,principled_salience_stop_regularized_2x2_glob_rec,both | sharp,0.12371769383697813,0.12371769383697813,False,False,2
both,sharp,8,CF,0.20278330019880716,0.16898608349900596,0.24055666003976142,503,0.090882703777336,0.03777335984095427,0.1312127236580517,principled_salience_stop_regularized_2x2_glob_rec,both | sharp,-0.11190059642147117,0.11190059642147117,False,False,3
both,sharp,4,DFC,0.02982107355864811,0.015904572564612324,0.04572564612326044,503,0.09113320079522863,0.039761431411530816,0.13320079522862824,principled_salience_stop_regularized_2x2_glob_rec,both | sharp,0.06131212723658052,0.06131212723658052,False,False,4
both,sharp,3,DF,0.1073558648111332,0.08151093439363817,0.13518886679920478,503,0.047506958250497014,0.02186878727634195,0.09940357852882704,principled_salience_stop_regularized_2x2_glob_rec,both | sharp,-0.059848906560636184,0.059848906560636184,False,False,5
both,sharp,10,F,0.08349900596421471,0.061630218687872766,0.1073558648111332,503,0.02687475149105368,0.008896620278330023,0.06371769383697805,principled_salience_stop_regularized_2x2_glob_rec,both | sharp,-0.05662425447316103,0.05662425447316103,False,False,6
both,sharp,13,FC,0.02186878727634195,0.009940357852882704,0.03578528827037773,503,0.0589662027833002,0.03578528827037773,0.0825546719681908,principled_salience_stop_regularized_2x2_glob_rec,both | sharp,0.03709741550695825,0.03709741550695825,False,False,7
both,sharp,12,FDC,0.0,0.0,0.0,503,0.03255666003976143,0.015904572564612324,0.05869781312127232,principled_salience_stop_regularized_2x2_glob_rec,both | sharp,0.03255666003976143,0.03255666003976143,False,False,8
both,sharp,0,D,0.0,0.0,0.0,503,0.025121272365805167,0.007952286282306162,0.0636182902584493,principled_salience_stop_regularized_2x2_glob_rec,both | sharp,0.025121272365805167,0.025121272365805167,False,False,9
both,sharp,9,CFD,0.003976143141153081,0.0,0.009940357852882704,503,0.027284294234592443,0.009940357852882704,0.0626739562624254,principled_salience_stop_regularized_2x2_glob_rec,both | sharp,0.023308151093439363,0.023308151093439363,False,False,10
first,blurred,3,DF,0.36462093862815886,0.3266696750902527,0.4043321299638989,554,0.09729963898916968,0.05054151624548736,0.2075812274368231,principled_salience_stop_regularized_2x2_glob_rec,first | blurred,-0.2673212996389892,0.2673212996389892,False,False,1
first,blurred,2,DCF,0.2996389891696751,0.26173285198555957,0.33578519855595645,554,0.16389891696750902,0.13537906137184116,0.19494584837545126,principled_salience_stop_regularized_2x2_glob_rec,first | blurred,-0.13574007220216605,0.13574007220216605,False,False,2
first,blurred,1,DC,0.04332129963898917,0.02707581227436823,0.05956678700361011,554,0.16726714801444043,0.05139891696750903,0.2328519855595668,principled_salience_stop_regularized_2x2_glob_rec,first | blurred,0.12394584837545125,0.12394584837545125,False,False,3
first,blurred,5,C,0.005415162454873646,0.0,0.01263537906137184,554,0.09111552346570398,0.03790613718411552,0.13091155234657037,principled_salience_stop_regularized_2x2_glob_rec,first | blurred,0.08570036101083034,0.08570036101083034,False,False,4
first,blurred,4,DFC,0.032490974729241874,0.018050541516245487,0.04693140794223827,554,0.10088447653429602,0.039711191335740074,0.14174187725631765,principled_salience_stop_regularized_2x2_glob_rec,first | blurred,0.06839350180505416,0.06839350180505416,False,False,5
first,blurred,13,FC,0.016245487364620937,0.007220216606498195,0.02707581227436823,554,0.055895306859205775,0.03790613718411552,0.07581227436823104,principled_salience_stop_regularized_2x2_glob_rec,first | blurred,0.039649819494584834,0.039649819494584834,False,False,6
first,blurred,12,FDC,0.0036101083032490976,0.0,0.009025270758122744,554,0.035501805054151625,0.018050541516245487,0.061371841155234655,principled_salience_stop_regularized_2x2_glob_rec,first | blurred,0.031891696750902525,0.031891696750902525,False,False,7
first,blurred,9,CFD,0.0,0.0,0.0,554,0.029577617328519858,0.01263537906137184,0.0623194945848375,principled_salience_stop_regularized_2x2_glob_rec,first | blurred,0.029577617328519858,0.029577617328519858,False,False,8
first,blurred,0,D,0.05595667870036101,0.039711191335740074,0.07581227436823104,554,0.030826714801444045,0.01444043321299639,0.061371841155234655,principled_salience_stop_regularized_2x2_glob_rec,first | blurred,-0.025129963898916963,0.025129963898916963,True,False,9
first,blurred,6,CD,0.0018050541516245488,0.0,0.005415162454873646,554,0.026555956678700362,0.009025270758122744,0.05870938628158841,principled_salience_stop_regularized_2x2_glob_rec,first | blurred,0.024750902527075812,0.024750902527075812,False,False,10
first,sharp,0,D,0.2689243027888446,0.2290836653386454,0.30876494023904383,502,0.045175298804780877,0.026842629482071716,0.06573705179282868,principled_salience_stop_regularized_2x2_glob_rec,first | sharp,-0.22374900398406372,0.22374900398406372,False,False,1
first,sharp,1,DC,0.045816733067729085,0.027888446215139442,0.06573705179282868,502,0.2226175298804781,0.053784860557768925,0.3107569721115538,principled_salience_stop_regularized_2x2_glob_rec,first | sharp,0.17680079681274902,0.17680079681274902,False,False,2
first,sharp,3,DF,0.23107569721115537,0.19516932270916335,0.2689243027888446,502,0.11963346613545817,0.0697211155378486,0.22121513944223098,principled_salience_stop_regularized_2x2_glob_rec,first | sharp,-0.1114422310756972,0.1114422310756972,False,False,3
first,sharp,4,DFC,0.021912350597609563,0.0099601593625498,0.03386454183266932,502,0.09846215139442231,0.037848605577689244,0.14342629482071714,principled_salience_stop_regularized_2x2_glob_rec,first | sharp,0.07654980079681276,0.07654980079681276,False,False,4
first,sharp,10,F,0.10159362549800798,0.07569721115537849,0.1294820717131474,502,0.028653386454183267,0.0099601593625498,0.06080677290836649,principled_salience_stop_regularized_2x2_glob_rec,first | sharp,-0.07294023904382471,0.07294023904382471,False,False,5
first,sharp,5,C,0.0,0.0,0.0,502,0.06702390438247012,0.035856573705179286,0.09561752988047809,principled_salience_stop_regularized_2x2_glob_rec,first | sharp,0.06702390438247012,0.06702390438247012,False,False,6
first,sharp,2,DCF,0.2051792828685259,0.17131474103585656,0.24108565737051765,502,0.1589043824701195,0.1254980079681275,0.19322709163346613,principled_salience_stop_regularized_2x2_glob_rec,first | sharp,-0.0462749003984064,0.0462749003984064,False,False,7
first,sharp,8,CF,0.09362549800796813,0.06772908366533864,0.1195717131474101,502,0.04975298804780876,0.029880478087649404,0.06877490039840632,principled_salience_stop_regularized_2x2_glob_rec,first | sharp,-0.043872509960159366,0.043872509960159366,False,False,8
first,sharp,12,FDC,0.0,0.0,0.0,502,0.03520318725099602,0.017928286852589643,0.06080677290836649,principled_salience_stop_regularized_2x2_glob_rec,first | sharp,0.03520318725099602,0.03520318725099602,False,False,9
first,sharp,6,CD,0.0,0.0,0.0,502,0.03166135458167331,0.012898406374501995,0.05976095617529881,principled_salience_stop_regularized_2x2_glob_rec,first | sharp,0.03166135458167331,0.03166135458167331,False,False,10
second,blurred,5,C,0.6278659611992945,0.5890652557319224,0.6684303350970018,567,0.1907795414462081,0.037037037037037035,0.2699294532627865,principled_salience_stop_regularized_2x2_glob_rec,second | blurred,-0.4370864197530864,0.4370864197530864,False,False,1
second,blurred,1,DC,0.0,0.0,0.0,567,0.17741446208112874,0.07760141093474426,0.23633156966490299,principled_salience_stop_regularized_2x2_glob_rec,second | blurred,0.17741446208112874,0.17741446208112874,False,False,2
second,blurred,8,CF,0.26278659611992944,0.2257495590828924,0.2980599647266314,567,0.12663492063492063,0.03787477954144621,0.1781305114638448,principled_salience_stop_regularized_2x2_glob_rec,second | blurred,-0.1361516754850088,0.1361516754850088,False,False,3
second,blurred,2,DCF,0.026455026455026454,0.014109347442680775,0.04056437389770723,567,0.146663139329806,0.08641975308641975,0.2831128747795414,principled_salience_stop_regularized_2x2_glob_rec,second | blurred,0.12020811287477956,0.12020811287477956,False,False,4
second,blurred,13,FC,0.019400352733686066,0.008818342151675485,0.031746031746031744,567,0.07829982363315696,0.03880070546737213,0.1111111111111111,principled_salience_stop_regularized_2x2_glob_rec,second | blurred,0.058899470899470896,0.058899470899470896,False,False,5
second,blurred,4,DFC,0.014109347442680775,0.005291005291005291,0.024691358024691357,567,0.07197530864197531,0.037037037037037035,0.10052910052910052,principled_salience_stop_regularized_2x2_glob_rec,second | blurred,0.05786596119929453,0.05786596119929453,False,False,6
second,blurred,12,FDC,0.0,0.0,0.0,567,0.027647266313932977,0.010582010582010581,0.059964726631393295,principled_salience_stop_regularized_2x2_glob_rec,second | blurred,0.027647266313932977,0.027647266313932977,False,False,7
second,blurred,6,CD,0.0,0.0,0.0,567,0.02675837742504409,0.008818342151675485,0.059964726631393295,principled_salience_stop_regularized_2x2_glob_rec,second | blurred,0.02675837742504409,0.02675837742504409,False,False,8
second,blurred,7,CDF,0.005291005291005291,0.0,0.012345679012345678,567,0.03165079365079365,0.014109347442680775,0.05736331569664899,principled_salience_stop_regularized_2x2_glob_rec,second | blurred,0.02635978835978836,0.02635978835978836,False,False,9
second,blurred,3,DF,0.0,0.0,0.0,567,0.025887125220458555,0.005291005291005291,0.07499999999999996,principled_salience_stop_regularized_2x2_glob_rec,second | blurred,0.025887125220458555,0.025887125220458555,False,False,10
second,sharp,5,C,0.7162698412698413,0.6765873015873016,0.7559523809523809,504,0.17569444444444446,0.03571428571428571,0.25,principled_salience_stop_regularized_2x2_glob_rec,second | sharp,-0.5405753968253968,0.5405753968253968,False,False,1
second,sharp,1,DC,0.001984126984126984,0.0,0.005952380952380952,504,0.21642460317460316,0.07633928571428572,0.2927083333333333,principled_salience_stop_regularized_2x2_glob_rec,second | sharp,0.21444047619047618,0.21444047619047618,False,False,2
second,sharp,2,DCF,0.001984126984126984,0.0,0.005952380952380952,504,0.1521468253968254,0.09126984126984126,0.27976190476190477,principled_salience_stop_regularized_2x2_glob_rec,second | sharp,0.15016269841269841,0.15016269841269841,False,False,3
second,sharp,8,CF,0.23015873015873015,0.19246031746031747,0.26587301587301587,504,0.0995,0.037698412698412696,0.14285714285714285,principled_salience_stop_regularized_2x2_glob_rec,second | sharp,-0.13065873015873014,0.13065873015873014,False,False,4
second,sharp,4,DFC,0.005952380952380952,0.0,0.013888888888888888,504,0.07586507936507937,0.037698412698412696,0.10818452380952376,principled_salience_stop_regularized_2x2_glob_rec,second | sharp,0.06991269841269843,0.06991269841269843,False,False,5
second,sharp,13,FC,0.01984126984126984,0.00992063492063492,0.03373015873015873,504,0.06273809523809523,0.037698412698412696,0.0873015873015873,principled_salience_stop_regularized_2x2_glob_rec,second | sharp,0.04289682539682539,0.04289682539682539,False,False,6
second,sharp,6,CD,0.0,0.0,0.0,504,0.02926984126984127,0.011904761904761904,0.057539682539682536,principled_salience_stop_regularized_2x2_glob_rec,second | sharp,0.02926984126984127,0.02926984126984127,False,False,7
second,sharp,7,CDF,0.003968253968253968,0.0,0.00992063492063492,504,0.032789682539682535,0.015873015873015872,0.061507936507936505,principled_salience_stop_regularized_2x2_glob_rec,second | sharp,0.028821428571428567,0.028821428571428567,False,False,8
second,sharp,12,FDC,0.0,0.0,0.0,504,0.0288015873015873,0.011904761904761904,0.06056547619047614,principled_salience_stop_regularized_2x2_glob_rec,second | sharp,0.0288015873015873,0.0288015873015873,False,False,9
second,sharp,3,DF,0.0,0.0,0.0,504,0.028658730158730158,0.007936507936507936,0.07539682539682539,principled_salience_stop_regularized_2x2_glob_rec,second | sharp,0.028658730158730158,0.028658730158730158,False,False,10
both,blurred,8,CF,0.2703180212014134,0.2332155477031802,0.30565371024734983,566,0.11687985865724382,0.03794169611307421,0.16877208480565367,principled_salience_stop_regularized_2x2_glob_static,both | blurred,-0.1534381625441696,0.1534381625441696,False,False,1
both,blurred,2,DCF,0.30918727915194344,0.2703180212014134,0.3480565371024735,566,0.166017667844523,0.11307420494699646,0.2712455830388692,principled_salience_stop_regularized_2x2_glob_static,both | blurred,-0.14316961130742045,0.14316961130742045,False,False,2
both,blurred,5,C,0.0088339222614841,0.0017667844522968198,0.0176678445229682,566,0.1383922261484099,0.04063604240282685,0.19964664310954064,principled_salience_stop_regularized_2x2_glob_static,both | blurred,0.1295583038869258,0.1295583038869258,False,False,3
both,blurred,1,DC,0.06890459363957598,0.04946996466431095,0.09010600706713781,566,0.17014487632508835,0.0636042402826855,0.22791519434628976,principled_salience_stop_regularized_2x2_glob_static,both | blurred,0.10124028268551237,0.10124028268551237,True,False,4
both,blurred,10,F,0.1166077738515901,0.09010600706713781,0.14487632508833923,566,0.029257950530035333,0.012367491166077738,0.06007067137809187,principled_salience_stop_regularized_2x2_glob_static,both | blurred,-0.08734982332155478,0.08734982332155478,False,False,5
both,blurred,4,DFC,0.030035335689045935,0.0176678445229682,0.044169611307420496,566,0.08766077738515901,0.04063604240282685,0.12367491166077739,principled_salience_stop_regularized_2x2_glob_static,both | blurred,0.057625441696113076,0.057625441696113076,False,False,6
both,blurred,3,DF,0.08480565371024736,0.061837455830388695,0.10777385159010601,566,0.04184098939929329,0.015901060070671377,0.09456713780918724,principled_salience_stop_regularized_2x2_glob_static,both | blurred,-0.04296466431095407,0.04296466431095407,True,False,7
both,blurred,13,FC,0.04063604240282685,0.024734982332155476,0.05653710247349823,566,0.07166431095406361,0.037102473498233215,0.10070671378091872,principled_salience_stop_regularized_2x2_glob_static,both | blurred,0.031028268551236762,0.031028268551236762,True,False,8
both,blurred,12,FDC,0.00530035335689046,0.0,0.012367491166077738,566,0.0326643109540636,0.014134275618374558,0.0636042402826855,principled_salience_stop_regularized_2x2_glob_static,both | blurred,0.027363957597173142,0.027363957597173142,False,False,9
both,blurred,9,CFD,0.0035335689045936395,0.0,0.0088339222614841,566,0.02698939929328622,0.00967314487632509,0.061837455830388695,principled_salience_stop_regularized_2x2_glob_static,both | blurred,0.02345583038869258,0.02345583038869258,False,False,10
both,sharp,2,DCF,0.3121272365805169,0.27236580516898606,0.3518886679920477,503,0.1715864811133201,0.12127236580516898,0.27236580516898606,principled_salience_stop_regularized_2x2_glob_static,both | sharp,-0.1405407554671968,0.1405407554671968,False,False,1
both,sharp,5,C,0.0,0.0,0.0,503,0.12411928429423459,0.03777335984095427,0.18091451292246521,principled_salience_stop_regularized_2x2_glob_static,both | sharp,0.12411928429423459,0.12411928429423459,False,False,2
both,sharp,8,CF,0.20278330019880716,0.16898608349900596,0.24055666003976142,503,0.09121669980119285,0.03777335984095427,0.1302683896620278,principled_salience_stop_regularized_2x2_glob_static,both | sharp,-0.11156660039761432,0.11156660039761432,False,False,3
both,sharp,4,DFC,0.02982107355864811,0.015904572564612324,0.04572564612326044,503,0.09130019880715706,0.039761431411530816,0.13225646123260434,principled_salience_stop_regularized_2x2_glob_static,both | sharp,0.06147912524850895,0.06147912524850895,False,False,4
both,sharp,3,DF,0.1073558648111332,0.08151093439363817,0.13518886679920478,503,0.04688667992047713,0.02186878727634195,0.09741550695825049,principled_salience_stop_regularized_2x2_glob_static,both | sharp,-0.060469184890656065,0.060469184890656065,False,False,5
both,sharp,10,F,0.08349900596421471,0.061630218687872766,0.1073558648111332,503,0.026986083499005966,0.009940357852882704,0.0626739562624254,principled_salience_stop_regularized_2x2_glob_static,both | sharp,-0.05651292246520874,0.05651292246520874,False,False,6
both,sharp,13,FC,0.02186878727634195,0.009940357852882704,0.03578528827037773,503,0.059145129224652086,0.03578528827037773,0.08454274353876734,principled_salience_stop_regularized_2x2_glob_static,both | sharp,0.037276341948310136,0.037276341948310136,False,False,7
both,sharp,12,FDC,0.0,0.0,0.0,503,0.03255666003976143,0.015904572564612324,0.05869781312127232,principled_salience_stop_regularized_2x2_glob_static,both | sharp,0.03255666003976143,0.03255666003976143,False,False,8
both,sharp,0,D,0.0,0.0,0.0,503,0.025133200795228627,0.007952286282306162,0.0636182902584493,principled_salience_stop_regularized_2x2_glob_static,both | sharp,0.025133200795228627,0.025133200795228627,False,False,9
both,sharp,9,CFD,0.003976143141153081,0.0,0.009940357852882704,503,0.027411530815109345,0.007952286282306162,0.0626739562624254,principled_salience_stop_regularized_2x2_glob_static,both | sharp,0.023435387673956264,0.023435387673956264,False,False,10
first,blurred,3,DF,0.36462093862815886,0.3266696750902527,0.4043321299638989,554,0.09680866425992779,0.04778880866425993,0.2075812274368231,principled_salience_stop_regularized_2x2_glob_static,first | blurred,-0.2678122743682311,0.2678122743682311,False,False,1
first,blurred,2,DCF,0.2996389891696751,0.26173285198555957,0.33578519855595645,554,0.16409747292418772,0.13357400722021662,0.19494584837545126,principled_salience_stop_regularized_2x2_glob_static,first | blurred,-0.13554151624548735,0.13554151624548735,False,False,2
first,blurred,1,DC,0.04332129963898917,0.02707581227436823,0.05956678700361011,554,0.16734657039711193,0.052346570397111915,0.23379963898916964,principled_salience_stop_regularized_2x2_glob_static,first | blurred,0.12402527075812275,0.12402527075812275,False,False,3
first,blurred,5,C,0.005415162454873646,0.0,0.01263537906137184,554,0.09157039711191335,0.03790613718411552,0.13176895306859207,principled_salience_stop_regularized_2x2_glob_static,first | blurred,0.08615523465703971,0.08615523465703971,False,False,4
first,blurred,4,DFC,0.032490974729241874,0.018050541516245487,0.04693140794223827,554,0.10064259927797833,0.03790613718411552,0.14174187725631765,principled_salience_stop_regularized_2x2_glob_static,first | blurred,0.06815162454873647,0.06815162454873647,False,False,5
first,blurred,13,FC,0.016245487364620937,0.007220216606498195,0.02707581227436823,554,0.055985559566787,0.03790613718411552,0.07581227436823104,principled_salience_stop_regularized_2x2_glob_static,first | blurred,0.03974007220216606,0.03974007220216606,False,False,6
first,blurred,12,FDC,0.0036101083032490976,0.0,0.009025270758122744,554,0.03547653429602888,0.018050541516245487,0.061371841155234655,principled_salience_stop_regularized_2x2_glob_static,first | blurred,0.03186642599277978,0.03186642599277978,False,False,7
first,blurred,9,CFD,0.0,0.0,0.0,554,0.029736462093862815,0.010830324909747292,0.0631768953068592,principled_salience_stop_regularized_2x2_glob_static,first | blurred,0.029736462093862815,0.029736462093862815,False,False,8
first,blurred,0,D,0.05595667870036101,0.039711191335740074,0.07581227436823104,554,0.030707581227436824,0.01444043321299639,0.061371841155234655,principled_salience_stop_regularized_2x2_glob_static,first | blurred,-0.025249097472924184,0.025249097472924184,True,False,9
first,blurred,6,CD,0.0018050541516245488,0.0,0.005415162454873646,554,0.02643682310469314,0.009025270758122744,0.05956678700361011,principled_salience_stop_regularized_2x2_glob_static,first | blurred,0.02463176895306859,0.02463176895306859,False,False,10
first,sharp,0,D,0.2689243027888446,0.2290836653386454,0.30876494023904383,502,0.045123505976095615,0.025896414342629483,0.0647908366533864,principled_salience_stop_regularized_2x2_glob_static,first | sharp,-0.223800796812749,0.223800796812749,False,False,1
first,sharp,1,DC,0.045816733067729085,0.027888446215139442,0.06573705179282868,502,0.22250199203187251,0.053784860557768925,0.3118027888446215,principled_salience_stop_regularized_2x2_glob_static,first | sharp,0.17668525896414344,0.17668525896414344,False,False,2
first,sharp,3,DF,0.23107569721115537,0.19516932270916335,0.2689243027888446,502,0.1198167330677291,0.0697211155378486,0.22415338645418323,principled_salience_stop_regularized_2x2_glob_static,first | sharp,-0.11125896414342627,0.11125896414342627,False,False,3
first,sharp,4,DFC,0.021912350597609563,0.0099601593625498,0.03386454183266932,502,0.09837051792828685,0.03879482071713148,0.14342629482071714,principled_salience_stop_regularized_2x2_glob_static,first | sharp,0.07645816733067728,0.07645816733067728,False,False,4
first,sharp,10,F,0.10159362549800798,0.07569721115537849,0.1294820717131474,502,0.028609561752988046,0.0099601593625498,0.061752988047808766,principled_salience_stop_regularized_2x2_glob_static,first | sharp,-0.07298406374501992,0.07298406374501992,False,False,5
first,sharp,5,C,0.0,0.0,0.0,502,0.06720318725099601,0.03680278884462152,0.09666334661354577,principled_salience_stop_regularized_2x2_glob_static,first | sharp,0.06720318725099601,0.06720318725099601,False,False,6
first,sharp,2,DCF,0.2051792828685259,0.17131474103585656,0.24108565737051765,502,0.15853386454183266,0.1254980079681275,0.1892430278884462,principled_salience_stop_regularized_2x2_glob_static,first | sharp,-0.04664541832669325,0.04664541832669325,False,False,7
first,sharp,8,CF,0.09362549800796813,0.06772908366533864,0.1195717131474101,502,0.0500398406374502,0.03187250996015936,0.06877490039840632,principled_salience_stop_regularized_2x2_glob_static,first | sharp,-0.04358565737051793,0.04358565737051793,False,False,8
first,sharp,12,FDC,0.0,0.0,0.0,502,0.035191235059760954,0.017928286852589643,0.061752988047808766,principled_salience_stop_regularized_2x2_glob_static,first | sharp,0.035191235059760954,0.035191235059760954,False,False,9
first,sharp,6,CD,0.0,0.0,0.0,502,0.03154581673306773,0.012898406374501995,0.05976095617529881,principled_salience_stop_regularized_2x2_glob_static,first | sharp,0.03154581673306773,0.03154581673306773,False,False,10
second,blurred,5,C,0.6278659611992945,0.5890652557319224,0.6684303350970018,567,0.1909700176366843,0.037037037037037035,0.2698412698412698,principled_salience_stop_regularized_2x2_glob_static,second | blurred,-0.4368959435626102,0.4368959435626102,False,False,1
second,blurred,1,DC,0.0,0.0,0.0,567,0.17716049382716048,0.07407407407407407,0.23633156966490299,principled_salience_stop_regularized_2x2_glob_static,second | blurred,0.17716049382716048,0.17716049382716048,False,False,2
second,blurred,8,CF,0.26278659611992944,0.2257495590828924,0.2980599647266314,567,0.12688888888888888,0.03880070546737213,0.17989417989417988,principled_salience_stop_regularized_2x2_glob_static,second | blurred,-0.13589770723104055,0.13589770723104055,False,False,3
second,blurred,2,DCF,0.026455026455026454,0.014109347442680775,0.04056437389770723,567,0.14673015873015874,0.08725749559082892,0.2804232804232804,principled_salience_stop_regularized_2x2_glob_static,second | blurred,0.12027513227513228,0.12027513227513228,False,False,4
second,blurred,13,FC,0.019400352733686066,0.008818342151675485,0.031746031746031744,567,0.0782363315696649,0.03880070546737213,0.1102733686067019,principled_salience_stop_regularized_2x2_glob_static,second | blurred,0.05883597883597884,0.05883597883597884,False,False,5
second,blurred,4,DFC,0.014109347442680775,0.005291005291005291,0.024691358024691357,567,0.07167901234567901,0.037037037037037035,0.10052910052910052,principled_salience_stop_regularized_2x2_glob_static,second | blurred,0.05756966490299824,0.05756966490299824,False,False,6
second,blurred,12,FDC,0.0,0.0,0.0,567,0.02768253968253968,0.010582010582010581,0.06089065255731918,principled_salience_stop_regularized_2x2_glob_static,second | blurred,0.02768253968253968,0.02768253968253968,False,False,7
second,blurred,6,CD,0.0,0.0,0.0,567,0.026701940035273368,0.008818342151675485,0.059964726631393295,principled_salience_stop_regularized_2x2_glob_static,second | blurred,0.026701940035273368,0.026701940035273368,False,False,8
second,blurred,7,CDF,0.005291005291005291,0.0,0.012345679012345678,567,0.03149559082892416,0.012345679012345678,0.05912698412698408,principled_salience_stop_regularized_2x2_glob_static,second | blurred,0.02620458553791887,0.02620458553791887,False,False,9
second,blurred,3,DF,0.0,0.0,0.0,567,0.026151675485008817,0.005291005291005291,0.07407407407407407,principled_salience_stop_regularized_2x2_glob_static,second | blurred,0.026151675485008817,0.026151675485008817,False,False,10
second,sharp,5,C,0.7162698412698413,0.6765873015873016,0.7559523809523809,504,0.17573809523809525,0.03665674603174603,0.251984126984127,principled_salience_stop_regularized_2x2_glob_static,second | sharp,-0.540531746031746,0.540531746031746,False,False,1
second,sharp,1,DC,0.001984126984126984,0.0,0.005952380952380952,504,0.21610714285714286,0.0783234126984127,0.2907242063492063,principled_salience_stop_regularized_2x2_glob_static,second | sharp,0.21412301587301588,0.21412301587301588,False,False,2
second,sharp,2,DCF,0.001984126984126984,0.0,0.005952380952380952,504,0.15221428571428572,0.09325396825396826,0.2777777777777778,principled_salience_stop_regularized_2x2_glob_static,second | sharp,0.15023015873015874,0.15023015873015874,False,False,3
second,sharp,8,CF,0.23015873015873015,0.19246031746031747,0.26587301587301587,504,0.0997579365079365,0.037698412698412696,0.14285714285714285,principled_salience_stop_regularized_2x2_glob_static,second | sharp,-0.13040079365079366,0.13040079365079366,False,False,4
second,sharp,4,DFC,0.005952380952380952,0.0,0.013888888888888888,504,0.07598015873015873,0.037698412698412696,0.1111111111111111,principled_salience_stop_regularized_2x2_glob_static,second | sharp,0.07002777777777777,0.07002777777777777,False,False,5
second,sharp,13,FC,0.01984126984126984,0.00992063492063492,0.03373015873015873,504,0.06281349206349206,0.037698412698412696,0.08928571428571429,principled_salience_stop_regularized_2x2_glob_static,second | sharp,0.04297222222222222,0.04297222222222222,False,False,6
second,sharp,6,CD,0.0,0.0,0.0,504,0.029206349206349205,0.011904761904761904,0.057539682539682536,principled_salience_stop_regularized_2x2_glob_static,second | sharp,0.029206349206349205,0.029206349206349205,False,False,7
second,sharp,12,FDC,0.0,0.0,0.0,504,0.028757936507936507,0.011904761904761904,0.06056547619047614,principled_salience_stop_regularized_2x2_glob_static,second | sharp,0.028757936507936507,0.028757936507936507,False,False,8
second,sharp,7,CDF,0.003968253968253968,0.0,0.00992063492063492,504,0.032706349206349204,0.015873015873015872,0.06254960317460313,principled_salience_stop_regularized_2x2_glob_static,second | sharp,0.028738095238095236,0.028738095238095236,False,False,9
second,sharp,3,DF,0.0,0.0,0.0,504,0.02858892387950504,0.007936507936507936,0.07341269841269842,principled_salience_stop_regularized_2x2_glob_static,second | sharp,0.02858892387950504,0.02858892387950504,False,False,10
both,blurred,5,C,0.0088339222614841,0.0017667844522968198,0.0176678445229682,566,0.2441519434628975,0.2049469964664311,0.2862190812720848,principled_salience_stop_regularized_2x2_inc_rec,both | blurred,0.2353180212014134,0.2353180212014134,False,False,1
both,blurred,8,CF,0.2703180212014134,0.2332155477031802,0.30565371024734983,566,0.11880918727915195,0.09363957597173145,0.14664310954063603,principled_salience_stop_regularized_2x2_inc_rec,both | blurred,-0.15150883392226144,0.15150883392226144,False,False,2
both,blurred,2,DCF,0.30918727915194344,0.2703180212014134,0.3480565371024735,566,0.15998233215547703,0.12897526501766785,0.19174028268551233,principled_salience_stop_regularized_2x2_inc_rec,both | blurred,-0.14920494699646641,0.14920494699646641,False,False,3
both,blurred,1,DC,0.06890459363957598,0.04946996466431095,0.09010600706713781,566,0.1900035335689046,0.15547703180212014,0.22084805653710246,principled_salience_stop_regularized_2x2_inc_rec,both | blurred,0.12109893992932862,0.12109893992932862,False,False,4
both,blurred,10,F,0.1166077738515901,0.09010600706713781,0.14487632508833923,566,0.03914487632508834,0.02380742049469965,0.054770318021201414,principled_salience_stop_regularized_2x2_inc_rec,both | blurred,-0.07746289752650176,0.07746289752650176,False,False,5
both,blurred,3,DF,0.08480565371024736,0.061837455830388695,0.10777385159010601,566,0.03571024734982332,0.02120141342756184,0.053003533568904596,principled_salience_stop_regularized_2x2_inc_rec,both | blurred,-0.04909540636042404,0.04909540636042404,False,False,6
both,blurred,0,D,0.0,0.0,0.0,566,0.03925088339222615,0.024734982332155476,0.05569787985865721,principled_salience_stop_regularized_2x2_inc_rec,both | blurred,0.03925088339222615,0.03925088339222615,False,False,7
both,blurred,9,CFD,0.0035335689045936395,0.0,0.0088339222614841,566,0.03103886925795053,0.019434628975265017,0.044169611307420496,principled_salience_stop_regularized_2x2_inc_rec,both | blurred,0.02750530035335689,0.02750530035335689,False,False,8
both,blurred,7,CDF,0.05123674911660778,0.03356890459363958,0.0706713780918728,566,0.07390812720848057,0.05123674911660778,0.09717314487632508,principled_salience_stop_regularized_2x2_inc_rec,both | blurred,0.022671378091872793,0.022671378091872793,True,False,9
both,blurred,13,FC,0.04063604240282685,0.024734982332155476,0.05653710247349823,566,0.02274204946996466,0.01060070671378092,0.0353356890459364,principled_salience_stop_regularized_2x2_inc_rec,both | blurred,-0.01789399293286219,0.01789399293286219,False,False,10
both,sharp,5,C,0.0,0.0,0.0,503,0.19031013916500994,0.15705765407554673,0.2286282306163022,principled_salience_stop_regularized_2x2_inc_rec,both | sharp,0.19031013916500994,0.19031013916500994,False,False,1
both,sharp,8,CF,0.20278330019880716,0.16898608349900596,0.24055666003976142,503,0.07402783300198808,0.05168986083499006,0.10044731610337967,principled_salience_stop_regularized_2x2_inc_rec,both | sharp,-0.12875546719681907,0.12875546719681907,False,False,2
both,sharp,2,DCF,0.3121272365805169,0.27236580516898606,0.3518886679920477,503,0.21117296222664014,0.1709741550695825,0.2504970178926441,principled_salience_stop_regularized_2x2_inc_rec,both | sharp,-0.10095427435387674,0.10095427435387674,False,False,3
both,sharp,3,DF,0.1073558648111332,0.08151093439363817,0.13518886679920478,503,0.04531212723658051,0.027833001988071572,0.06466202783300194,principled_salience_stop_regularized_2x2_inc_rec,both | sharp,-0.062043737574552685,0.062043737574552685,False,False,4
both,sharp,10,F,0.08349900596421471,0.061630218687872766,0.1073558648111332,503,0.03201590457256462,0.017892644135188866,0.04771371769383698,principled_salience_stop_regularized_2x2_inc_rec,both | sharp,-0.05148310139165009,0.05148310139165009,False,False,5
both,sharp,0,D,0.0,0.0,0.0,503,0.04909741550695825,0.03180914512922465,0.06759443339960239,principled_salience_stop_regularized_2x2_inc_rec,both | sharp,0.04909741550695825,0.04909741550695825,False,False,6
both,sharp,1,DC,0.19681908548707752,0.1610337972166998,0.23260437375745527,503,0.2407196819085487,0.2017395626242545,0.2823061630218688,principled_salience_stop_regularized_2x2_inc_rec,both | sharp,0.04390059642147118,0.04390059642147118,False,False,7
both,sharp,7,CDF,0.027833001988071572,0.013916500994035786,0.0437375745526839,503,0.06989662027833002,0.04970178926441352,0.09145129224652088,principled_salience_stop_regularized_2x2_inc_rec,both | sharp,0.042063618290258446,0.042063618290258446,False,False,8
both,sharp,9,CFD,0.003976143141153081,0.0,0.009940357852882704,503,0.020059642147117293,0.008896620278330023,0.03180914512922465,principled_salience_stop_regularized_2x2_inc_rec,both | sharp,0.016083499005964213,0.016083499005964213,False,False,9
both,sharp,12,FDC,0.0,0.0,0.0,503,0.00471599625988362,0.0019880715705765406,0.010089463220675922,principled_salience_stop_regularized_2x2_inc_rec,both | sharp,0.00471599625988362,0.00471599625988362,False,False,10
first,blurred,3,DF,0.36462093862815886,0.3266696750902527,0.4043321299638989,554,0.12286281588447653,0.09205776173285199,0.15257220216606493,principled_salience_stop_regularized_2x2_inc_rec,first | blurred,-0.24175812274368233,0.24175812274368233,False,False,1
first,blurred,1,DC,0.04332129963898917,0.02707581227436823,0.05956678700361011,554,0.24172563176895306,0.2075812274368231,0.27892599277978336,principled_salience_stop_regularized_2x2_inc_rec,first | blurred,0.1984043321299639,0.1984043321299639,False,False,2
first,blurred,5,C,0.005415162454873646,0.0,0.01263537906137184,554,0.09388808664259927,0.0703971119133574,0.11913357400722022,principled_salience_stop_regularized_2x2_inc_rec,first | blurred,0.08847292418772564,0.08847292418772564,False,False,3
first,blurred,2,DCF,0.2996389891696751,0.26173285198555957,0.33578519855595645,554,0.23873646209386282,0.19941335740072202,0.27256317689530685,principled_salience_stop_regularized_2x2_inc_rec,first | blurred,-0.06090252707581226,0.06090252707581226,False,False,4
first,blurred,8,CF,0.08664259927797834,0.06498194945848375,0.11191335740072202,554,0.04447653429602888,0.02707581227436823,0.06498194945848375,principled_salience_stop_regularized_2x2_inc_rec,first | blurred,-0.042166064981949455,0.042166064981949455,False,False,5
first,blurred,4,DFC,0.032490974729241874,0.018050541516245487,0.04693140794223827,554,0.07168953068592057,0.05054151624548736,0.09386281588447654,principled_salience_stop_regularized_2x2_inc_rec,first | blurred,0.0391985559566787,0.0391985559566787,False,False,6
first,blurred,9,CFD,0.0,0.0,0.0,554,0.011768953068592058,0.0036101083032490976,0.021660649819494584,principled_salience_stop_regularized_2x2_inc_rec,first | blurred,0.011768953068592058,0.011768953068592058,False,False,7
first,blurred,6,CD,0.0018050541516245488,0.0,0.005415162454873646,554,0.008168697199408855,0.0018050541516245488,0.016245487364620937,principled_salience_stop_regularized_2x2_inc_rec,first | blurred,0.0063636430477843065,0.0063636430477843065,True,False,8
first,blurred,12,FDC,0.0036101083032490976,0.0,0.009025270758122744,554,0.009360079189472459,0.0036101083032490976,0.018050541516245487,principled_salience_stop_regularized_2x2_inc_rec,first | blurred,0.005749970886223361,0.005749970886223361,True,False,9
first,blurred,11,FD,0.009025270758122744,0.0018050541516245488,0.018050541516245487,554,0.003308427943646109,0.0018050541516245488,0.009025270758122744,principled_salience_stop_regularized_2x2_inc_rec,first | blurred,-0.005716842814476635,0.005716842814476635,True,True,10
first,sharp,1,DC,0.045816733067729085,0.027888446215139442,0.06573705179282868,502,0.27282868525896414,0.2349601593625498,0.3147410358565737,principled_salience_stop_regularized_2x2_inc_rec,first | sharp,0.22701195219123504,0.22701195219123504,False,False,1
first,sharp,0,D,0.2689243027888446,0.2290836653386454,0.30876494023904383,502,0.06903585657370517,0.04780876494023904,0.09163346613545817,principled_salience_stop_regularized_2x2_inc_rec,first | sharp,-0.19988844621513943,0.19988844621513943,False,False,2
first,sharp,3,DF,0.23107569721115537,0.19516932270916335,0.2689243027888446,502,0.13604780876494024,0.10557768924302789,0.16533864541832669,principled_salience_stop_regularized_2x2_inc_rec,first | sharp,-0.09502788844621513,0.09502788844621513,False,False,3
first,sharp,2,DCF,0.2051792828685259,0.17131474103585656,0.24108565737051765,502,0.29330677290836654,0.2549800796812749,0.33067729083665337,principled_salience_stop_regularized_2x2_inc_rec,first | sharp,0.08812749003984063,0.08812749003984063,False,False,4
first,sharp,10,F,0.10159362549800798,0.07569721115537849,0.1294820717131474,502,0.021896414342629483,0.0099601593625498,0.03386454183266932,principled_salience_stop_regularized_2x2_inc_rec,first | sharp,-0.07969721115537849,0.07969721115537849,False,False,5
first,sharp,8,CF,0.09362549800796813,0.06772908366533864,0.1195717131474101,502,0.018215139442231076,0.00796812749003984,0.029880478087649404,principled_salience_stop_regularized_2x2_inc_rec,first | sharp,-0.07541035856573705,0.07541035856573705,False,False,6
first,sharp,4,DFC,0.021912350597609563,0.0099601593625498,0.03386454183266932,502,0.08043426294820717,0.05672310756972112,0.10463147410358561,principled_salience_stop_regularized_2x2_inc_rec,first | sharp,0.05852191235059761,0.05852191235059761,False,False,7
first,sharp,5,C,0.0,0.0,0.0,502,0.05199203187250996,0.03187250996015936,0.07569721115537849,principled_salience_stop_regularized_2x2_inc_rec,first | sharp,0.05199203187250996,0.05199203187250996,False,False,8
first,sharp,7,CDF,0.017928286852589643,0.00796812749003984,0.029880478087649404,502,0.027721115537848607,0.01593625498007968,0.04183266932270916,principled_salience_stop_regularized_2x2_inc_rec,first | sharp,0.009792828685258964,0.009792828685258964,True,True,9
first,sharp,12,FDC,0.0,0.0,0.0,502,0.007002916170370067,0.00199203187250996,0.013944223107569721,principled_salience_stop_regularized_2x2_inc_rec,first | sharp,0.007002916170370067,0.007002916170370067,False,False,10
second,blurred,5,C,0.6278659611992945,0.5890652557319224,0.6684303350970018,567,0.39135802469135805,0.34828042328042325,0.4444444444444444,principled_salience_stop_regularized_2x2_inc_rec,second | blurred,-0.23650793650793644,0.23650793650793644,False,False,1
second,blurred,1,DC,0.0,0.0,0.0,567,0.09578483245149912,0.07138447971781305,0.12345679012345678,principled_salience_stop_regularized_2x2_inc_rec,second | blurred,0.09578483245149912,0.09578483245149912,False,False,2
second,blurred,7,CDF,0.005291005291005291,0.0,0.012345679012345678,567,0.08185890652557319,0.0582010582010582,0.1067460317460317,principled_salience_stop_regularized_2x2_inc_rec,second | blurred,0.0765679012345679,0.0765679012345679,False,False,3
second,blurred,8,CF,0.26278659611992944,0.2257495590828924,0.2980599647266314,567,0.20472310405643737,0.1693121693121693,0.24078483245149906,principled_salience_stop_regularized_2x2_inc_rec,second | blurred,-0.05806349206349207,0.05806349206349207,False,False,4
second,blurred,9,CFD,0.0,0.0,0.0,567,0.054395061728395054,0.037037037037037035,0.07407407407407407,principled_salience_stop_regularized_2x2_inc_rec,second | blurred,0.054395061728395054,0.054395061728395054,False,False,5
second,blurred,2,DCF,0.026455026455026454,0.014109347442680775,0.04056437389770723,567,0.07194708994708995,0.05114638447971781,0.09523809523809523,principled_salience_stop_regularized_2x2_inc_rec,second | blurred,0.0454920634920635,0.0454920634920635,False,False,6
second,blurred,0,D,0.0,0.0,0.0,567,0.018645502645502646,0.008818342151675485,0.029982363315696647,principled_salience_stop_regularized_2x2_inc_rec,second | blurred,0.018645502645502646,0.018645502645502646,False,False,7
second,blurred,6,CD,0.0,0.0,0.0,567,0.017544973544973544,0.007054673721340388,0.02821869488536155,principled_salience_stop_regularized_2x2_inc_rec,second | blurred,0.017544973544973544,0.017544973544973544,False,False,8
second,blurred,10,F,0.04409171075837742,0.02821869488536155,0.06172839506172839,567,0.02730511463844797,0.014947089947089948,0.04056437389770723,principled_salience_stop_regularized_2x2_inc_rec,second | blurred,-0.016786596119929453,0.016786596119929453,False,False,9
second,blurred,3,DF,0.0,0.0,0.0,567,0.009299986542289085,0.001763668430335097,0.01763668430335097,principled_salience_stop_regularized_2x2_inc_rec,second | blurred,0.009299986542289085,0.009299986542289085,False,False,10
second,sharp,5,C,0.7162698412698413,0.6765873015873016,0.7559523809523809,504,0.3586666666666667,0.31746031746031744,0.40476190476190477,principled_salience_stop_regularized_2x2_inc_rec,second | sharp,-0.3576031746031746,0.3576031746031746,False,False,1
second,sharp,1,DC,0.001984126984126984,0.0,0.005952380952380952,504,0.13237301587301586,0.10119047619047619,0.1657242063492063,principled_salience_stop_regularized_2x2_inc_rec,second | sharp,0.1303888888888889,0.1303888888888889,False,False,2
second,sharp,2,DCF,0.001984126984126984,0.0,0.005952380952380952,504,0.1025,0.07539682539682539,0.13095238095238096,principled_salience_stop_regularized_2x2_inc_rec,second | sharp,0.100515873015873,0.100515873015873,False,False,3
second,sharp,7,CDF,0.003968253968253968,0.0,0.00992063492063492,504,0.0941626984126984,0.06944444444444445,0.12103174603174603,principled_salience_stop_regularized_2x2_inc_rec,second | sharp,0.09019444444444444,0.09019444444444444,False,False,4
second,sharp,8,CF,0.23015873015873015,0.19246031746031747,0.26587301587301587,504,0.1590238095238095,0.12896825396825398,0.1884920634920635,principled_salience_stop_regularized_2x2_inc_rec,second | sharp,-0.07113492063492063,0.07113492063492063,False,False,5
second,sharp,9,CFD,0.0,0.0,0.0,504,0.04208730158730158,0.025793650793650792,0.06056547619047614,principled_salience_stop_regularized_2x2_inc_rec,second | sharp,0.04208730158730158,0.04208730158730158,False,False,6
second,sharp,0,D,0.0,0.0,0.0,504,0.02528174603174603,0.013888888888888888,0.041666666666666664,principled_salience_stop_regularized_2x2_inc_rec,second | sharp,0.02528174603174603,0.02528174603174603,False,False,7
second,sharp,6,CD,0.0,0.0,0.0,504,0.01979365079365079,0.007936507936507936,0.032787698412698366,principled_salience_stop_regularized_2x2_inc_rec,second | sharp,0.01979365079365079,0.01979365079365079,False,False,8
second,sharp,3,DF,0.0,0.0,0.0,504,0.013037980723351463,0.003968253968253968,0.023809523809523808,principled_salience_stop_regularized_2x2_inc_rec,second | sharp,0.013037980723351463,0.013037980723351463,False,False,9
second,sharp,10,F,0.01984126984126984,0.00992063492063492,0.031746031746031744,504,0.024896825396825396,0.011904761904761904,0.041666666666666664,principled_salience_stop_regularized_2x2_inc_rec,second | sharp,0.005055555555555556,0.005055555555555556,True,True,10
both,blurred,5,C,0.0088339222614841,0.0017667844522968198,0.0176678445229682,566,0.24442402826855125,0.2057862190812721,0.28091872791519434,principled_salience_stop_regularized_2x2_inc_static,both | blurred,0.23559010600706715,0.23559010600706715,False,False,1
both,blurred,8,CF,0.2703180212014134,0.2332155477031802,0.30565371024734983,566,0.11868904593639576,0.09271201413427563,0.14840989399293286,principled_salience_stop_regularized_2x2_inc_static,both | blurred,-0.15162897526501765,0.15162897526501765,False,False,2
both,blurred,2,DCF,0.30918727915194344,0.2703180212014134,0.3480565371024735,566,0.15962190812720847,0.12897526501766785,0.19081272084805653,principled_salience_stop_regularized_2x2_inc_static,both | blurred,-0.14956537102473497,0.14956537102473497,False,False,3
both,blurred,1,DC,0.06890459363957598,0.04946996466431095,0.09010600706713781,566,0.19056537102473498,0.15547703180212014,0.2226148409893993,principled_salience_stop_regularized_2x2_inc_static,both | blurred,0.121660777385159,0.121660777385159,False,False,4
both,blurred,10,F,0.1166077738515901,0.09010600706713781,0.14487632508833923,566,0.0391696113074205,0.024734982332155476,0.054770318021201414,principled_salience_stop_regularized_2x2_inc_static,both | blurred,-0.0774381625441696,0.0774381625441696,False,False,5
both,blurred,3,DF,0.08480565371024736,0.061837455830388695,0.10777385159010601,566,0.03569611307420494,0.019434628975265017,0.053003533568904596,principled_salience_stop_regularized_2x2_inc_static,both | blurred,-0.04910954063604241,0.04910954063604241,False,False,6
both,blurred,0,D,0.0,0.0,0.0,566,0.03928975265017668,0.024734982332155476,0.054770318021201414,principled_salience_stop_regularized_2x2_inc_static,both | blurred,0.03928975265017668,0.03928975265017668,False,False,7
both,blurred,9,CFD,0.0035335689045936395,0.0,0.0088339222614841,566,0.031187279151943463,0.019434628975265017,0.04509717314487629,principled_salience_stop_regularized_2x2_inc_static,both | blurred,0.027653710247349823,0.027653710247349823,False,False,8
both,blurred,7,CDF,0.05123674911660778,0.03356890459363958,0.0706713780918728,566,0.07339929328621908,0.053003533568904596,0.09717314487632508,principled_salience_stop_regularized_2x2_inc_static,both | blurred,0.022162544169611303,0.022162544169611303,False,False,9
both,blurred,13,FC,0.04063604240282685,0.024734982332155476,0.05653710247349823,566,0.022731448763250884,0.01060070671378092,0.0353356890459364,principled_salience_stop_regularized_2x2_inc_static,both | blurred,-0.01790459363957597,0.01790459363957597,False,False,10
both,sharp,5,C,0.0,0.0,0.0,503,0.18930019880715704,0.15308151093439365,0.22465208747514911,principled_salience_stop_regularized_2x2_inc_static,both | sharp,0.18930019880715704,0.18930019880715704,False,False,1
both,sharp,8,CF,0.20278330019880716,0.16898608349900596,0.24055666003976142,503,0.07389264413518885,0.05168986083499006,0.09741550695825049,principled_salience_stop_regularized_2x2_inc_static,both | sharp,-0.12889065606361833,0.12889065606361833,False,False,2
both,sharp,2,DCF,0.3121272365805169,0.27236580516898606,0.3518886679920477,503,0.21173359840954273,0.17296222664015903,0.2504970178926441,principled_salience_stop_regularized_2x2_inc_static,both | sharp,-0.10039363817097416,0.10039363817097416,False,False,3
both,sharp,3,DF,0.1073558648111332,0.08151093439363817,0.13518886679920478,503,0.04573359840954274,0.027833001988071572,0.06560636182902585,principled_salience_stop_regularized_2x2_inc_static,both | sharp,-0.06162226640159046,0.06162226640159046,False,False,4
both,sharp,10,F,0.08349900596421471,0.061630218687872766,0.1073558648111332,503,0.032159045725646124,0.017892644135188866,0.04771371769383698,principled_salience_stop_regularized_2x2_inc_static,both | sharp,-0.051339960238568585,0.051339960238568585,False,False,5
both,sharp,0,D,0.0,0.0,0.0,503,0.04932405566600398,0.03180914512922465,0.06759443339960239,principled_salience_stop_regularized_2x2_inc_static,both | sharp,0.04932405566600398,0.04932405566600398,False,False,6
both,sharp,1,DC,0.19681908548707752,0.1610337972166998,0.23260437375745527,503,0.2410099403578529,0.2047713717693837,0.2803180914512923,principled_salience_stop_regularized_2x2_inc_static,both | sharp,0.04419085487077537,0.04419085487077537,False,False,7
both,sharp,7,CDF,0.027833001988071572,0.013916500994035786,0.0437375745526839,503,0.07081908548707753,0.05168986083499006,0.09343936381709742,principled_salience_stop_regularized_2x2_inc_static,both | sharp,0.04298608349900596,0.04298608349900596,False,False,8
both,sharp,9,CFD,0.003976143141153081,0.0,0.009940357852882704,503,0.019578528827037773,0.007952286282306162,0.03180914512922465,principled_salience_stop_regularized_2x2_inc_static,both | sharp,0.015602385685884693,0.015602385685884693,False,False,9
both,sharp,13,FC,0.02186878727634195,0.009940357852882704,0.03578528827037773,503,0.017153081510934393,0.005964214711729622,0.02982107355864811,principled_salience_stop_regularized_2x2_inc_static,both | sharp,-0.004715705765407557,0.004715705765407557,True,True,10
first,blurred,3,DF,0.36462093862815886,0.3266696750902527,0.4043321299638989,554,0.12451624548736462,0.09652527075812274,0.15342960288808663,principled_salience_stop_regularized_2x2_inc_static,first | blurred,-0.24010469314079425,0.24010469314079425,False,False,1
first,blurred,1,DC,0.04332129963898917,0.02707581227436823,0.05956678700361011,554,0.24168953068592058,0.2075812274368231,0.2779783393501805,principled_salience_stop_regularized_2x2_inc_static,first | blurred,0.1983682310469314,0.1983682310469314,False,False,2
first,blurred,5,C,0.005415162454873646,0.0,0.01263537906137184,554,0.09311191335740072,0.06764440433212997,0.11371841155234658,principled_salience_stop_regularized_2x2_inc_static,first | blurred,0.08769675090252708,0.08769675090252708,False,False,3
first,blurred,2,DCF,0.2996389891696751,0.26173285198555957,0.33578519855595645,554,0.23812274368231048,0.2003610108303249,0.27256317689530685,principled_salience_stop_regularized_2x2_inc_static,first | blurred,-0.06151624548736459,0.06151624548736459,False,False,4
first,blurred,8,CF,0.08664259927797834,0.06498194945848375,0.11191335740072202,554,0.04335740072202166,0.02707581227436823,0.061371841155234655,principled_salience_stop_regularized_2x2_inc_static,first | blurred,-0.043285198555956673,0.043285198555956673,False,False,5
first,blurred,4,DFC,0.032490974729241874,0.018050541516245487,0.04693140794223827,554,0.07207942238267148,0.049593862815884474,0.09566787003610108,principled_salience_stop_regularized_2x2_inc_static,first | blurred,0.03958844765342961,0.03958844765342961,False,False,6
first,blurred,9,CFD,0.0,0.0,0.0,554,0.01158634959449585,0.0036101083032490976,0.021660649819494584,principled_salience_stop_regularized_2x2_inc_static,first | blurred,0.01158634959449585,0.01158634959449585,False,False,7
first,blurred,6,CD,0.0018050541516245488,0.0,0.005415162454873646,554,0.008023685832526196,0.0018050541516245488,0.016245487364620937,principled_salience_stop_regularized_2x2_inc_static,first | blurred,0.006218631680901648,0.006218631680901648,True,False,8
first,blurred,11,FD,0.009025270758122744,0.0018050541516245488,0.018050541516245487,554,0.0030999843038769423,0.0018050541516245488,0.007220216606498195,principled_salience_stop_regularized_2x2_inc_static,first | blurred,-0.005925286454245801,0.005925286454245801,False,True,9
first,blurred,12,FDC,0.0036101083032490976,0.0,0.009025270758122744,554,0.009206865743195637,0.0018050541516245488,0.018050541516245487,principled_salience_stop_regularized_2x2_inc_static,first | blurred,0.005596757439946539,0.005596757439946539,True,False,10
first,sharp,1,DC,0.045816733067729085,0.027888446215139442,0.06573705179282868,502,0.2719721115537848,0.23306772908366533,0.31274900398406374,principled_salience_stop_regularized_2x2_inc_static,first | sharp,0.2261553784860557,0.2261553784860557,False,False,1
first,sharp,0,D,0.2689243027888446,0.2290836653386454,0.30876494023904383,502,0.06907569721115538,0.04780876494023904,0.09163346613545817,principled_salience_stop_regularized_2x2_inc_static,first | sharp,-0.19984860557768924,0.19984860557768924,False,False,2
first,sharp,3,DF,0.23107569721115537,0.19516932270916335,0.2689243027888446,502,0.1373784860557769,0.10756972111553785,0.16733067729083664,principled_salience_stop_regularized_2x2_inc_static,first | sharp,-0.09369721115537846,0.09369721115537846,False,False,3
first,sharp,2,DCF,0.2051792828685259,0.17131474103585656,0.24108565737051765,502,0.29246215139442233,0.2519422310756972,0.33067729083665337,principled_salience_stop_regularized_2x2_inc_static,first | sharp,0.08728286852589642,0.08728286852589642,False,False,4
first,sharp,10,F,0.10159362549800798,0.07569721115537849,0.1294820717131474,502,0.021685258964143427,0.0099601593625498,0.03386454183266932,principled_salience_stop_regularized_2x2_inc_static,first | sharp,-0.07990836653386454,0.07990836653386454,False,False,5
first,sharp,8,CF,0.09362549800796813,0.06772908366533864,0.1195717131474101,502,0.018231075697211156,0.00796812749003984,0.029880478087649404,principled_salience_stop_regularized_2x2_inc_static,first | sharp,-0.07539442231075696,0.07539442231075696,False,False,6
first,sharp,4,DFC,0.021912350597609563,0.0099601593625498,0.03386454183266932,502,0.08141434262948206,0.05976095617529881,0.10557768924302789,principled_salience_stop_regularized_2x2_inc_static,first | sharp,0.0595019920318725,0.0595019920318725,False,False,7
first,sharp,5,C,0.0,0.0,0.0,502,0.051709163346613546,0.03386454183266932,0.07171314741035857,principled_salience_stop_regularized_2x2_inc_static,first | sharp,0.051709163346613546,0.051709163346613546,False,False,8
first,sharp,7,CDF,0.017928286852589643,0.00796812749003984,0.029880478087649404,502,0.027780876494023905,0.013944223107569721,0.043824701195219126,principled_salience_stop_regularized_2x2_inc_static,first | sharp,0.009852589641434262,0.009852589641434262,True,True,9
first,sharp,12,FDC,0.0,0.0,0.0,502,0.007139145282225137,0.00199203187250996,0.01593625498007968,principled_salience_stop_regularized_2x2_inc_static,first | sharp,0.007139145282225137,0.007139145282225137,False,False,10
second,blurred,5,C,0.6278659611992945,0.5890652557319224,0.6684303350970018,567,0.39235626102292764,0.34828042328042325,0.4409171075837742,principled_salience_stop_regularized_2x2_inc_static,second | blurred,-0.23550970017636685,0.23550970017636685,False,False,1
second,blurred,1,DC,0.0,0.0,0.0,567,0.0953721340388007,0.07054673721340388,0.12261904761904757,principled_salience_stop_regularized_2x2_inc_static,second | blurred,0.0953721340388007,0.0953721340388007,False,False,2
second,blurred,7,CDF,0.005291005291005291,0.0,0.012345679012345678,567,0.08155202821869488,0.059964726631393295,0.10582010582010581,principled_salience_stop_regularized_2x2_inc_static,second | blurred,0.07626102292768959,0.07626102292768959,False,False,3
second,blurred,8,CF,0.26278659611992944,0.2257495590828924,0.2980599647266314,567,0.20502292768959435,0.1693121693121693,0.24162257495590828,principled_salience_stop_regularized_2x2_inc_static,second | blurred,-0.05776366843033509,0.05776366843033509,False,False,4
second,blurred,9,CFD,0.0,0.0,0.0,567,0.05428924162257496,0.03527336860670194,0.07583774250440917,principled_salience_stop_regularized_2x2_inc_static,second | blurred,0.05428924162257496,0.05428924162257496,False,False,5
second,blurred,2,DCF,0.026455026455026454,0.014109347442680775,0.04056437389770723,567,0.07153439153439153,0.05114638447971781,0.09440035273368602,principled_salience_stop_regularized_2x2_inc_static,second | blurred,0.04507936507936508,0.04507936507936508,False,False,6
second,blurred,0,D,0.0,0.0,0.0,567,0.01856084656084656,0.008818342151675485,0.029982363315696647,principled_salience_stop_regularized_2x2_inc_static,second | blurred,0.01856084656084656,0.01856084656084656,False,False,7
second,blurred,6,CD,0.0,0.0,0.0,567,0.017760141093474426,0.007054673721340388,0.029982363315696647,principled_salience_stop_regularized_2x2_inc_static,second | blurred,0.017760141093474426,0.017760141093474426,False,False,8
second,blurred,10,F,0.04409171075837742,0.02821869488536155,0.06172839506172839,567,0.027354497354497354,0.014109347442680775,0.042328042328042326,principled_salience_stop_regularized_2x2_inc_static,second | blurred,-0.01673721340388007,0.01673721340388007,False,False,9
second,blurred,3,DF,0.0,0.0,0.0,567,0.009303528045161245,0.003527336860670194,0.01763668430335097,principled_salience_stop_regularized_2x2_inc_static,second | blurred,0.009303528045161245,0.009303528045161245,False,False,10
second,sharp,5,C,0.7162698412698413,0.6765873015873016,0.7559523809523809,504,0.3594007936507937,0.3164186507936508,0.40674603174603174,principled_salience_stop_regularized_2x2_inc_static,second | sharp,-0.3568690476190476,0.3568690476190476,False,False,1
second,sharp,1,DC,0.001984126984126984,0.0,0.005952380952380952,504,0.1323968253968254,0.10119047619047619,0.16468253968253968,principled_salience_stop_regularized_2x2_inc_static,second | sharp,0.13041269841269842,0.13041269841269842,False,False,2
second,sharp,2,DCF,0.001984126984126984,0.0,0.005952380952380952,504,0.10182936507936508,0.07142857142857142,0.13095238095238096,principled_salience_stop_regularized_2x2_inc_static,second | sharp,0.0998452380952381,0.0998452380952381,False,False,3
second,sharp,7,CDF,0.003968253968253968,0.0,0.00992063492063492,504,0.09407142857142857,0.06944444444444445,0.12103174603174603,principled_salience_stop_regularized_2x2_inc_static,second | sharp,0.0901031746031746,0.0901031746031746,False,False,4
second,sharp,8,CF,0.23015873015873015,0.19246031746031747,0.26587301587301587,504,0.15902777777777777,0.12896825396825398,0.1915178571428571,principled_salience_stop_regularized_2x2_inc_static,second | sharp,-0.07113095238095238,0.07113095238095238,False,False,5
second,sharp,9,CFD,0.0,0.0,0.0,504,0.04210714285714286,0.025793650793650792,0.05952380952380952,principled_salience_stop_regularized_2x2_inc_static,second | sharp,0.04210714285714286,0.04210714285714286,False,False,6
second,sharp,0,D,0.0,0.0,0.0,504,0.025210317460317457,0.013888888888888888,0.03968253968253968,principled_salience_stop_regularized_2x2_inc_static,second | sharp,0.025210317460317457,0.025210317460317457,False,False,7
second,sharp,6,CD,0.0,0.0,0.0,504,0.020238095238095236,0.007936507936507936,0.03373015873015873,principled_salience_stop_regularized_2x2_inc_static,second | sharp,0.020238095238095236,0.020238095238095236,False,False,8
second,sharp,3,DF,0.0,0.0,0.0,504,0.012559523809523809,0.003968253968253968,0.023809523809523808,principled_salience_stop_regularized_2x2_inc_static,second | sharp,0.012559523809523809,0.012559523809523809,False,False,9
second,sharp,10,F,0.01984126984126984,0.00992063492063492,0.031746031746031744,504,0.02492857142857143,0.011904761904761904,0.03968253968253968,principled_salience_stop_regularized_2x2_inc_static,second | sharp,0.005087301587301588,0.005087301587301588,True,True,10
