bias,color_semvalue,gamma,k,sigma
10.601824,0.6817113,0.39511707,0.8733156,0.60614604
9.694563,0.8466762,3.677882,0.91477704,0.6124477
10.014284,0.9220504,8.602744,0.6701508,0.6364995
7.547077,0.6096756,2.5046363,0.43721655,0.6105297
12.830637,0.8529699,1.4604661,0.6332557,0.6269727
11.088656,0.54567724,11.276473,0.022521846,0.6509956
11.516031,0.55051255,8.855332,0.037397213,0.6474154
12.3334255,0.6862781,2.3705502,0.4775904,0.64069486
10.624587,0.5659986,0.75822616,0.7008628,0.6385844
10.569778,0.59982485,0.8547149,0.6559722,0.6357152
7.7473745,0.9100896,5.850258,0.44746187,0.60615927
9.510152,0.575127,3.0261447,0.7173098,0.63385606
7.5630326,0.88156617,3.1969736,0.34847915,0.62538975
9.882936,0.7550362,3.4835095,0.4759381,0.60346717
6.334611,0.7476959,5.34114,0.60356665,0.6377694
10.469579,0.69648683,3.353665,0.3221913,0.6334874
8.867185,0.8931838,6.1716614,0.6253631,0.6003702
7.7876663,0.60724854,4.740104,0.42117354,0.617371
7.5321302,0.8865235,1.7978892,0.4744297,0.6157775
9.517787,0.67886376,2.5665274,0.25071025,0.59819317
9.962099,0.67759633,7.3623877,0.1951978,0.586368
9.332602,0.7237994,5.572434,0.27734858,0.6061119
9.332602,0.7237994,5.572434,0.27734858,0.6061119
7.7508883,0.9799396,4.008722,0.81031144,0.6281436
9.881713,0.52278215,4.751178,0.41916862,0.62481827
9.467392,0.9734547,5.8859577,0.36123332,0.6153345
8.744247,0.5469794,3.9511292,0.254378,0.615281
8.297675,0.93292165,2.1957889,0.020714184,0.60496247
7.7690697,0.6097081,4.336628,0.038629077,0.61936504
10.2934,0.5342411,12.107467,0.080031015,0.61688185
13.222012,0.8627985,1.1311506,0.92880094,0.60770255
6.132064,0.69147116,11.669182,0.09720794,0.64917076
10.292286,0.59213245,0.86521035,0.99182653,0.6105505
10.294276,0.8335373,8.796965,0.753325,0.6320055
11.167641,0.56745034,2.5068128,0.26061115,0.62196577
6.9272537,0.92814064,6.285273,0.6441086,0.63318527
8.4740305,0.79978645,5.5240607,0.42293864,0.6216944
7.0964203,0.91585696,4.912351,0.115820065,0.64292455
8.382739,0.5730473,1.4808426,0.90039265,0.6305057
7.621887,0.71687144,5.0502267,0.29329732,0.6195132
7.7847185,0.55623,3.8338096,0.13773736,0.62346715
7.300701,0.9905552,2.7802718,0.75394243,0.63586265
11.072702,0.6431205,8.668485,0.8733587,0.61802375
9.559662,0.8592119,2.7167397,0.34964544,0.61721706
8.070649,0.6731762,2.495151,0.6326006,0.62238574
9.0948305,0.96153575,2.8255155,0.6055203,0.6074703
8.9565935,0.8108995,4.142268,0.49571094,0.6119509
11.67551,0.66794425,4.669045,0.66857177,0.63950217
6.8897457,0.8265598,0.384002,0.35343605,0.6035956
7.2922645,0.83341646,1.9147398,0.19210167,0.6145271
8.125472,0.7989905,6.6519756,0.28229716,0.594703
8.553541,0.5713166,2.6349614,0.21508643,0.63404316
7.415419,0.77962005,6.1057177,0.31529048,0.5881703
11.571591,0.7273408,4.2593045,0.6026456,0.65039444
7.3787365,0.6838521,3.5105844,0.7164007,0.6032363
9.844355,0.77686274,3.554132,0.029069047,0.6244803
7.638859,0.76312625,6.006181,0.17722829,0.62310475
8.405401,0.54469454,8.6785965,0.37888658,0.6150423
6.1324787,0.61959743,2.0390718,0.7329433,0.6256033
10.546587,0.7590223,4.4616184,0.83548784,0.6071618
7.47421,0.6289238,5.641115,0.13308397,0.6269343
7.5785418,0.760296,3.1180685,0.8526218,0.5965116
8.047001,0.8918697,0.8688871,0.47946146,0.6264491
11.027827,0.6445054,0.55666876,0.89632857,0.6056277
10.723299,0.684028,0.5197466,0.53670776,0.61722195
6.99655,0.70471555,11.828258,0.1095606,0.6237331
7.6215253,0.6472323,1.1931542,0.30700573,0.61006117
9.354571,0.8192586,1.9875927,0.79592276,0.613172
8.399544,0.57675314,5.3133025,0.7236439,0.59719414
8.090595,0.89092207,3.1935165,0.09420687,0.61756885
7.0334454,0.5570508,7.265813,0.10465292,0.61362493
7.0334454,0.5570508,7.265813,0.10465292,0.61362493
6.464972,0.65422255,6.8170805,0.52979434,0.6347965
8.411287,0.87477934,2.3773181,0.78392446,0.6336332
8.894068,0.53458697,2.2728083,0.8920384,0.640084
8.596892,0.5589822,2.8639376,0.16630885,0.6390848
7.5255213,0.64011467,5.3427076,0.19751441,0.59944975
7.3705306,0.95331764,1.160187,0.42896426,0.6362856
8.561749,0.5943004,3.9998922,0.58606046,0.6270086
8.507014,0.65991277,2.8827019,0.40430948,0.6262305
8.303792,0.83146906,4.5396447,0.62263,0.6133156
9.799123,0.7732229,4.5847697,0.07957545,0.6266249
7.207015,0.7358767,2.3250904,0.8532303,0.5965283
11.365571,0.62064743,7.573594,0.6043481,0.58448493
6.4852233,0.9143398,1.7897787,0.67191136,0.6360166
6.912237,0.9562099,3.7564228,0.73753756,0.63481224
8.627715,0.5096946,4.6999326,0.2423383,0.6375561
7.5513716,0.9115385,3.4874253,0.92011213,0.58195806
7.952686,0.5651769,6.139022,0.16038737,0.6288554
6.6107645,0.67884827,2.1897829,0.8147721,0.610414
6.856432,0.666054,1.7265954,0.6930867,0.62414527
7.814412,0.72571594,9.375687,0.3306855,0.63343745
8.505106,0.90966463,2.126762,0.50703466,0.6436404
8.286023,0.7949488,6.523006,0.8335884,0.59404075
6.9016223,0.8249842,8.001196,0.52332133,0.5897783
9.7248955,0.6424537,1.7000275,0.7130877,0.65050143
8.402967,0.677051,2.8917418,0.1374545,0.62155104
15.53915,0.5395112,5.7621355,0.060771752,0.6281432
14.220462,0.66553915,3.8411496,0.14848849,0.6520183
7.635461,0.7382485,6.023604,0.8762634,0.584348
9.937471,0.7888136,2.8859005,0.7216486,0.6039969
8.095155,0.62029886,6.271517,0.34574634,0.616445
7.6433363,0.8089312,2.7926054,0.70059484,0.6303765
6.412571,0.906235,2.059921,0.94187933,0.6430032
7.367825,0.6755397,2.50486,0.937739,0.6230995
8.825133,0.6329122,3.937736,0.13150585,0.6104126
7.1968346,0.85166,0.5718993,0.9129045,0.63120985
7.4633904,0.73088056,0.7466238,0.95904976,0.6352726
9.605895,0.7444936,7.802888,0.7363546,0.63110006
8.610975,0.73395,5.9360256,0.45236376,0.62541395
7.389861,0.5546664,5.457123,0.5485254,0.6126919
11.373974,0.9671204,4.0839806,0.12389911,0.6158118
9.550402,0.6284615,6.0190153,0.1973025,0.6051198
8.698593,0.8575504,5.5024056,0.32202268,0.59993505
8.875192,0.91215926,4.485733,0.33778933,0.60930085
5.622857,0.77855515,0.840242,0.892006,0.61101854
9.061905,0.9154177,0.38394755,0.9923936,0.59297824
9.184341,0.8000837,0.119217664,0.84277666,0.62931955
11.525198,0.6831826,0.5618879,0.09267112,0.6133686
10.92507,0.5776553,6.5269675,0.67051053,0.6354562
11.30471,0.93260276,3.4731526,0.10865543,0.6189678
6.8884296,0.6938072,3.336281,0.00946826,0.62469804
7.0792427,0.7518719,1.2492152,0.5129013,0.63847095
6.879999,0.91639876,8.596514,0.15607753,0.63633966
9.500636,0.560584,1.8558648,0.80721873,0.6324538
7.21171,0.5826319,2.1250281,0.44978827,0.6412767
7.5129094,0.5079893,0.47578138,0.3564201,0.61842126
12.022426,0.9870666,1.9871144,0.5923713,0.6391191
9.764897,0.9940809,2.5852706,0.9355363,0.6348063
7.819828,0.50017107,0.685356,0.06931804,0.6068011
9.792679,0.5007018,2.9857264,0.47028252,0.6229397
6.295809,0.543405,3.5447216,0.6588639,0.6201425
8.211468,0.66507393,3.8153923,0.22988604,0.60902745
8.130114,0.7580548,2.9580593,0.7815503,0.63628304
8.485945,0.5764312,0.84365404,0.3463624,0.61497843
9.581837,0.53347063,3.348855,0.1562562,0.6280964
12.692344,0.53891134,7.3908443,0.2558967,0.6458353
11.475977,0.8808083,2.175538,0.56473744,0.6274742
12.161585,0.9386761,3.5070188,0.88690037,0.62710404
10.311938,0.9827236,6.609945,0.15190049,0.59583133
6.7026453,0.54293764,3.4060936,0.43461147,0.64460826
5.740909,0.5210906,6.8550396,0.010294256,0.6313985
10.3549385,0.64823204,0.08653195,0.2859557,0.61569184
9.176693,0.76737314,0.07811362,0.7570361,0.61112285
7.0836363,0.6687764,2.4637403,0.9013376,0.60341513
8.742886,0.9121341,2.4320278,0.92351764,0.6285409
6.2685843,0.9573989,4.4915257,0.5064076,0.6289923
8.242917,0.9441076,1.9568968,0.403159,0.6321447
7.746663,0.85221803,11.725218,0.8783465,0.6251404
8.750155,0.7946104,4.5017266,0.3116682,0.6002916
9.127856,0.6107986,1.5397608,0.15037428,0.61842406
10.019758,0.59154207,1.8330305,0.5693617,0.6117523
9.657034,0.58187956,1.4346741,0.7116694,0.6059736
9.126109,0.9261179,10.530271,0.41992298,0.6278497
11.145701,0.82782096,4.1829386,0.36005062,0.62651986
6.4169364,0.5067853,3.7799578,0.6768494,0.6264418
8.386659,0.68059874,7.8044434,0.4468173,0.6061532
6.867854,0.8188578,6.992155,0.42833367,0.6182509
6.574297,0.88875663,5.661892,0.37680998,0.61562073
7.951973,0.7727878,0.4700682,0.56778926,0.6286264
7.597309,0.6619395,2.792956,0.42851484,0.6222169
10.136004,0.79878557,1.96859,0.7293309,0.6358489
9.032309,0.55500853,2.749056,0.3802231,0.61773586
7.485084,0.9383069,6.348487,0.6263921,0.6179871
11.199552,0.5323815,5.3226666,0.31495854,0.62103724
8.635743,0.72132885,4.3379774,0.4441747,0.63060135
7.1071386,0.8555126,2.043559,0.3718598,0.6082298
8.143338,0.6944512,2.3986053,0.5969245,0.62098044
8.110563,0.56430334,1.5463591,0.5790665,0.62010044
6.7910943,0.55343926,5.809247,0.66864896,0.6056693
12.814528,0.9458789,7.5907965,0.26779082,0.6409973
9.580188,0.9085373,2.1458964,0.06514424,0.6380749
7.3112016,0.9241667,8.964218,0.343631,0.6167245
6.8704977,0.7752681,5.2707105,0.6353356,0.61628777
9.549488,0.6968466,2.638556,0.09581826,0.63831806
7.399274,0.9076165,2.406947,0.6360616,0.6069091
7.9938436,0.78808844,6.518305,0.4051169,0.6262256
7.3683887,0.82314074,3.1103468,0.6661075,0.6201424
7.814,0.8296793,4.322793,0.63170505,0.62070084
7.3418026,0.91876554,7.2566566,0.60330755,0.6205274
13.539687,0.5292856,3.0822642,0.40299165,0.6224
9.887174,0.5639527,6.212329,0.5507306,0.6087612
9.687775,0.558544,7.454429,0.52109987,0.6019321
13.211197,0.82127297,2.199531,0.44679427,0.5895779
12.835312,0.8539665,4.262058,0.6713781,0.58955276
9.250626,0.6499487,1.8823501,0.30350453,0.61577827
9.946511,0.6939818,10.229395,0.2552337,0.6415158
8.703798,0.8193212,1.0409391,0.44616804,0.60429585
10.361274,0.8993422,1.7705599,0.18914117,0.61154443
12.0881815,0.8295555,3.791388,0.43903434,0.60724807
9.232714,0.65107405,4.8368726,0.0734109,0.60552555
7.8106365,0.5794214,3.3546708,0.14194076,0.6123047
9.716187,0.6402637,5.832831,0.839841,0.61508566
9.451094,0.7502511,6.7368536,0.6255531,0.6155299
9.18165,0.90902483,8.521494,0.10056722,0.6155885
9.18165,0.90902483,8.521494,0.10056722,0.6155885
9.426299,0.64936554,6.5105157,0.14730957,0.60994625
12.219146,0.8437656,3.2738802,0.26951683,0.62006664
7.371491,0.5452547,5.068653,0.937499,0.6222148
7.028782,0.51268214,2.6190023,0.61874795,0.6267191
10.315046,0.99456394,2.320012,0.3837949,0.6008003
8.96288,0.98769015,1.144744,0.71179086,0.60612077
8.377712,0.8844464,2.898107,0.34777954,0.60153043
8.510889,0.5948936,1.5188429,0.62816507,0.652881
5.861495,0.50743085,4.2340527,0.29310966,0.62471867
10.78994,0.7290737,0.67076755,0.214266,0.6289564
8.956756,0.68237877,9.468733,0.3339985,0.60180104
9.656426,0.7577924,5.1497874,0.4412429,0.6130049
10.141978,0.8106985,2.7505887,0.76851904,0.6239354
11.359035,0.6210224,2.1932373,0.36409557,0.5948447
12.545311,0.55363715,9.071423,0.66754055,0.6307257
7.988094,0.66920304,0.7872542,0.037126157,0.6024631
6.8490505,0.54998547,3.8641515,0.06562362,0.6164527
8.768357,0.9143075,3.7878919,0.8201098,0.60842806
7.4016275,0.9541774,7.8846254,0.27609366,0.62109524
9.622876,0.9442368,1.6192968,0.76467663,0.61806047
8.463882,0.56991,0.92436576,0.45047206,0.6655549
8.708645,0.6756773,14.357186,0.56353635,0.6622906
16.172728,0.7721621,0.42562294,0.11866517,0.60302204
16.495848,0.79499626,0.25727937,0.25778872,0.6003829
7.903252,0.69925195,0.60026217,0.5825124,0.6289327
7.7960243,0.7076558,8.773029,0.2926975,0.6112142
7.5214906,0.68485594,0.74487644,0.49497527,0.65866154
7.476942,0.8026403,12.017087,0.5729802,0.61786985
7.650334,0.8170867,12.133486,0.42602077,0.6194392
10.299518,0.71034837,0.57116145,0.74585426,0.6513174
11.047293,0.844349,3.806004,0.6397061,0.6418239
9.38685,0.7107029,2.0419352,0.61353356,0.63460267
7.624521,0.7955831,1.6990986,0.69267684,0.60903466
7.400322,0.7802423,1.3365752,0.85519665,0.60478956
9.525297,0.7300071,1.0894324,0.16027826,0.6524235
8.060974,0.86138487,3.781258,0.56916296,0.6321979
8.618223,0.8266348,4.342022,0.51362085,0.6140902
9.856388,0.72218436,3.4851723,0.5497001,0.62546515
9.218215,0.5339528,5.5629225,0.15937258,0.6266249
8.034823,0.5909965,4.91374,0.6779872,0.63133824
8.534957,0.626275,0.9235118,0.28219327,0.61769956
9.04453,0.639807,0.4391363,0.32065743,0.6312804
9.786288,0.62647814,1.0773546,0.6948362,0.6099541
11.603683,0.71363163,2.0351062,0.48371837,0.6408609
5.9377213,0.81098914,7.5993543,0.24813451,0.608467
8.40094,0.9232477,0.8117757,0.25989145,0.61260265
8.408588,0.871719,0.9189218,0.40027285,0.61434984
7.626864,0.7058455,1.6953957,0.70933646,0.5949098
8.75085,0.9582344,1.6670643,0.37453258,0.5970595
8.540855,0.8064352,1.7396427,0.6156453,0.6181377
8.720664,0.77846366,4.6701803,0.4007374,0.62809706
7.268708,0.64852995,5.3747888,0.016120365,0.63153285
7.266914,0.95134115,3.816602,0.002737356,0.6091527
7.1360807,0.9674485,1.5212188,0.0027733094,0.6151619
7.815759,0.6511594,6.012897,0.45741376,0.6077976
12.565438,0.80118644,1.8620113,0.20284,0.6167376
13.142963,0.5630392,6.4886823,0.84830225,0.63454497
11.781222,0.8630746,4.419526,0.26070824,0.60314775
9.520554,0.8003025,3.5500982,0.64530134,0.62287676
10.356828,0.78086805,4.393273,0.44837707,0.615406
7.6670303,0.7504772,4.351432,0.4149194,0.61747426
7.8384886,0.5853926,3.6560733,0.46776554,0.62674266
7.333575,0.9120945,0.82686025,0.94300294,0.62775207
13.778785,0.75654376,0.30985916,0.9093378,0.6256574
12.871098,0.7963379,0.2515567,0.9041736,0.61982006
6.582453,0.50968796,8.558002,0.052532163,0.6107148
9.322543,0.9270132,0.82177645,0.97206694,0.60269815
9.80453,0.51836807,4.222399,0.37005532,0.6224401
8.821822,0.79495424,5.8969784,0.016398186,0.64353913
8.544489,0.9779215,3.3131142,0.3645385,0.6306447
8.111256,0.55845565,6.6398535,0.64016354,0.6118205
10.596866,0.8611513,1.0874084,0.9601751,0.64345324
6.672571,0.93892634,1.3145566,0.14166938,0.64332664
9.741035,0.5147184,6.7136817,0.31263483,0.6060134
9.149518,0.8207718,1.8451107,0.46230015,0.62284964
8.562197,0.7643198,1.802321,0.6263502,0.61667156
9.954418,0.68888885,8.426397,0.31827268,0.6386655
7.3517613,0.89043766,2.3769517,0.7812032,0.6040832
9.226372,0.9886162,6.7901154,0.29076147,0.626232
6.0440555,0.91527724,3.048687,0.53145623,0.6171807
12.779758,0.5605612,5.605134,0.8130958,0.62960887
11.676891,0.5953069,6.8826556,0.76239276,0.61590356
7.3269014,0.5932754,3.2203789,0.96526784,0.6179431
7.5436664,0.5690185,3.8419898,0.8937722,0.62632173
7.577436,0.56830806,2.4938998,0.74950624,0.6148018
9.211955,0.9629017,4.3636327,0.9850699,0.59946156
7.1749496,0.91077006,7.451769,0.95953864,0.6017215
7.6215672,0.96683085,2.4920464,0.96170706,0.6064123
8.820217,0.52981424,6.623372,0.04521315,0.6194456
8.947482,0.53634876,5.3445606,0.27936396,0.6508937
6.2491994,0.9968935,1.3770059,0.1738531,0.6505354
10.80577,0.96486235,0.5078482,0.81611717,0.5899584
6.2120504,0.70546705,3.48642,0.68538475,0.63095784
5.879141,0.9004159,4.0336456,0.814831,0.6345654
9.736268,0.79220164,6.4096107,0.67567253,0.6347382
10.924525,0.5735865,3.7654161,0.40153876,0.62307864
6.3717556,0.6526968,4.260569,0.82572085,0.623237
6.8505564,0.7133777,1.5122707,0.93264186,0.6272224
10.15037,0.59387755,0.91652477,0.8085228,0.6030245
8.261929,0.85939854,0.70270526,0.2423241,0.6379082
9.760724,0.5713377,1.6227748,0.5516986,0.6359913
14.15814,0.9022653,4.6321197,0.38181666,0.6370461
13.130347,0.68424964,3.8218246,0.72083414,0.59381455
12.768766,0.9342103,5.5459185,0.3100972,0.62394
13.135671,0.7723764,6.1251993,0.6287429,0.62128556
13.742178,0.676365,5.8914785,0.9754578,0.6185343
6.2190742,0.8387995,0.8730947,0.03039171,0.6275215
6.1761966,0.71790457,1.5511638,0.028931499,0.62394345
8.758838,0.9411918,2.4593556,0.55586964,0.6299374
7.789425,0.9740227,3.305526,0.30249527,0.63524085
6.697846,0.75063574,8.641409,0.60334307,0.6300279
11.094213,0.9442346,2.7451906,0.91725874,0.64064896
7.39705,0.79453254,1.1072137,0.47985807,0.6067685
7.261809,0.6131062,0.4286743,0.022662196,0.6201187
7.265079,0.5152848,0.16984966,0.10670152,0.61089396
8.210934,0.50063115,1.2177311,0.658452,0.6086135
6.4366207,0.5004563,1.424289,0.21146157,0.6048957
9.388786,0.5030665,6.897145,0.7078516,0.5980291
10.464832,0.652494,2.4333258,0.6359412,0.6101463
13.031854,0.93155885,5.7593784,0.69411415,0.6400455
13.031854,0.93155885,5.7593784,0.69411415,0.6400455
6.419971,0.61029494,2.953524,0.3232185,0.595458
10.398866,0.5038903,6.2486353,0.8091625,0.5944095
9.589082,0.76506424,3.669821,0.8528792,0.6191007
10.439488,0.75085044,5.7297335,0.042154737,0.61383677
7.769938,0.95858634,1.5436912,0.17076032,0.6180403
9.77816,0.71695304,2.7753956,0.5763853,0.6311224
9.837661,0.6230907,3.8273015,0.7875262,0.6273873
7.499591,0.9613786,1.4522846,0.6992896,0.61659276
10.17835,0.5360334,4.5019794,0.39672384,0.62045574
10.17835,0.5360334,4.5019794,0.39672384,0.62045574
8.452154,0.96312845,4.554988,0.31838542,0.6123852
9.718848,0.56754553,5.9927626,0.6487906,0.62381506
11.056558,0.72735393,5.6101055,0.6190463,0.6119514
11.870261,0.7363527,9.694572,0.3817396,0.61092323
10.459734,0.7223624,2.4039118,0.6989982,0.6479705
7.569574,0.6740944,1.5058469,0.83066165,0.6482097
7.569574,0.6740944,1.5058469,0.83066165,0.6482097
9.16238,0.82759535,2.5160065,0.51511127,0.64904267
11.171987,0.9393191,2.0729382,0.26761112,0.64192736
7.7351522,0.5434081,5.0570445,0.65317285,0.5916262
7.6764812,0.74029154,3.651828,0.022858704,0.6229462
7.594386,0.9174936,2.3015568,0.79348826,0.60958385
6.4716935,0.7176346,8.182682,0.05240891,0.61392695
6.8733544,0.58842635,2.7618973,0.1328497,0.6253715
6.485896,0.6189825,0.85235035,0.0860819,0.6175801
7.6594353,0.93263805,3.4522438,0.0043871077,0.62773854
11.18679,0.6103244,2.8176088,0.096655466,0.6108295
11.061483,0.6171308,2.4634566,0.1989096,0.60820264
9.248065,0.50986254,4.7519145,0.7761416,0.6283035
11.148205,0.67404985,7.2650886,0.9485251,0.6389545
11.148205,0.67404985,7.2650886,0.9485251,0.6389545
9.419977,0.8519146,3.1774554,0.74450547,0.6114001
9.296913,0.6787653,2.105681,0.64562595,0.6075926
8.210518,0.8521731,1.4587178,0.5382445,0.62824273
7.6687217,0.8705425,1.3456705,0.5986597,0.6549592
8.675212,0.6470578,3.3333802,0.93684775,0.5971013
8.394018,0.72326374,4.403196,0.9159976,0.59438336
7.9338117,0.74194825,4.752864,0.8384421,0.58906007
10.460377,0.7478411,5.317721,0.42972514,0.6461074
9.913471,0.79470545,14.016644,0.47323334,0.64421713
9.913471,0.79470545,14.016644,0.47323334,0.64421713
9.521417,0.6287113,1.4918889,0.563302,0.6462791
10.787488,0.72647285,1.2847731,0.9229982,0.640838
9.488552,0.7206285,3.3581994,0.82146424,0.6368542
9.581594,0.80603874,3.0809762,0.8160897,0.6363048
7.0295005,0.8716575,6.5924625,0.8453079,0.6038219
6.710884,0.9135412,2.7079496,0.6802579,0.6139634
9.204779,0.84183323,7.1828756,0.88078237,0.60644335
10.86318,0.6252954,1.6138105,0.19351754,0.6087114
8.2258625,0.91991556,1.6275859,0.6579942,0.6166797
7.723611,0.6960891,7.4746695,0.44870666,0.61396265
8.084627,0.77036417,8.645807,0.32178086,0.6072544
9.144206,0.9462606,1.2305732,0.7091001,0.6082494
8.192142,0.6467606,3.4307182,0.46624443,0.63783574
8.709354,0.71636486,4.3207674,0.50973344,0.602531
10.101726,0.7622223,6.610411,0.3805109,0.64379114
7.520359,0.5453057,4.397042,0.490349,0.6235228
8.220335,0.52130944,2.186165,0.22573636,0.63057685
5.7793827,0.9023067,2.565957,0.6195622,0.62251705
10.58729,0.6521312,0.56055015,0.9858009,0.63191533
7.5379295,0.52403,0.67364174,0.9134207,0.62640095
8.415007,0.52410114,10.991472,0.08184904,0.62419444
8.237667,0.60569036,4.187647,0.35109454,0.61759853
11.433834,0.695592,1.947592,0.31518874,0.63410467
11.147022,0.68410385,3.9746325,0.4340578,0.6353529
10.604438,0.5318057,5.855944,0.36294782,0.5985368
8.429876,0.6238595,3.5714095,0.35387138,0.60529995
6.6808476,0.5673371,7.583655,0.23290354,0.607633
8.554297,0.98683256,0.6930435,0.78299785,0.617431
8.833591,0.99655056,0.64396954,0.71249473,0.59523726
8.250412,0.53524214,7.2132506,0.72546303,0.632334
7.446924,0.95553267,2.0134845,0.13321625,0.6155327
7.8365808,0.94957876,0.9415011,0.7756228,0.6415132
8.88136,0.987845,3.0735154,0.042683885,0.63270867
9.706254,0.9937488,1.4663919,0.010060818,0.62652194
8.503105,0.5176754,1.4309208,0.72645396,0.6178589
7.474775,0.5443995,6.0086093,0.18765682,0.5970606
8.363291,0.5183179,3.606576,0.13431847,0.60282475
10.045588,0.9701338,0.573287,0.7153021,0.63930374
9.876936,0.96431553,1.1677654,0.57332975,0.6271492
8.403894,0.5509947,3.3000612,0.22297539,0.5899608
6.911066,0.5512081,4.246804,0.8665057,0.6055037
7.7066326,0.6169007,3.868313,0.7636144,0.60282314
8.280073,0.84511095,4.025701,0.8170469,0.6068083
7.5776167,0.79272276,7.6971135,0.1803421,0.6050174
11.000444,0.8509579,3.1398838,0.48901305,0.5955968
10.355425,0.5435955,3.9718413,0.37757286,0.64905274
9.436879,0.53750414,3.5046859,0.33053896,0.65416455
12.95326,0.9183608,7.244004,0.12337683,0.6171654
10.019901,0.8619294,4.892528,0.16036019,0.62611735
8.144322,0.6104487,1.7916776,0.74364305,0.6292566
8.006027,0.5902726,1.4921594,0.7393656,0.63248515
8.275666,0.52705103,0.7834561,0.5116335,0.64790183
6.735311,0.82761955,2.3727512,0.3291259,0.6009678
13.221097,0.8157177,4.148781,0.4886001,0.64187264
14.812081,0.5970221,11.262999,0.6799155,0.635146
14.914497,0.61178267,3.8724313,0.58480275,0.65438485
5.9484663,0.9356593,2.9170487,0.642143,0.60234964
7.443152,0.60476655,8.075669,0.28673813,0.61890876
6.941353,0.83360016,6.8376393,0.104399495,0.62571615
6.8336515,0.63112843,5.1000223,0.12450099,0.6293655
9.84109,0.6057168,4.5058446,0.8665623,0.62647015
6.805895,0.7035816,0.495713,0.36923394,0.6029135
7.7708573,0.90425944,2.0628626,0.97428936,0.607522
7.4512396,0.7656392,1.5946059,0.9749757,0.61220497
8.425871,0.77113724,7.882069,0.41565904,0.619521
8.213201,0.6617743,11.863417,0.45839518,0.621527
7.6718597,0.88463765,4.2136893,0.6437639,0.62867135
6.8786354,0.5097622,4.5268993,0.2065043,0.6227842
8.997059,0.5049188,6.9040127,0.31888866,0.61301464
7.684771,0.5707865,2.8727298,0.73641235,0.61822027
8.83356,0.71736056,4.558451,0.88094586,0.62129086
7.4472756,0.6507182,5.170718,0.050222415,0.63592577
9.059069,0.8509719,4.0314674,0.9399445,0.6056499
11.183873,0.69484615,0.71803296,0.055114374,0.6306793
8.900837,0.5218679,1.139385,0.9917224,0.6187984
8.976421,0.59604365,7.515568,0.21229029,0.61470205
9.106379,0.5954842,7.0067096,0.20986706,0.62130207
8.002417,0.6681942,4.6336265,0.3194594,0.6360581
15.554893,0.61833435,3.9165092,0.27308786,0.6151991
8.845712,0.9137211,5.8500767,0.65260583,0.605628
6.4231133,0.5578521,1.7206873,0.47953153,0.63384724
7.774632,0.79989475,1.907964,0.60783654,0.6165785
9.171846,0.7655492,3.0855317,0.19267991,0.6072326
7.8250895,0.7734431,3.762012,0.08984261,0.61348474
7.4357753,0.52498025,4.8185244,0.065557644,0.5973703
7.8155746,0.5157811,10.298099,0.09989042,0.5891745
11.897104,0.9350562,2.3579352,0.39525983,0.6167466
15.789118,0.93897194,1.8058743,0.36802927,0.6121688
13.075135,0.8702371,0.6434961,0.8996263,0.6234041
13.401095,0.8786779,1.7093173,0.9310132,0.625471
11.09212,0.5194229,7.6875935,0.2494748,0.61951387
9.797518,0.98262024,0.60153246,0.860938,0.62085736
9.496107,0.9649798,0.5754572,0.4505276,0.6014215
6.825178,0.9860571,1.7012863,0.17404899,0.5961159
8.935712,0.998185,1.0614531,0.35504198,0.6128177
6.844969,0.9808756,7.214723,0.3796578,0.59386396
6.844969,0.9808756,7.214723,0.3796578,0.59386396
6.844969,0.9808756,7.214723,0.3796578,0.59386396
6.777364,0.972775,3.2504754,0.6732246,0.607183
7.5620666,0.7805495,4.1861157,0.92877525,0.6184084
9.965161,0.70532995,1.3297198,0.0273992,0.6099258
10.037442,0.8578734,6.2331357,0.32889137,0.5983099
10.231805,0.66439366,3.9309485,0.83515275,0.6333488
7.472296,0.8697823,3.386302,0.0724985,0.60601866
7.7372828,0.92189133,5.527818,0.23257743,0.61001796
10.00073,0.6264583,2.585351,0.77962357,0.616427
9.588316,0.85216445,1.2365305,0.4700824,0.6132651
12.147825,0.6268523,3.574464,0.2869736,0.6024435
9.424457,0.72779113,3.6804771,0.78589314,0.6232147
7.3951874,0.7827121,5.239731,0.81492466,0.6369692
9.542183,0.6331728,3.7235556,0.26551837,0.616118
11.541941,0.56543493,4.349125,0.23419195,0.6181419
10.019169,0.794186,5.8910937,0.30138692,0.62302625
12.093651,0.73041785,1.3085297,0.75140464,0.6223179
8.288266,0.8371581,9.388571,0.21935803,0.6269582
8.678619,0.74088,0.97667253,0.89112824,0.619992
7.2788696,0.71614724,6.969477,0.36083326,0.6206748
7.05179,0.76642793,2.7236202,0.4516048,0.6304985
6.2354174,0.73832273,5.7740345,0.379737,0.62607133
11.342186,0.7308148,4.872119,0.5597668,0.62415284
7.8892736,0.93701625,0.59199536,0.4849154,0.60993713
8.820781,0.9751581,1.4399735,0.38446584,0.60849935
7.569505,0.52001697,7.1497507,0.6447276,0.62083095
10.338919,0.63515013,1.8659401,0.03255679,0.6363357
9.2380295,0.62522304,1.329855,0.05457575,0.6445956
9.507651,0.7376659,8.224556,0.6265948,0.63642085
10.675225,0.62796557,1.4994395,0.31337002,0.63707906
8.826431,0.8005848,2.295972,0.25367495,0.6098152
8.167339,0.70347404,2.7928782,0.64274126,0.6127587
7.066585,0.8654406,7.3233128,0.9179521,0.6080904
9.376668,0.9315661,1.1026769,0.058458384,0.6215817
10.757015,0.59458864,0.72702503,0.94751745,0.6195148
6.779351,0.84835744,6.698457,0.048843056,0.6157363
9.036583,0.79226846,1.2755216,0.70204043,0.60769564
10.01078,0.82837784,8.150876,0.2866339,0.6040133
8.972106,0.6443477,0.5314385,0.6517146,0.61096364
9.959074,0.72394717,1.8534268,0.3806973,0.625188
16.120739,0.67122126,3.13622,0.23065673,0.6421589
13.944958,0.8535293,7.852188,0.37338302,0.63015735
13.944958,0.8535293,7.852188,0.37338302,0.63015735
15.157571,0.90108144,5.2922354,0.306454,0.6161711
10.85341,0.70710486,0.71495116,0.4777215,0.6286067
10.430445,0.78015715,1.8831594,0.4333441,0.62712216
10.120936,0.89741385,0.947174,0.16929005,0.632985
9.339571,0.9602302,0.9082433,0.0426471,0.6070298
8.759985,0.9931152,1.0594847,0.107110694,0.6197736
9.085061,0.500878,6.1435704,0.9136831,0.6211816
7.902728,0.87690103,2.6360135,0.18562444,0.61129266
9.31039,0.5690074,6.691373,0.860294,0.6155946
8.208614,0.8168132,1.4856018,0.10258663,0.6094924
8.67702,0.6975101,5.3863997,0.8104744,0.6355831
7.935274,0.98916435,4.600716,0.6444264,0.6598749
6.4415026,0.9558785,6.258849,0.63162214,0.68168443
7.9775023,0.5313368,3.8951726,0.60480756,0.6229682
14.715571,0.76112795,6.452869,0.4015331,0.6361358
10.871058,0.7119889,2.8443027,0.5744584,0.62055546
7.40478,0.66567016,3.775017,0.15166512,0.6388057
7.841057,0.8344318,3.7306788,0.96495104,0.6157861
9.370031,0.59861076,2.831245,0.070229895,0.61519325
17.758045,0.81234825,4.5674,0.79551107,0.62383413
12.722316,0.87896657,4.693986,0.4525965,0.6390706
8.890173,0.73441124,5.5483932,0.40118894,0.634503
8.167184,0.628703,6.7725782,0.31171137,0.6319599
8.396286,0.65724623,3.4621534,0.14223258,0.64669406
12.472425,0.81469846,5.256888,0.48208594,0.6180873
6.604069,0.64933574,5.1668167,0.53490496,0.6175833
11.232154,0.8450751,2.3439493,0.4178421,0.6274243
7.7512746,0.950022,5.719908,0.7706828,0.6253149
7.9272943,0.69723684,5.283804,0.72301984,0.6247203
8.425415,0.76854384,8.902494,0.6790732,0.6249384
8.551965,0.7949058,7.2580605,0.8269368,0.63243806
8.335957,0.5163931,3.2710733,0.8698777,0.5850843
7.9340825,0.5113466,2.548052,0.90173906,0.5825988
7.309749,0.5062472,1.348496,0.8448518,0.5960887
7.1939955,0.57399356,1.9851214,0.77728724,0.58775973
9.566755,0.5294416,8.539799,0.23323593,0.6620041
8.791891,0.82041407,1.1525733,0.6980456,0.6523258
7.858048,0.6863975,4.5231028,0.30213937,0.5977191
5.720439,0.71142197,3.7092078,0.75026274,0.6188739
7.2985,0.6661144,1.5724646,0.8986167,0.61284745
10.3493805,0.85431755,5.1224775,0.008617487,0.6301973
15.789664,0.94702804,4.4315467,0.49853742,0.58015776
10.395225,0.639989,5.1706576,0.09205547,0.63207847
10.455552,0.59669644,6.6282196,0.08985473,0.62639236
9.219226,0.54930544,4.872842,0.107715055,0.60986435
8.916231,0.5393297,4.1797004,0.2999105,0.62146986
11.51557,0.698427,6.352687,0.4369407,0.674615
7.1523933,0.9154589,4.236418,0.6892417,0.61806715
7.547414,0.6769994,3.0625496,0.7613338,0.6155805
9.148757,0.5135197,0.45073247,0.20181118,0.6241521
6.217698,0.958881,0.95482814,0.7095189,0.628234
11.1953125,0.5643559,7.2169337,0.97377384,0.61288965
6.1894584,0.9749464,1.7205639,0.51262414,0.6288829
11.186353,0.51876515,5.465804,0.022003857,0.6210617
7.572944,0.66151327,6.2622724,0.1875545,0.65787065
7.4896364,0.8451382,3.6137743,0.8109859,0.6232024
10.418913,0.74618775,1.6683589,0.26374072,0.6188834
9.743026,0.70888567,11.00906,0.65659946,0.647579
7.6581535,0.7382773,1.396463,0.9000667,0.6175219
7.2538524,0.6122571,4.301785,0.84587616,0.63378745
11.0823345,0.6584826,4.2003756,0.3967676,0.61102396
12.938698,0.80787104,3.659355,0.5092597,0.6246667
10.669864,0.9358845,7.302991,0.96809155,0.6533829
11.925016,0.72657055,7.319916,0.880507,0.6468203
13.496519,0.8738853,5.868042,0.7587909,0.60872847
14.485797,0.85839456,5.383737,0.7318936,0.6044795
13.773264,0.7126273,5.3603253,0.5940249,0.63075054
8.428114,0.82533324,3.7118657,0.30662128,0.6012412
10.270198,0.73590195,5.3959565,0.70145434,0.6292159
12.807708,0.7302921,2.443224,0.6705652,0.64205766
11.964136,0.9173689,4.178662,0.18296437,0.6236522
10.296085,0.5878366,4.4470854,0.7978061,0.611203
10.08856,0.8770914,6.3801813,0.11516781,0.64339256
9.833069,0.86808383,5.691298,0.14980683,0.6326476
11.838392,0.7072948,4.682352,0.5465874,0.6461015
9.776596,0.7647327,6.065365,0.6624216,0.6124686
13.346756,0.69942,3.1071386,0.042182293,0.6251036
6.569575,0.820078,4.4984612,0.8757258,0.61890656
11.016283,0.6344126,3.4042811,0.16753276,0.64508504
8.687225,0.74023986,5.551016,0.041961886,0.6546155
8.884912,0.7559531,3.7581308,0.24294941,0.6420879
9.539558,0.8169445,7.1424065,0.34394714,0.63891953
6.996667,0.57641715,1.1996989,0.7653679,0.6050352
10.901699,0.9177774,2.927425,0.28739256,0.6340776
10.860395,0.6949388,7.8493037,0.05777501,0.6257124
14.830962,0.8414138,2.796297,0.22869055,0.6300829
6.662904,0.73801625,3.0578673,0.8232493,0.62103456
6.1264014,0.8208902,1.8591468,0.8488298,0.6200731
7.53892,0.930428,6.338115,0.47211844,0.62345934
7.53892,0.930428,6.338115,0.47211844,0.62345934
10.18905,0.7851356,6.185312,0.7202328,0.61856467
9.873079,0.80055106,3.4031868,0.7085096,0.6109326
6.916338,0.6843813,6.1070375,0.28463355,0.6371818
9.175986,0.7821738,1.9121364,0.77957577,0.60537577
7.7538013,0.71386176,8.053548,0.31728214,0.6326818
7.5049553,0.777194,1.1631198,0.6057407,0.61106503
8.64911,0.8826437,9.715494,0.08715431,0.6385412
8.448346,0.8199985,4.0730767,0.24297933,0.63076806
7.5765414,0.8632161,4.1807213,0.8650445,0.62452626
8.254371,0.6922191,3.5389347,0.85725814,0.6162378
7.157383,0.90655375,6.2158103,0.14637457,0.60573727
7.1310883,0.7307132,5.9051123,0.11577748,0.6109859
8.84791,0.6740178,1.8089685,0.56040424,0.64242053
10.756487,0.87542474,1.0931941,0.16318928,0.6310315
8.587528,0.94192827,0.79250616,0.8393808,0.6166347
9.23976,0.93739563,0.8928347,0.7315467,0.61453575
9.141132,0.8398695,0.6562753,0.6312584,0.6187149
10.025472,0.6125874,5.904169,0.39752457,0.610921
9.178976,0.533757,8.751661,0.8093484,0.6105538
8.835007,0.99310744,3.6961179,0.53108346,0.6364709
9.499159,0.9933021,1.8900402,0.62965506,0.63936555
12.5247555,0.872396,4.4885135,0.5630145,0.6191652
7.003168,0.5241572,2.9268599,0.6703821,0.63421357
6.775337,0.5291836,2.067181,0.75217515,0.6326287
9.758439,0.93373775,1.0480884,0.17678481,0.6098182
11.190634,0.61753774,3.5861297,0.71768355,0.615131
10.613225,0.82237256,6.26455,0.34340933,0.6128903
12.770801,0.53604376,6.377308,0.73685473,0.60472375
12.195687,0.5242908,3.4370787,0.10091985,0.62435323
8.173593,0.5994258,6.0694857,0.45582885,0.6027338
8.617451,0.9182395,1.0104886,0.54844445,0.6339009
7.1242275,0.95860934,5.5722475,0.30680573,0.6352518
8.051094,0.944785,3.7951472,0.7808512,0.6345774
9.005287,0.67945296,2.036465,0.22591396,0.62167263
6.891399,0.7218045,4.8847575,0.8166469,0.6191265
10.732318,0.79141647,4.8662405,0.23082952,0.61230874
10.087211,0.6801689,4.3160825,0.87303287,0.6129205
7.180595,0.64385146,1.6520169,0.28927958,0.60809124
9.796962,0.948333,5.358697,0.8137378,0.6120261
6.748903,0.98858315,3.2443206,0.9704716,0.6147392
8.23406,0.9959859,2.6831422,0.97845584,0.6218238
8.23406,0.9959859,2.6831422,0.97845584,0.6218238
8.403011,0.84416115,1.9382184,0.8699936,0.6061411
9.757096,0.61600137,5.726584,0.63295543,0.5927606
9.152765,0.70758057,1.1799664,0.40188256,0.59371084
13.481124,0.63016915,7.6828423,0.049398147,0.6102333
11.477745,0.84258986,3.1275074,0.886948,0.635829
7.529974,0.57058597,7.60592,0.3197222,0.61820674
6.5219073,0.8744676,2.6587398,0.4195795,0.60960066
8.004805,0.66744906,6.345348,0.7337037,0.6097653
8.140491,0.65366256,1.9064616,0.9677843,0.6207006
9.677416,0.5944223,3.3443406,0.060757007,0.6059807
6.150163,0.93414485,3.4932966,0.24411285,0.6278282
6.827642,0.93905395,2.3329074,0.35816512,0.62353575
6.339034,0.70405483,1.2945496,0.60254043,0.6138046
10.978846,0.788706,10.595476,0.99750537,0.62996745
14.985967,0.6447717,0.89492446,0.4112842,0.620813
5.65434,0.8636165,4.0106287,0.5350661,0.60474324
11.691711,0.95778024,3.3018496,0.41030422,0.6257243
12.470662,0.9097372,1.6005827,0.52737945,0.6189516
7.9484,0.68343675,9.284713,0.24455243,0.6127871
7.9769793,0.774166,4.5740294,0.14171548,0.6288032
8.113423,0.52778745,4.5195303,0.31572407,0.6235523
8.23297,0.6593037,4.0148582,0.6354451,0.61659724
7.2438803,0.8491939,6.4071717,0.57586515,0.64493704
11.740978,0.5916298,3.9283373,0.55054903,0.6017796
11.103572,0.869838,1.4367363,0.60766137,0.6370211
13.012617,0.649825,0.16006973,0.06934595,0.61967427
11.027433,0.69836307,0.2525696,0.21548228,0.617578
9.065577,0.8991575,0.8873858,0.76167566,0.6283254
12.215782,0.558013,12.014973,0.24036242,0.61666054
14.06947,0.533922,0.44958854,0.20666102,0.6228442
10.040795,0.7970122,0.16178007,0.42096683,0.6119058
8.141513,0.6930994,1.3204935,0.591486,0.64383227
9.548519,0.7590131,4.9279194,0.38365832,0.6323966
10.9095955,0.8096066,4.033609,0.27435553,0.63740385
10.503025,0.6242719,4.2185974,0.35721165,0.64715093
6.869329,0.86704737,4.460328,0.56698966,0.5950048
13.806197,0.6191603,2.4615576,0.36208007,0.6453717
6.173215,0.8821492,8.6391,0.4462297,0.63572156
6.173215,0.8821492,8.6391,0.4462297,0.63572156
11.213908,0.6254817,1.6411636,0.6429467,0.6050627
8.157562,0.6334624,2.6235735,0.15794568,0.62091196
8.545673,0.8939738,2.694273,0.05900914,0.60870266
9.911798,0.8896936,8.551515,0.8955439,0.6334599
8.298308,0.57143253,3.6441374,0.82437086,0.61219025
7.8116255,0.8790425,0.8365012,0.20459503,0.6161977
9.561636,0.54956454,5.621163,0.86365104,0.6250931
6.403375,0.8114625,4.0744276,0.8279666,0.606941
10.620376,0.8663212,4.699795,0.7555238,0.6075896
7.565814,0.5390753,1.4329665,0.7516543,0.6332146
13.548859,0.6379291,3.6267912,0.58652043,0.60638833
14.750532,0.583981,3.4151394,0.68205136,0.601947
5.8225207,0.96811736,4.5878725,0.34213662,0.6273558
6.5099998,0.9499501,2.9858994,0.47500736,0.62168336
7.3596287,0.80303514,3.213913,0.764667,0.638969
6.839323,0.62161994,1.6326383,0.7815434,0.6332729
9.894482,0.8643913,8.16389,0.19976135,0.6078805
9.370464,0.6483672,1.7876656,0.8664519,0.61779284
8.862199,0.56509846,1.209617,0.676858,0.6071653
9.938805,0.6820891,3.4772687,0.46742034,0.598963
8.479613,0.5130108,6.052084,0.60429806,0.61472094
7.872859,0.75223255,1.9537233,0.7993588,0.6059882
7.944459,0.89457315,4.9999447,0.5281139,0.6156986
6.922014,0.9950553,0.2149123,0.26465145,0.60779107
7.8898153,0.9901457,1.231126,0.25398114,0.63258743
6.973899,0.97767437,2.0705829,0.4325989,0.63104
9.413505,0.606184,3.0171475,0.059535403,0.6161216
9.425776,0.67295223,2.3710577,0.09317817,0.61386657
10.646346,0.9609226,8.355202,0.5785757,0.61849856
9.541305,0.9399147,4.8886123,0.60620177,0.6163262
9.796704,0.7720958,6.339223,0.72094667,0.6226953
9.796704,0.7720958,6.339223,0.72094667,0.6226953
10.272875,0.63416183,3.2232664,0.4057799,0.61531067
9.484678,0.8509043,4.6565456,0.5175007,0.62944937
9.822256,0.69446164,4.5785046,0.5871581,0.6167563
6.716143,0.63605255,3.6110268,0.88940203,0.6142564
10.600206,0.75923795,4.9886713,0.8071875,0.6208433
7.902414,0.97676843,1.4296227,0.33676818,0.57864386
10.656011,0.55040854,9.704023,0.8840302,0.60816467
15.676469,0.5644678,5.3399253,0.9646014,0.6254783
11.100467,0.5619395,5.091941,0.7118891,0.60057503
6.782817,0.95290595,4.5724645,0.3335092,0.6353184
7.4767227,0.9621806,3.1807532,0.23692785,0.620635
12.019488,0.52706385,4.0577,0.76653194,0.6182154
13.386843,0.5301574,3.586832,0.3325619,0.63745034
7.265192,0.98920333,2.5494561,0.8835135,0.5939662
10.257434,0.6180227,7.306739,0.81054896,0.5949677
14.239139,0.9121666,2.5460846,0.20399734,0.61694986
7.1192536,0.55215925,0.9290463,0.5482019,0.6298834
8.093298,0.8793665,0.043422,0.64119244,0.63387
7.604201,0.9219235,0.20898454,0.3278662,0.6501299
8.587842,0.5569312,2.7722569,0.1083608,0.598078
6.8412023,0.7244938,0.07412032,0.9355515,0.6445722
6.9867973,0.5417992,0.2598305,0.74730945,0.6051044
7.7454166,0.55964583,1.1509444,0.6184432,0.60201335
8.36973,0.70504063,6.0591307,0.36472434,0.6048777
7.642901,0.9142653,1.3858343,0.28565612,0.6397197
8.137626,0.7245103,8.776095,0.7727021,0.58213496
8.8426695,0.7639265,1.2619222,0.09984216,0.64143103
15.15524,0.7462325,10.109337,0.78386873,0.6022428
5.9594917,0.8859607,0.88776743,0.37718216,0.605678
6.4098854,0.82578325,0.41939119,0.24628364,0.6124541
6.7769094,0.80865705,0.5784061,0.36533064,0.6186268
6.7313323,0.78384155,1.2119141,0.45311067,0.62602687
8.057259,0.62709606,5.3294024,0.5241281,0.62537986
9.210363,0.6723686,6.397179,0.37231606,0.6280122
8.536962,0.7519257,7.642675,0.27209166,0.6208853
9.458081,0.7104119,4.4063005,0.17654312,0.635658
10.956797,0.7351688,4.4551754,0.24255005,0.592152
12.305657,0.7645679,4.140437,0.6772403,0.65360993
7.4879723,0.6512418,4.818208,0.29618165,0.58596236
8.7059,0.8218682,2.8947203,0.4961517,0.6537584
8.756677,0.92418313,2.5501087,0.6710848,0.6176984
13.424837,0.6949558,3.7980044,0.37193313,0.6035394
13.544208,0.7056904,3.4400039,0.64938337,0.59487206
12.364965,0.837096,4.8179927,0.61153066,0.636068
11.948046,0.7488459,9.829851,0.30239403,0.62676334
8.398566,0.58259976,6.0928845,0.49858958,0.5899736
8.602384,0.5729501,6.169284,0.77091837,0.59178686
8.235466,0.5352285,5.7875824,0.30014756,0.6028279
7.9916368,0.9612588,3.223767,0.6835255,0.6375693
7.362131,0.91316575,2.322073,0.7528103,0.63233864
8.06297,0.55005586,0.46034077,0.28036073,0.6251869
10.850033,0.85358196,1.0099844,0.41703478,0.6334225
9.966799,0.93676686,0.41734922,0.7360981,0.61893904
10.436368,0.68625754,0.39969143,0.9727297,0.6442163
10.307985,0.74984074,1.5764536,0.5275566,0.64093375
11.682076,0.8937036,3.226906,0.41300023,0.6429668
10.424553,0.7219106,5.901986,0.5720885,0.6190298
8.743726,0.7935653,1.4989011,0.774209,0.6266294
10.272828,0.6050026,1.346737,0.6991608,0.6221474
9.359903,0.9090525,2.4268584,0.5829914,0.6161068
8.484837,0.72023237,0.575651,0.35725075,0.6119447
11.2017145,0.5458593,12.124241,0.42024517,0.6302037
5.9421167,0.77990955,1.1651468,0.6274415,0.61097044
9.671512,0.8108162,0.48540384,0.35810235,0.6212328
9.482861,0.81387943,0.77508485,0.34463787,0.6204865
6.822888,0.70556927,4.9666314,0.7235709,0.6062688
11.347254,0.8838103,4.8223834,0.28149268,0.63108265
7.790829,0.865833,3.9149501,0.6928676,0.6180901
8.732053,0.98371744,2.8384562,0.19344641,0.6236435
8.953781,0.9685147,8.008931,0.67368454,0.63486993
12.623894,0.508071,4.200731,0.56311935,0.6179726
15.1327715,0.86140156,2.8838851,0.3114711,0.6052643
8.377959,0.62166494,7.58778,0.5341664,0.6304745
8.496365,0.9357799,2.032313,0.3330739,0.61973494
7.7232037,0.9666736,3.8959193,0.6196373,0.62585634
8.589058,0.5963331,6.193042,0.67784166,0.6179194
7.574618,0.9404165,2.9573832,0.38774148,0.6105448
9.084288,0.58977604,2.9600577,0.9106649,0.59859115
8.180806,0.7751378,2.311216,0.068708375,0.6088121
7.0250835,0.666301,4.53854,0.94889486,0.62116975
7.829755,0.5399969,6.9820657,0.99281365,0.62411726
6.5350714,0.6600334,2.6488945,0.97367454,0.64246
7.2069583,0.7731345,5.0497465,0.7741325,0.62836266
6.8592143,0.6401093,9.710862,0.65927416,0.6198009
12.734785,0.94095933,1.6811671,0.24293433,0.6158346
6.6805553,0.52180403,1.4980316,0.11953973,0.6423861
5.2477803,0.5347462,9.067302,0.37644738,0.63230973
5.2477803,0.5347462,9.067302,0.37644738,0.63230973
12.169083,0.5225951,1.4594368,0.20971772,0.62727344
6.1720486,0.9535494,1.4164369,0.7354899,0.6373469
9.469036,0.5141206,9.119408,0.23380104,0.6176202
8.895115,0.51981086,4.3050413,0.6740295,0.61709416
7.173633,0.5485919,5.6821766,0.16289257,0.6000055
13.387367,0.66070604,1.7404075,0.6806248,0.6201937
14.238816,0.58772844,3.895648,0.8063428,0.6189591
6.327836,0.74864346,3.1548183,0.51328415,0.6244362
9.910732,0.84369814,1.8648894,0.28766507,0.6130559
7.1249285,0.86935604,5.900853,0.7590403,0.6257381
8.588268,0.61914927,3.4031107,0.13591732,0.6163894
7.573217,0.78821194,6.4810677,0.63613003,0.6169821
9.470237,0.57865256,3.89379,0.84662527,0.62990195
8.35458,0.86453635,3.1654618,0.036471047,0.6283357
11.072771,0.7104547,2.3361182,0.84381795,0.6089133
9.443073,0.8084791,1.8398137,0.8532815,0.62384874
10.961027,0.6203312,3.553819,0.12684801,0.6387926
6.7976913,0.8638251,6.4322863,0.7701772,0.61076045
10.932298,0.56046474,5.2559786,0.9436447,0.6149694
11.5084505,0.6388661,2.8283548,0.786049,0.6244889
12.273298,0.5405956,10.345887,0.8583706,0.63157105
7.0935426,0.8433689,0.7891101,0.7943415,0.627026
5.98798,0.913841,3.4235542,0.41301623,0.6064755
14.141283,0.50358856,5.2841125,0.46376082,0.6339206
9.007176,0.93210924,4.994188,0.012819941,0.62819755
10.215244,0.56971806,6.9318852,0.98535234,0.60919887
8.990969,0.76225764,1.4909654,0.8760483,0.62792087
13.200042,0.78004575,9.614682,0.2803579,0.61295843
10.026562,0.7034313,0.9573137,0.8390004,0.60659695
10.068618,0.69288063,2.602101,0.59085333,0.6058871
8.925379,0.79397297,3.842296,0.37500083,0.6286963
9.141324,0.68985975,2.0704997,0.49610665,0.62535965
7.466715,0.82340646,1.3831391,0.9009408,0.5839051
7.8399315,0.88321275,9.101881,0.015732214,0.62977445
7.453475,0.9707444,5.583573,0.19681215,0.62619907
7.453475,0.9707444,5.583573,0.19681215,0.62619907
7.704566,0.9483803,2.0582151,0.9308123,0.633806
7.5028763,0.59965634,8.040059,0.8880255,0.6650611
13.006525,0.87249935,1.0646898,0.2241055,0.58178204
7.870483,0.62526244,0.78062207,0.33497363,0.6033136
9.402211,0.59502757,0.827021,0.16009447,0.60204864
6.8508005,0.7774849,2.1628013,0.15972802,0.630937
8.840311,0.59426236,5.40324,0.10797845,0.6394675
7.096716,0.67158985,4.6418433,0.63923985,0.6270162
10.238496,0.8488419,4.775334,0.8927605,0.60625666
11.901107,0.79805124,8.126573,0.7585535,0.6042982
10.656183,0.95041484,2.222744,0.060156047,0.6288253
10.197284,0.7501862,2.469213,0.042112853,0.6242978
9.836851,0.8910842,4.269889,0.068759516,0.6159703
7.5790257,0.70090747,3.5074553,0.01665968,0.61200434
7.049476,0.72345823,1.6316212,0.16249563,0.6144811
9.949716,0.85951304,4.732339,0.0022267725,0.6198252
10.156124,0.7588685,2.9748569,0.84416026,0.63068634
9.651582,0.75734794,10.2738495,0.52714103,0.6173954
7.05613,0.5164175,1.9679179,0.1551297,0.6324424
12.757343,0.9387542,7.957021,0.8112604,0.61825246
10.673197,0.63910455,5.312623,0.028429788,0.6091473
8.834142,0.8707287,0.5468074,0.040877044,0.6152178
8.986805,0.9559623,1.2353191,0.069086686,0.6229676
6.887311,0.54224855,8.900001,0.7615281,0.6065644
8.533406,0.6177983,0.4273221,0.36452386,0.6102793
18.713144,0.93643355,0.36734134,0.16328204,0.6261975
9.670739,0.5451881,12.357963,0.4771019,0.6206829
7.9962626,0.59350455,2.0027428,0.6566071,0.6270815
7.767112,0.5477749,2.0117457,0.7287186,0.61497694
8.545966,0.53490496,0.730717,0.87491226,0.6194259
8.544874,0.5150401,0.76584744,0.9116308,0.620744
9.312626,0.5492559,1.4120809,0.94581074,0.632583
8.156584,0.9588715,1.4871919,0.067551255,0.6160455
8.145649,0.58151454,6.4436455,0.9076638,0.6302556
7.3913255,0.8293767,0.82576203,0.19477814,0.60859454
9.243601,0.64959556,1.7884458,0.17593013,0.61122286
7.8426704,0.7186047,10.531084,0.19335373,0.6514956
8.469727,0.7826184,4.038168,0.18460679,0.6535577
11.208765,0.61626446,2.7847404,0.48450953,0.6161615
10.422493,0.57906854,7.915887,0.45296228,0.6268076
8.222164,0.7446713,3.8440542,0.25535032,0.61448574
7.973484,0.74212337,3.8648007,0.71816355,0.61513156
7.2100363,0.8422641,2.2788167,0.031599954,0.6085997
14.795398,0.6911681,3.060605,0.98423094,0.6301087
14.67227,0.89582443,4.14862,0.9825408,0.6337923
12.225973,0.5781059,6.6811256,0.5647613,0.6087435
6.828723,0.7740218,1.8406404,0.33496395,0.6099602
7.864597,0.6687042,1.0928059,0.5048056,0.6209439
10.242053,0.58114517,4.4341936,0.49597818,0.63078976
8.42906,0.65519863,5.368473,0.9192678,0.6360131
8.42906,0.65519863,5.368473,0.9192678,0.6360131
7.8072944,0.87528884,2.6257644,0.3526727,0.640694
8.673254,0.9399134,5.053653,0.18835874,0.6387411
8.127051,0.9189586,1.9817387,0.15245506,0.6382446
9.132552,0.68455434,9.202018,0.92959267,0.61655605
9.132552,0.68455434,9.202018,0.92959267,0.61655605
14.828632,0.9671767,2.5433078,0.3644586,0.6257349
9.707025,0.55166864,1.0270858,0.5471838,0.6046456
9.114448,0.5493135,2.4780207,0.5597122,0.6077387
12.007745,0.9368975,5.2477126,0.4108943,0.648432
14.404945,0.55050415,5.7561717,0.5243498,0.5948448
12.176175,0.52749854,4.2341757,0.5973137,0.6144767
9.820604,0.96361023,1.083029,0.2745042,0.6243827
7.975821,0.9538133,2.201371,0.5878313,0.6361842
8.5930195,0.5578438,7.697554,0.4189184,0.59950805
6.9151416,0.6333634,1.4568908,0.43910024,0.6235628
10.240944,0.7388053,8.974042,0.36098567,0.6161438
11.20672,0.6979394,3.7522178,0.10942134,0.631874
6.4151783,0.88568175,6.318434,0.052089773,0.6244026
13.274296,0.5507615,5.1870165,0.9308098,0.6090976
12.081846,0.8770211,5.011538,0.14181514,0.61879116
11.23233,0.8274828,2.2354448,0.08404081,0.5957299
7.7229404,0.5181871,1.594636,0.23459655,0.64311224
8.012144,0.5162318,4.006331,0.11535883,0.6362073
9.166453,0.75425446,4.998686,0.7025724,0.6263158
9.2467575,0.69919395,5.8953333,0.57884765,0.62830126
7.267495,0.778082,3.4606,0.3931802,0.63131464
6.6021304,0.81751776,5.7414594,0.20418847,0.6430212
11.111842,0.68325263,3.211006,0.079297975,0.6072393
14.76102,0.8945356,3.6165621,0.7241868,0.6240108
12.050241,0.75901484,7.0389915,0.86605465,0.61043406
12.050241,0.75901484,7.0389915,0.86605465,0.61043406
6.0486383,0.733467,3.9718928,0.087314755,0.65054965
17.992249,0.8315337,5.34793,0.93209374,0.5990153
5.8953924,0.6162561,3.8849154,0.27449834,0.6385475
6.5504026,0.8896954,2.7869844,0.15616576,0.64748305
9.901956,0.55706054,7.6770525,0.84247637,0.62130976
11.341864,0.5547415,7.5882196,0.7636931,0.6192781
7.20492,0.8446486,0.45867348,0.5289953,0.5848567
9.867975,0.72172886,7.775021,0.68455976,0.6195969
8.721929,0.9860933,2.0153143,0.3582772,0.61606556
9.538759,0.8639795,8.077506,0.61055356,0.6154385
7.08203,0.7079872,1.5344608,0.3738416,0.605234
11.756208,0.63813174,3.0912194,0.19425955,0.6295474
15.476856,0.91911346,6.864914,0.9405707,0.6110933
16.009941,0.8982992,1.9997915,0.61531866,0.60704404
14.162736,0.5797859,3.4921913,0.23465838,0.6081041
10.872054,0.9241725,4.1956906,0.73471063,0.6165247
11.521793,0.71537447,4.821686,0.40797943,0.6106047
11.538736,0.65470994,0.8594597,0.85560274,0.6096285
7.527294,0.80899394,1.6198788,0.6142064,0.62869287
7.44276,0.66306347,0.9987263,0.8725843,0.59828925
7.595737,0.59893405,7.0832415,0.5457505,0.60416496
11.824437,0.9885107,3.0383077,0.83203024,0.6118357
12.0649605,0.94612145,2.1896276,0.7614686,0.63808817
9.065568,0.66186893,3.8504267,0.18249007,0.64947796
9.18371,0.8367833,4.506208,0.6417908,0.62770814
10.549761,0.7784649,2.416562,0.45415157,0.61524856
10.297976,0.8069447,1.9788297,0.8439873,0.6252829
9.220505,0.5678408,8.541076,0.08546659,0.5933173
11.012279,0.63537264,3.5609472,0.23067695,0.58662856
9.973445,0.6657825,2.8307576,0.28726938,0.5772097
9.509293,0.5681584,7.9539237,0.80068034,0.5856255
8.820104,0.60095596,3.7262132,0.88221544,0.5928274
8.1015,0.5989241,5.7903624,0.7681127,0.5932195
8.102357,0.8746487,5.148922,0.55085593,0.6160362
12.079953,0.6696847,2.9221258,0.47438625,0.61835444
12.168304,0.8353573,2.0682974,0.20142095,0.6595235
12.444744,0.8532225,0.96974134,0.23781432,0.6318724
11.201437,0.76892185,6.2109804,0.13798162,0.6076252
19.667944,0.97397506,1.5211644,0.7563467,0.60198486
16.726896,0.9629973,2.4176846,0.817992,0.60973406
16.47131,0.5352788,2.621913,0.96746415,0.6379903
6.6148477,0.86143184,5.4719396,0.5115021,0.6081099
7.5853457,0.97919613,2.7843726,0.82602227,0.64602053
6.2621803,0.8499556,2.809123,0.5715872,0.6546627
9.824675,0.6302767,7.639059,0.39595047,0.62430096
8.08536,0.8516854,3.2888508,0.9659742,0.61868507
6.95743,0.88522255,8.534656,0.36111942,0.637348
7.988707,0.8114047,8.605797,0.35704908,0.62616587
8.339643,0.73017836,2.1316526,0.448395,0.60178286
9.092401,0.8437174,6.3402333,0.29732102,0.6024428
7.6565485,0.61152315,2.1293664,0.8982148,0.6365675
7.1072106,0.6656888,7.681741,0.9104251,0.6057067
10.903828,0.5845057,1.9878365,0.2458008,0.6274818
8.622564,0.9696387,1.0065536,0.47530714,0.61549133
6.8384585,0.53201634,5.901247,0.2861136,0.6019802
7.0098104,0.51143736,0.85237646,0.34767604,0.59953904
8.11709,0.5328163,3.1227345,0.6938404,0.6211354
8.88114,0.8993869,6.2240415,0.7734463,0.63014084
9.869476,0.545323,1.0178007,0.65145856,0.6204086
9.899258,0.5650781,0.82552797,0.46572784,0.6204969
9.539235,0.84939754,0.5383773,0.5363814,0.6237993
9.834829,0.7737378,3.3280983,0.023409897,0.6312174
9.4323015,0.5862088,7.1132627,0.005460393,0.6235601
8.093076,0.94020927,3.2115362,0.4426656,0.6297629
9.676502,0.85509306,0.9509442,0.44453663,0.60361695
7.4992313,0.7460867,9.302425,0.3908628,0.608897
8.660729,0.68198234,1.3418608,0.46968195,0.6362592
8.839824,0.89278257,4.048341,0.32272768,0.64185905
7.3832107,0.6532571,5.661232,0.7955255,0.5963661
9.794928,0.9926493,3.8168635,0.91888523,0.60298616
8.373275,0.8168877,4.737892,0.008941229,0.61005986
7.906637,0.7454604,3.8912337,0.016464345,0.61063015
11.581528,0.7691226,6.393393,0.00418164,0.62586975
6.754396,0.69912344,1.5867238,0.9775055,0.6294215
7.711487,0.674932,4.2994776,0.81274587,0.6398873
11.051203,0.72244734,8.183061,0.18429601,0.59564537
9.906883,0.6937559,2.1280434,0.18294507,0.6173082
8.667934,0.9908917,1.3041129,0.4393108,0.60502994
6.887773,0.52094436,4.0165443,0.52358425,0.6410303
10.144822,0.6130215,2.8273473,0.9625665,0.6263995
6.2018604,0.9197975,4.1830955,0.83180594,0.64169395
10.405659,0.5592251,3.6386526,0.82434595,0.6306662
8.635453,0.9244263,6.295067,0.1557737,0.6017524
8.96609,0.8897939,3.1161485,0.23915602,0.5956805
9.510756,0.8900913,3.3094678,0.23003906,0.6082229
7.515849,0.7744671,6.6145687,0.12190876,0.60743946
8.306212,0.66742253,2.8397503,0.9306262,0.63809246
8.727861,0.6548737,1.2666352,0.9255908,0.64661384
14.433899,0.64384717,3.1638856,0.1403326,0.63774025
12.691947,0.8810844,4.6187673,0.29558393,0.63704515
10.825329,0.6939592,2.6109188,0.8446419,0.6018742
11.566218,0.57532513,1.3736559,0.89366525,0.6041068
11.728529,0.9484838,0.4937734,0.69402707,0.6504818
