alpha,color_semvalue
0.1668663,0.65902674
0.18555255,0.7381793
0.16794306,0.7202964
0.17437336,0.51472855
0.195185,0.6204443
0.17250456,0.63213027
0.20953502,0.6389137
0.17090349,0.6029374
0.21660978,0.58549726
0.20936047,0.6048358
0.19500321,0.69481796
0.21180372,0.72538567
0.18370089,0.53820646
0.20307775,0.6468433
0.1810827,0.62919575
0.20381215,0.73174375
0.18667583,0.7164613
0.16599138,0.7436661
0.16877022,0.42500243
0.19348446,0.43234435
0.19348446,0.43234435
0.1830655,0.55511296
0.18658811,0.66121525
0.18580008,0.6570842
0.18824235,0.61174095
0.17356396,0.70112705
0.17232639,0.72871536
0.17460577,0.63488936
0.20952472,0.64908665
0.20624563,0.52789557
0.16562568,0.6912734
0.18392688,0.7517478
0.17704917,0.557445
0.1815655,0.71503454
0.16159259,0.58230454
0.180375,0.79627234
0.18556044,0.6310008
0.20891039,0.6614196
0.17431585,0.60805005
0.20961869,0.6147688
0.20461762,0.5435716
0.17607252,0.7875608
0.18171597,0.4283114
0.2006273,0.73205715
0.19929816,0.4322095
0.1791903,0.7118422
0.1734651,0.6581074
0.16025019,0.46308857
0.15312105,0.54783475
0.23581931,0.63936
0.23125543,0.6632734
0.16304722,0.5923691
0.1834964,0.4880856
0.18434766,0.68246764
0.20208289,0.5462216
0.16877541,0.48321408
0.16348445,0.40953594
0.16226013,0.574175
0.1640137,0.6041557
0.19173321,0.5900682
0.18679452,0.70478255
0.17556465,0.59564424
0.19391337,0.61754596
0.18225756,0.64099145
0.18511967,0.66942644
0.18769965,0.644446
0.18996203,0.60834485
0.19112623,0.7308833
0.17483602,0.55917156
0.16960123,0.6502558
0.21229291,0.58991355
0.21549852,0.5535863
0.20575137,0.5111386
0.19967042,0.64555436
0.17613387,0.6373533
0.18055007,0.48796907
0.21357574,0.70260185
0.20769273,0.3753441
0.17577791,0.48941863
0.1600199,0.5298244
0.1943004,0.7278859
0.18451095,0.52472234
0.19869362,0.8024121
0.18130545,0.5906436
0.18916108,0.6660813
0.19373047,0.6361701
0.19410901,0.528215
0.1805312,0.7235467
0.17702723,0.6104299
0.21506557,0.7216302
0.16907997,0.43257707
0.20715307,0.75165194
0.20527643,0.72989875
0.18921164,0.50031865
0.20541003,0.79501206
0.19898148,0.7446309
0.1811448,0.77534765
0.16817558,0.5796622
0.17095247,0.6148526
0.184387,0.58171684
0.1794039,0.50139433
0.18038063,0.50960404
0.16172966,0.6930829
0.21494098,0.54864687
0.21494098,0.54864687
0.21494098,0.54864687
0.20904863,0.59010124
0.18607442,0.72931707
0.1919934,0.6313799
0.19898598,0.7505822
0.16225615,0.5651072
0.2016906,0.6511483
0.21336049,0.37749222
0.19728617,0.41581604
0.17167632,0.65797114
0.20953362,0.5176262
0.17273685,0.7116646
0.17207198,0.712986
0.19974245,0.5720776
0.17609887,0.6843381
0.19593327,0.5356279
0.21876833,0.5945395
0.23327042,0.64436406
0.13855703,0.62569994
0.17289887,0.6057852
0.16210948,0.49610066
0.1996397,0.48792365
0.1629879,0.43083602
0.20862177,0.46067774
0.17621237,0.716032
0.16673759,0.56112057
0.20891285,0.69401485
0.210554,0.74089026
0.20196924,0.7067031
0.18078795,0.49319002
0.1988546,0.52517873
0.17931432,0.7632298
0.17873526,0.78544563
0.19913688,0.63935965
0.22163267,0.5880311
0.15769178,0.6761374
0.19560671,0.45114556
0.20142156,0.48678488
0.1762129,0.5774087
0.1708472,0.71537006
0.17089945,0.5925487
0.19027227,0.6111764
0.17287375,0.63147944
0.18164632,0.4251052
0.21110563,0.6044445
0.19293861,0.6251247
0.1732184,0.56063515
0.21301273,0.5394066
0.20479967,0.6958851
0.1783864,0.7200137
0.15248324,0.4272177
0.2051594,0.57749677
0.18592748,0.47529075
0.18354633,0.51276976
0.19374242,0.4532845
0.2071673,0.66644806
0.18236043,0.5936661
0.15394542,0.8269995
0.15632255,0.80233866
0.19787936,0.53220534
0.1741321,0.60588497
0.19988906,0.6437387
0.17548846,0.49927792
0.1872461,0.7871079
0.1872461,0.7871079
0.1658912,0.5564224
0.16157797,0.5142105
0.19362715,0.4208017
0.16204704,0.42330247
0.17711195,0.68553483
0.19451256,0.6987809
0.16620672,0.671117
0.17178366,0.5473509
0.2071702,0.57088894
0.17185526,0.69750255
0.19558497,0.6307272
0.17962939,0.51243883
0.20520931,0.6736129
0.17902288,0.6274628
0.19308022,0.7423295
0.1890697,0.7347135
0.1890697,0.7347135
0.18121299,0.46419182
0.17801434,0.5342924
0.22055885,0.56303245
0.16934472,0.59546185
0.19987246,0.5822351
0.18174613,0.7216614
0.15600093,0.80559754
0.16949503,0.691044
0.22430547,0.5696379
0.15352824,0.678903
0.18536001,0.57219017
0.16897504,0.77425843
0.19184786,0.37370184
0.17695652,0.5155317
0.18596858,0.6098452
0.18482204,0.6366853
0.18812498,0.541079
0.19355664,0.5109664
0.21726097,0.65899324
0.16125852,0.592134
0.15940756,0.7147941
0.15686561,0.6157346
0.20092152,0.7352743
0.21733314,0.49538666
0.18355303,0.55064917
0.22304913,0.55445194
0.21388948,0.6105615
0.19132262,0.4630784
0.20050888,0.65213156
0.2030004,0.6605118
0.19206187,0.5560758
0.16655171,0.58972776
0.20823032,0.5450703
0.22177608,0.5676952
0.20937973,0.65217674
0.20121805,0.5677658
0.19146477,0.6016063
0.18761638,0.61617947
0.2008052,0.75789887
0.21435907,0.38855463
0.16932967,0.4639529
0.17546864,0.50868577
0.20678893,0.58501816
0.20872623,0.48200807
0.19085088,0.6321481
0.19271958,0.56048495
0.16562751,0.40026033
0.25050494,0.5649247
0.16921984,0.62111276
0.19390352,0.48694018
0.17871511,0.7465375
0.17707828,0.5318521
0.15440185,0.4486353
0.15265451,0.47016084
0.19905618,0.37955698
0.21318999,0.5427475
0.16686499,0.7290601
0.19938998,0.5904991
0.18811013,0.69006014
0.18885535,0.51649547
0.18671452,0.73208827
0.19388248,0.5745083
0.20411786,0.62459
0.17592736,0.6337665
0.17814499,0.6988149
0.17517582,0.6809635
0.17397751,0.66753864
0.19428419,0.6424352
0.20029798,0.5013062
0.21042135,0.58531857
0.21347696,0.5348055
0.22644626,0.48677415
0.15649208,0.72730625
0.18490925,0.79139596
0.17122726,0.603135
0.20468062,0.6648095
0.21417071,0.5642984
0.20997372,0.58682513
0.18612842,0.7370196
0.15226093,0.41566736
0.13261439,0.53372145
0.12283186,0.42870858
0.14299747,0.10380178
0.20152897,0.8381976
0.19913857,0.76144767
0.16421181,0.45296136
0.19435216,0.58099663
0.17623289,0.41962108
0.1793789,0.6268006
0.19242471,0.68339145
0.20695695,0.55646837
0.20016783,0.56842214
0.20315865,0.5506077
0.19058287,0.48072308
0.19488412,0.6327028
0.16562763,0.5850226
0.15841095,0.5809063
0.17713422,0.67040676
0.18970639,0.61822957
0.16332532,0.68596876
0.19099464,0.60580355
0.16764393,0.7467761
0.18172805,0.6378754
0.17548797,0.6755174
0.17179866,0.6855237
0.18920201,0.6299933
0.18375492,0.6294579
0.1912802,0.6007556
0.20358455,0.7055127
0.20701092,0.47669226
0.15081128,0.39194024
0.22222012,0.6554542
0.20022944,0.49982166
0.19147147,0.50229037
0.17792752,0.76711464
0.17646523,0.59148836
0.17513596,0.64932585
0.1503158,0.7165842
0.1669973,0.5599054
0.207206,0.57699496
0.18102533,0.340557
0.19835603,0.45822576
0.20450795,0.45366475
0.20615917,0.5168022
0.18181944,0.7222447
0.23138423,0.54830253
0.23242518,0.67112166
0.13209268,0.6894187
0.1684829,0.8914163
0.20709157,0.77251816
0.16512598,0.55822545
0.17902064,0.80245656
0.17688474,0.5090319
0.1584107,0.6698556
0.15425745,0.7336043
0.18665579,0.7034333
0.19837083,0.6281623
0.18203816,0.64140373
0.16181974,0.54494137
0.20616023,0.6844811
0.19349153,0.49621746
0.19002865,0.7055128
0.19592512,0.52717906
0.19572695,0.7483752
0.17713843,0.39102888
0.19932826,0.48018417
0.19997343,0.5822428
0.18756203,0.43517575
0.18887195,0.67599386
0.19136038,0.5616287
0.18375728,0.5391269
0.15990974,0.5870442
0.19142768,0.6931327
0.21074727,0.6926947
0.22081248,0.7655153
0.19471526,0.71642405
0.20916814,0.55061024
0.18012108,0.5203212
0.2007997,0.6151412
0.16380502,0.51261526
0.17975748,0.69203156
0.19256814,0.53358316
0.15366021,0.4492852
0.1789397,0.25482363
0.19341424,0.8347128
0.15583369,0.8813821
0.19302145,0.4114262
0.17250258,0.8231309
0.15607971,0.6298643
0.16353744,0.71240824
0.1845552,0.6428485
0.18346593,0.44308993
0.21727037,0.6226572
0.19281545,0.57123846
0.18126284,0.6082081
0.2033063,0.611078
0.19142742,0.6323919
0.17811331,0.5101588
0.15666443,0.6359343
0.20632833,0.5972364
0.18080737,0.5932305
0.1998666,0.60903406
0.20153587,0.43040967
0.16517389,0.35215494
0.20445326,0.6813905
0.20313881,0.66680807
0.1990862,0.58370787
0.19105798,0.75834125
0.21048471,0.55708414
0.15959018,0.6711606
0.18960041,0.6806424
0.19128656,0.67636746
0.1911456,0.5951506
0.19784927,0.7113699
0.19168684,0.6769769
0.18776152,0.5430785
0.18808837,0.71110535
0.18748733,0.6891774
0.18646652,0.67282546
0.15215082,0.6687918
0.1576283,0.709382
0.18926984,0.70484185
0.17121351,0.71799374
0.19413087,0.5992489
0.18162906,0.74456507
0.18255663,0.71860063
0.18383345,0.58416724
0.1649041,0.6714606
0.18445319,0.72607183
0.18327637,0.59201336
0.18015996,0.38004276
0.17968893,0.69980913
0.20014854,0.54043686
0.20371893,0.5296044
0.17723133,0.6090949
0.19110876,0.66983783
0.1938419,0.52176327
0.23008484,0.67660964
0.17890874,0.6262918
0.16850588,0.7646571
0.16298193,0.7603329
0.20202255,0.6426479
0.19185042,0.4080629
0.20521708,0.7370048
0.1992793,0.6924548
0.19338012,0.67853194
0.18451375,0.6574645
0.19860555,0.6616932
0.1847377,0.5141623
0.20843491,0.5089963
0.20257531,0.46554062
0.2111131,0.50826114
0.17268898,0.6809302
0.18836302,0.5741668
0.19826709,0.6116998
0.17755911,0.66755736
0.17706645,0.53299373
0.1523311,0.53314173
0.1607008,0.6590799
0.1817958,0.63007
0.15574454,0.46194997
0.15763107,0.7567699
0.16073683,0.7515534
0.17386986,0.6857716
0.21230756,0.5198115
0.20163155,0.5387887
0.208539,0.6699204
0.21247415,0.39363942
0.20713292,0.41796535
0.20586935,0.44371402
0.18133375,0.53928053
0.18399721,0.6375899
0.19141921,0.5555953
0.1789677,0.55794156
0.20428433,0.42609656
0.22264542,0.42908955
0.21842666,0.5188224
0.16028939,0.67079777
0.1641781,0.65866405
0.16089085,0.58922
0.1795626,0.80261487
0.17064723,0.7573803
0.17733334,0.60750544
0.18849432,0.74106896
0.16448851,0.64686084
0.19445784,0.688394
0.21200332,0.63573986
0.18160051,0.6689764
0.20006302,0.562796
0.17301887,0.79709667
0.17301887,0.79709667
0.18011202,0.5347319
0.19856687,0.6207366
0.19856687,0.6207366
0.2018874,0.5007942
0.18080316,0.67853385
0.18080316,0.67853385
0.18595222,0.5408719
0.1833022,0.5652435
0.22602293,0.4392133
0.23891595,0.41598555
0.2017946,0.66955423
0.17252216,0.6507105
0.17673093,0.642671
0.18017426,0.659956
0.19157259,0.6010989
0.19176024,0.590542
0.18669026,0.62529755
0.18474747,0.57082254
0.16069919,0.5752129
0.19534397,0.7451763
0.19323869,0.438898
0.19071423,0.7335805
0.15310027,0.6252775
0.18035547,0.6218902
0.16248867,0.6773524
0.21160808,0.56149524
0.1704557,0.55065054
0.17655724,0.52751094
0.19266057,0.54145473
0.19245353,0.51710504
0.1970687,0.6060709
0.21668732,0.535427
0.19901246,0.6465643
0.167388,0.55593264
0.20321895,0.6064039
0.16183041,0.67295206
0.18463805,0.6866877
0.18338798,0.602866
0.18648797,0.71879923
0.176241,0.62087834
0.20294037,0.56612235
0.17311332,0.5349967
0.16685592,0.50643873
0.20741981,0.6466054
0.19561827,0.49626797
0.172234,0.5770093
0.16856319,0.543173
0.2443395,0.6290651
0.15261775,0.66466975
0.16831619,0.7967773
0.17562896,0.8642603
0.1438151,0.78502965
0.22331423,0.51146096
0.23624407,0.5514255
0.14506717,0.73363894
0.16135108,0.5952438
0.14060459,0.40619907
0.14545925,0.36483294
0.2201019,0.79166377
0.2201019,0.79166377
0.21566921,0.6511716
0.20280667,0.5072354
0.19806653,0.48250633
0.19534527,0.60230374
0.16685578,0.69611603
0.21566503,0.6604789
0.21566503,0.6604789
0.18933266,0.50626713
0.20167908,0.69249624
0.21403229,0.56948096
0.17104551,0.5840397
0.21943584,0.57284075
0.20236883,0.48412243
0.16696167,0.72993404
0.18806523,0.7651708
0.18191063,0.5857193
0.17649603,0.6957625
0.18653116,0.68039674
0.20687379,0.71061367
0.17177229,0.6558358
0.19216561,0.45140392
0.16687226,0.46474922
0.1752286,0.5754045
0.2000997,0.6822917
0.19687556,0.61325246
0.19931443,0.48594713
0.18052383,0.52834386
0.19243446,0.68570477
0.1693131,0.6453827
0.19005607,0.6015443
0.19992779,0.70714635
0.16944607,0.7833542
0.20415892,0.41197157
0.18001062,0.54774356
0.19314846,0.68834925
0.2089526,0.3988905
0.20759225,0.7171277
0.20759225,0.7171277
0.20993593,0.72662413
0.18534154,0.67537177
0.1788695,0.8165573
0.20133305,0.7170719
0.16381718,0.54111654
0.16146368,0.6573361
0.19508505,0.7219522
0.19015811,0.5060377
0.20860276,0.51820797
0.15286069,0.767301
0.15799636,0.7048098
0.16880123,0.7538922
0.16162565,0.64074016
0.16658556,0.6377767
0.17655304,0.388163
0.20363244,0.77776736
0.199291,0.47930017
0.18425587,0.6244926
0.19663945,0.63495463
0.18647584,0.5598699
0.18428975,0.7943837
0.15422754,0.6712946
0.21588609,0.6381721
0.22898273,0.73443794
0.1520189,0.4399713
0.1702276,0.57294005
0.17822282,0.6855472
0.18625885,0.6416679
0.17908888,0.81039244
0.14799602,0.5730158
0.14327574,0.5280334
0.16609442,0.81619626
0.16486004,0.6084595
0.15971397,0.7039613
0.16063625,0.8211705
0.14716604,0.76989645
0.17763597,0.7254456
0.1990006,0.6176682
0.16893236,0.5764808
0.16817454,0.5462819
0.18943584,0.71571314
0.1666525,0.61912674
0.19622947,0.71628803
0.16403225,0.6515534
0.20490538,0.617099
0.19450593,0.5494637
0.16878211,0.7141431
0.17808071,0.7424255
0.17239374,0.5828181
0.21292828,0.623228
0.19303727,0.5844436
0.19297682,0.6072754
0.18250544,0.60965264
0.17447905,0.6238552
0.18736234,0.70404893
0.21646576,0.5651567
0.21136852,0.6779422
0.20831516,0.68971455
0.17722136,0.3622591
0.1726506,0.6005804
0.2090957,0.60007036
0.19795302,0.6739411
0.1846566,0.49708796
0.15398423,0.525628
0.14518161,0.6136797
0.16718175,0.53712654
0.17012686,0.39047605
0.20285372,0.643419
0.20633796,0.66177475
0.18117765,0.6169084
0.19480559,0.6734854
0.19734545,0.667357
0.18776366,0.56764615
0.19529566,0.60349375
0.1734817,0.52305436
0.19191475,0.67178965
0.15469408,0.80261505
0.16181755,0.80755526
0.2040286,0.6674639
0.22553407,0.8014406
0.2265075,0.7604615
0.18979982,0.41460723
0.20312801,0.7609043
0.19765371,0.53180015
0.18942426,0.49009132
0.17793547,0.62319237
0.17894349,0.5262215
0.19017158,0.7958354
0.19017158,0.7958354
0.17818859,0.7342938
0.16539362,0.6865241
0.16155472,0.70384824
0.20595203,0.52368283
0.16657025,0.71952546
0.17441532,0.7951216
0.17036465,0.6525698
0.16837278,0.65006673
0.16800769,0.5815245
0.20580834,0.676409
0.18510038,0.5207722
0.22775443,0.6574137
0.2170198,0.63202155
0.2170198,0.63202155
0.16414928,0.6054361
0.19757554,0.707197
0.20707372,0.7147608
0.2013359,0.7309501
0.19003624,0.62533885
0.18044637,0.49166724
0.18884452,0.6340001
0.20167182,0.6559913
0.16509688,0.58929706
0.1616659,0.5614226
0.15658064,0.6083266
0.16730121,0.5504564
0.18666819,0.664162
0.21780458,0.65828705
0.22149839,0.5217686
0.18891509,0.66251534
0.18647426,0.59299535
0.19513308,0.53987
0.2095978,0.6793533
0.17429261,0.4880611
0.16056257,0.579915
0.20206113,0.7198572
0.16908798,0.5474041
0.18178949,0.6552247
0.17425835,0.42414734
0.16185027,0.43072966
0.21685031,0.71450204
0.21244052,0.67922825
0.1698308,0.6285367
0.18693551,0.5949872
0.19605845,0.55879855
0.17564772,0.7632619
0.20011997,0.5870882
0.20060468,0.58840185
0.18897003,0.53432465
0.12562382,0.5193851
0.13819164,0.5126145
0.20364703,0.45869842
0.18146744,0.72199243
0.17721638,0.6899212
0.19448367,0.67926335
0.1749728,0.6066956
0.21101862,0.78900766
0.1553422,0.36108008
0.16604163,0.5857193
0.1794441,0.72533995
0.20021929,0.54737306
0.16492936,0.47269917
0.1972238,0.5213128
0.17228493,0.50192213
0.18589577,0.5052201
0.19313121,0.5444176
0.18990421,0.520321
0.17817664,0.6523194
0.20768408,0.59612626
0.20768408,0.59612626
0.14384912,0.51418704
0.22179054,0.73394626
0.18556282,0.70398617
0.17420326,0.50792795
0.17666036,0.7116023
0.16112266,0.70104694
0.18379444,0.5829773
0.21585129,0.65595335
0.16161826,0.47299746
0.1978869,0.57919216
0.17867729,0.5883453
0.19166414,0.7429039
0.19468024,0.5057797
0.16189983,0.50997555
0.18161431,0.6463683
0.16379805,0.8782658
0.16397883,0.46824053
0.19743922,0.6060514
0.20263341,0.61228997
0.1550462,0.77023494
0.16823062,0.59889615
0.1823945,0.657031
0.20890865,0.6201728
0.22833347,0.5594347
0.21296231,0.5934169
0.19442526,0.6914354
0.17748448,0.5527522
0.20043051,0.5886227
0.17490527,0.59372634
0.16622114,0.49249685
0.17817956,0.43587676
0.178767,0.5735618
0.20217761,0.60218346
0.17351052,0.66016257
0.1731095,0.4819999
0.19644716,0.70193744
0.16640143,0.8349976
0.16014245,0.8449251
0.18186404,0.50511193
0.17109467,0.72235864
0.2139127,0.6355366
0.18893205,0.6104678
0.18893205,0.6104678
0.18699351,0.6544865
0.18747038,0.6468659
0.18017104,0.66219187
0.18978575,0.6013483
0.16684999,0.7137812
0.17101154,0.56939703
0.16958901,0.5601602
0.19972305,0.64816666
0.20617782,0.5219842
0.20617782,0.5219842
0.18030405,0.5539577
0.18273526,0.51053804
0.20241399,0.5896257
0.19598764,0.5346854
0.1996379,0.53121525
0.2027994,0.601767
0.16982454,0.7608028
0.19881892,0.6823641
0.20733139,0.7352783
0.19181782,0.6231095
0.1907391,0.7205527
0.18863186,0.6237859
0.22973268,0.3998131
0.22970021,0.40348282
0.18798205,0.7200829
0.17459944,0.5869605
0.19642578,0.50378716
0.20487954,0.45295495
0.18773738,0.56790155
0.17571087,0.49387738
0.22259265,0.62934893
0.18693079,0.62642276
0.18693674,0.6523312
0.22086082,0.61918133
0.13731477,0.77927077
0.1484654,0.46109313
0.15053734,0.51993334
0.14565106,0.42587698
0.1543146,0.32158598
0.1761767,0.55093527
0.17851159,0.6743695
0.1876345,0.6275813
0.17755294,0.6385709
0.18096745,0.61565244
0.18036008,0.6984849
0.17654276,0.6929205
0.19543615,0.5951743
0.21155125,0.64138436
0.18156153,0.42335126
0.1819117,0.4552104
0.15056954,0.3537714
0.13495237,0.3693756
0.16894537,0.45455122
0.21579336,0.71125174
0.15329708,0.56412566
0.15066618,0.57669365
0.16988438,0.65169317
0.18825883,0.434618
0.19006774,0.5264235
0.19668013,0.53746825
0.14977202,0.5939947
0.19627681,0.6970072
0.1796458,0.66942865
0.16070816,0.71671456
0.18831144,0.6898556
0.16024771,0.7416161
0.18851975,0.6885625
0.19285089,0.72140336
0.19168222,0.45803887
0.21157387,0.6135178
0.20394197,0.618528
0.16277924,0.5488486
0.16313675,0.601422
0.18536252,0.59142095
0.18359458,0.6806207
0.16434315,0.6522755
0.16434315,0.6522755
0.16946608,0.6799205
0.15701728,0.75192404
0.18638346,0.7217881
0.19449024,0.61292726
0.19247073,0.8159634
0.1844384,0.7562812
0.18838201,0.77427953
0.18362778,0.6478061
0.1777496,0.81383103
0.1777496,0.81383103
0.15762821,0.6921628
0.16293237,0.7380913
0.17470819,0.72077954
0.19072622,0.5645168
0.17537847,0.68048245
0.18198024,0.61112875
0.20828943,0.6079899
0.20403472,0.6448074
0.20069772,0.71293473
0.19608156,0.63312256
0.18055731,0.55377156
0.1663385,0.59590256
0.22167268,0.59393525
0.19962658,0.6220291
0.17469499,0.5539669
0.17986117,0.47420165
0.2263491,0.6281487
0.22176343,0.76528895
0.19715254,0.70118123
0.20781755,0.5541801
0.16670309,0.48759615
0.17883241,0.8339285
0.14488831,0.7262078
0.1490092,0.346274
0.16452843,0.6887887
0.20969275,0.5641094
0.188633,0.49271807
0.15168452,0.42214555
0.15366302,0.42793536
0.2119419,0.39515352
0.21991281,0.55389154
0.21991281,0.55389154
0.1834259,0.5760055
0.19465396,0.50180995
0.22214736,0.6362087
0.18179315,0.5015527
0.16499445,0.48566446
0.18484455,0.56130284
0.18638551,0.7364314
0.1866543,0.49992663
0.1975313,0.47017717
0.19438046,0.50062895
0.19445276,0.50192344
0.1662292,0.411563
0.21764486,0.72777843
0.19420621,0.6800466
0.1911622,0.49241507
0.19336796,0.55521834
0.19566809,0.69976604
0.18488383,0.47319785
0.212223,0.5834548
0.19456212,0.6079852
0.20343082,0.58387494
0.18911183,0.72414404
0.1900067,0.48562053
0.21497706,0.62215817
0.16187163,0.49342385
0.16423284,0.5026616
0.18671077,0.41249508
0.15006462,0.4760864
0.17445691,0.4231662
0.19912413,0.5766394
0.20007253,0.55159837
0.1917667,0.5226741
0.20792618,0.59810036
0.16641448,0.66806257
0.16385823,0.64856505
0.15530832,0.74611074
0.18883976,0.64618695
0.17747858,0.8160187
0.16220443,0.80389524
0.20025402,0.50462705
0.14066513,0.82791716
0.1688411,0.68447804
0.20365575,0.68241006
0.1851365,0.64862615
0.19134545,0.69092286
0.17212129,0.5084305
0.17982605,0.49436542
0.19286491,0.6530577
0.19259062,0.5490319
0.19487612,0.66887426
0.18046227,0.6534992
0.17351612,0.6120321
0.2122881,0.70418763
0.19874397,0.6738546
0.20436567,0.6784371
0.20020881,0.6688611
0.22434224,0.4002717
0.20615122,0.7434822
0.20615122,0.7434822
0.20615122,0.7434822
0.17800498,0.40813398
0.20472461,0.7552212
0.16584235,0.5877127
0.18097655,0.73212945
0.192762,0.5219214
0.18192782,0.7423734
0.18365769,0.72724074
0.18066359,0.54305315
0.21358931,0.51679707
0.16565654,0.53317666
0.18965092,0.67021686
0.1685302,0.5127785
0.18181568,0.6617611
0.18391675,0.46702325
0.20174715,0.48628765
0.19610974,0.6120267
0.18098041,0.6140804
0.18791258,0.58830583
0.19429097,0.7081598
0.18743224,0.62728554
0.20220256,0.6197121
0.17764986,0.7801418
0.16462086,0.47450572
0.17918935,0.67125565
0.16175526,0.5262159
0.13941482,0.6104197
0.18338385,0.77222276
0.18338385,0.77222276
0.16656679,0.5960231
0.19060439,0.41681132
0.18533315,0.45583642
0.18931949,0.6376071
0.20329489,0.5903798
0.21377067,0.6848585
0.21010625,0.5912533
0.1624864,0.5866415
0.199914,0.7256284
0.20679674,0.7388367
0.16897649,0.6437547
0.16280174,0.6406584
0.20326182,0.6716585
0.17858785,0.67365605
0.1705161,0.5655219
0.18407097,0.55065936
0.17886157,0.6973505
0.21169232,0.68935454
0.16700855,0.47912484
0.18848461,0.68682075
0.19877806,0.6861511
0.20443217,0.55238605
0.17967069,0.6644422
0.20057541,0.64348656
0.177643,0.6035537
0.14621165,0.7433168
0.1367587,0.62970227
0.19333181,0.5369742
0.22183023,0.6202443
0.1970522,0.51473075
0.20406964,0.75163245
0.16391255,0.6801842
0.18724224,0.70961535
0.15602288,0.7221385
0.15906556,0.7050656
0.16834363,0.5525455
0.20525047,0.46567768
0.20864418,0.7111052
0.1915352,0.4810871
0.1480353,0.45694414
0.1483589,0.576543
0.15289555,0.48334303
0.20157483,0.7836275
0.16407654,0.57156473
0.18292329,0.4512974
0.22483711,0.58998185
0.15891166,0.63411134
0.160589,0.6165878
0.18260977,0.7650629
0.16682097,0.3378447
0.17183167,0.29739296
0.1674533,0.29332718
0.21075946,0.6290397
0.18389499,0.4921217
0.19829878,0.6981686
0.16143037,0.4390791
0.22950034,0.6866083
0.17761849,0.56659293
0.19523261,0.6543937
0.15256485,0.42971486
0.16872793,0.68343663
0.17913896,0.78441006
0.18926394,0.66559297
0.19541022,0.5418563
0.19879244,0.5352122
0.19144765,0.6303826
0.18102105,0.65237033
0.16730326,0.6721763
0.17864937,0.72742015
0.17864652,0.75610876
0.15105855,0.46667936
0.16011798,0.50010645
0.1866243,0.7728616
0.16248855,0.5346239
0.16286275,0.66769654
0.16740733,0.66018754
0.16676176,0.7027903
0.1855937,0.6841368
0.19359705,0.67486197
0.16840257,0.7677358
0.17290321,0.8008331
0.16783284,0.7899726
0.1679849,0.76412684
0.18087733,0.6438665
0.18107915,0.5971136
0.14896668,0.8052081
0.20269841,0.57315534
0.20313641,0.5952762
0.19086419,0.632569
0.20570306,0.69177395
0.184075,0.5193766
0.18589184,0.60124624
0.18388948,0.632839
0.19614398,0.54520905
0.18020594,0.6670064
0.19838622,0.584508
0.2033239,0.652224
0.17875823,0.68233347
0.19418885,0.5277947
0.1775637,0.6193045
0.15192308,0.680181
0.1498949,0.70919317
0.20273328,0.5898592
0.17725347,0.65657145
0.174925,0.58898276
0.20529804,0.5848362
0.19173336,0.5370814
0.19445175,0.6470795
0.18274286,0.64078623
0.16156252,0.6059982
0.16814291,0.69873756
0.15429658,0.66608495
0.19682048,0.7130067
0.17847273,0.56671935
0.18384668,0.5248801
0.1700478,0.62533337
0.17698616,0.8241269
0.1602903,0.73534936
0.17231908,0.7341789
0.20036733,0.6713131
0.19145666,0.38923633
0.16823262,0.44501153
0.21222529,0.63920426
0.17957304,0.72477025
0.1865686,0.7047786
0.18617618,0.7070445
0.23492749,0.729945
0.22814505,0.74248266
0.12905134,0.48079306
0.17086776,0.29320112
0.14905226,0.53506595
0.21095979,0.76459324
0.18309003,0.79944026
0.16797772,0.659644
0.18715133,0.6306196
0.19231221,0.55463654
0.19657345,0.7379309
0.19006334,0.74564713
0.18712166,0.37522417
0.16719367,0.53812313
0.17911997,0.75257695
0.1725999,0.61373216
0.20927879,0.5486949
0.22011024,0.5426921
0.21406218,0.60743964
0.17392728,0.572659
0.19348705,0.64560807
0.18122947,0.6783679
0.18905725,0.604385
0.18845895,0.6314994
0.19927913,0.65641075
0.1740587,0.62261474
0.17223307,0.6103062
0.19322836,0.45516366
0.19702205,0.7094566
0.21789454,0.6098542
0.21345806,0.47500756
0.19965151,0.47474524
0.16217017,0.60302335
0.20963505,0.6337218
0.16019636,0.6716117
0.21084997,0.54762506
0.22249906,0.56822157
0.22249906,0.56822157
0.15929985,0.7077216
0.16184202,0.6082865
0.19987786,0.70834166
0.1981163,0.6376647
0.20390563,0.66169137
0.15340987,0.75488645
0.17895108,0.6540076
0.20355925,0.56375366
0.19297624,0.4918673
0.18915373,0.68200463
0.20966476,0.5654104
0.16705203,0.648072
0.22656289,0.65072984
0.2109952,0.6693465
0.21441945,0.522253
0.21441945,0.522253
0.20001794,0.72333074
0.1563227,0.65953475
0.19676849,0.6508991
0.17100863,0.65799433
0.17039552,0.3493261
0.16827852,0.39450806
0.15953714,0.7692148
0.17489567,0.6125012
0.20760153,0.59294367
0.1770153,0.71648526
0.16812928,0.6348792
0.16804346,0.47330987
0.19927588,0.36505342
0.17307243,0.45482832
0.18806238,0.68551505
0.18339285,0.4650542
0.18930848,0.6916504
0.18930848,0.6916504
0.18162364,0.6029766
0.16434315,0.7215683
0.16263422,0.70858085
0.19980076,0.4836926
0.18349963,0.7816452
0.19501896,0.54588854
0.1897103,0.4877919
0.20525111,0.5994317
0.20465064,0.62654567
0.1750239,0.5466288
0.19288178,0.5433525
0.15844199,0.769254
0.18482618,0.79261696
0.16652192,0.71633464
0.19249216,0.6010971
0.21653196,0.601844
0.16999817,0.4791122
0.1708478,0.6947568
0.1635005,0.5190833
0.1568429,0.3558076
0.19716537,0.63232136
0.18498449,0.6341204
0.18277416,0.5680165
0.1569707,0.39205927
0.1581311,0.40950373
0.15888701,0.4308275
0.18653762,0.61236507
0.18653762,0.61236507
0.19740587,0.56732947
0.20787641,0.6853767
0.17682098,0.50293344
0.16984266,0.6516115
0.21299142,0.5028815
0.20639655,0.5105696
0.20447204,0.5211076
0.2429744,0.637149
0.2429744,0.637149
0.2203262,0.5667168
0.20054701,0.5153827
0.16857673,0.6542406
0.17733581,0.68204296
0.19581935,0.61840534
0.17944303,0.6095237
0.17153856,0.7561979
0.17034817,0.69243646
0.1613554,0.60199594
0.16378173,0.6043699
0.17327069,0.67462504
0.18282247,0.64300567
0.16671859,0.49812025
0.16257791,0.6803806
0.15815786,0.59228444
0.18392481,0.7612492
0.16466834,0.7200281
0.18424383,0.79828465
0.18134356,0.41253272
0.18193991,0.45186374
0.17872706,0.59247935
0.19338581,0.6029285
0.17100307,0.51508653
0.18979321,0.6629565
0.21327996,0.5176631
0.18928367,0.40413776
0.19448724,0.6054682
0.17895007,0.4912304
0.2008073,0.6139962
0.19264482,0.69257075
0.19184104,0.6851173
0.19184104,0.6851173
0.18479481,0.7016888
0.16589269,0.5086689
0.19997852,0.61832994
0.17371213,0.62965655
0.1746861,0.73174846
0.18338257,0.6308618
0.17478013,0.7268797
0.2012094,0.80101794
0.1783598,0.6001986
0.19043356,0.6646567
0.17833892,0.50529426
0.18586251,0.5811654
0.19373344,0.6850058
0.18654767,0.44574097
0.19535497,0.5946073
0.16175407,0.72971016
0.20801015,0.4483584
0.17369208,0.55843985
0.1934925,0.6880853
0.1828973,0.5205547
0.20061876,0.6849331
0.1864444,0.5959552
0.19299087,0.5762707
0.19985764,0.5642171
0.19682539,0.50166225
0.18363938,0.5539407
0.18897551,0.7276824
0.18713257,0.7678608
0.18461773,0.46695587
0.18118379,0.6054398
0.17347148,0.51456016
0.19389425,0.6074006
0.21451108,0.5015963
0.22047068,0.4392405
0.17766875,0.45951107
0.22999167,0.6698411
0.15258688,0.5868196
0.16496122,0.48211417
0.16496122,0.48211417
0.1725433,0.35731462
0.20127109,0.78752446
0.16571802,0.66147274
0.21911754,0.50725555
0.19679832,0.63751006
0.1658144,0.6989319
0.15238844,0.7469181
0.20152852,0.63311607
0.1884298,0.56098044
0.21118416,0.6679269
0.20439029,0.7916623
0.18126097,0.49321043
0.18116996,0.49740583
0.20391758,0.6853307
0.21147332,0.76823974
0.19776194,0.6952519
0.19196334,0.7369373
0.17237997,0.6964427
0.20085642,0.62021184
0.18866882,0.6214584
0.194583,0.597954
0.20220268,0.7340055
0.20074381,0.440381
0.19776274,0.42931902
0.17737865,0.6180441
0.20202857,0.59869087
0.19526428,0.6778871
0.1853326,0.46461916
0.17342526,0.562699
0.1973771,0.58258635
0.14825112,0.79707444
0.16302879,0.78116184
0.21032016,0.47622705
0.15423459,0.6343334
0.1530071,0.5147149
0.17629999,0.6673008
0.20998712,0.53270394
0.15250376,0.6308404
0.23361878,0.5352662
0.17941809,0.5423655
0.16286209,0.70944536
0.16678418,0.713506
0.19265755,0.4394555
0.15299541,0.71894056
0.21875301,0.5887524
0.16599645,0.6237871
0.18401769,0.6746278
0.1801289,0.4571153
0.21226104,0.75177616
0.19800048,0.7273468
0.18289629,0.4527959
0.20039895,0.6511774
0.1879674,0.637793
0.19599529,0.5234648
0.21519983,0.69481474
0.21519983,0.69481474
0.1928354,0.6257071
0.18807988,0.6103701
0.19408062,0.56937367
0.18612334,0.65842414
0.19639803,0.56607634
0.17999855,0.6723669
0.18686749,0.5090019
0.19505778,0.5874217
0.18928418,0.5976606
0.15953873,0.74550146
0.15639544,0.49932998
0.17527497,0.56340986
0.20385715,0.63260365
0.20040703,0.6994012
0.20040703,0.6994012
0.19688214,0.46343827
0.15734935,0.5338146
0.20186307,0.7308918
0.20186307,0.7308918
0.17092526,0.5180042
0.22750098,0.650839
0.17773268,0.46857533
0.21171483,0.68779904
0.21171483,0.68779904
0.21530402,0.49306428
0.1929087,0.4141609
0.18863113,0.44819477
0.1757966,0.7364283
0.16094267,0.805346
0.24141672,0.367928
0.21644181,0.42322075
0.21644181,0.42322075
0.21447602,0.70162326
0.21935943,0.6391153
0.18604639,0.545301
0.13980994,0.7544525
0.23917213,0.41753513
0.18773511,0.70548314
0.19765297,0.6843899
0.17306396,0.5996807
0.16658002,0.58771944
0.16951235,0.7728603
0.1500014,0.79802436
0.15110263,0.7244296
0.17824525,0.69949347
0.18298301,0.6328035
0.15820348,0.6672786
0.15123875,0.7410484
0.14760388,0.72854304
0.23330769,0.49661323
0.15114614,0.70884895
0.18405464,0.62049395
0.1645485,0.7680576
0.17421387,0.5786844
0.19822578,0.6351191
0.19492161,0.48791015
0.18771338,0.7033598
0.17639849,0.6858542
0.15973327,0.77684855
0.14162388,0.8600655
0.18732288,0.35790431
0.2007274,0.4878513
0.21905206,0.73661953
0.16149087,0.62732226
0.1847678,0.55949116
0.19850975,0.6960523
0.19828284,0.5326317
0.18282801,0.6536887
0.19549689,0.69939697
0.15928496,0.5410153
0.19465858,0.70998085
0.18736592,0.52173996
0.17830148,0.6939647
0.20104688,0.6544548
0.21156305,0.6767612
0.1875853,0.6743916
0.18851753,0.6966928
0.18811035,0.7139311
0.199,0.5246758
0.20248428,0.5022367
0.17431685,0.66807437
0.17431685,0.66807437
0.18206608,0.6958826
0.16856587,0.4509755
0.17335348,0.34027794
0.19902754,0.5499059
0.18553738,0.6389897
0.18126366,0.62428343
0.18126366,0.62428343
0.19518721,0.6288578
0.18207657,0.6075359
0.19659717,0.5949743
0.16412593,0.6262839
0.18796314,0.712828
0.14792052,0.745932
0.13756567,0.6653451
0.1450683,0.57519835
0.19785956,0.8018889
0.18515709,0.5592239
0.21838345,0.46309376
0.21818495,0.44081542
0.21818495,0.44081542
0.22466886,0.38238752
0.19786286,0.79564077
0.19429727,0.7216347
0.19127896,0.71062106
0.16627195,0.6034333
0.17032617,0.72675556
0.18596068,0.5952884
0.15638965,0.35491914
0.19195637,0.46741837
0.17120977,0.8139062
0.15262647,0.560315
0.15604575,0.617194
0.1856764,0.59501976
0.1681065,0.6121953
0.20507318,0.54084814
0.19008899,0.6079595
0.19008899,0.6079595
0.18140495,0.6113164
0.17587917,0.6369635
0.198712,0.5063659
0.19535404,0.6470912
0.18659142,0.53392047
0.19927333,0.53746814
0.18821338,0.5766437
0.18453541,0.6587902
0.1822555,0.770771
0.17606622,0.6875037
0.20311747,0.48259753
0.18252516,0.7105838
0.16040997,0.71868694
0.16205323,0.6584392
0.15793046,0.74357647
0.17140502,0.6193686
0.1737166,0.55022204
0.18398902,0.6634721
0.19607353,0.5884217
0.17691395,0.5799851
0.16383511,0.5764002
0.18589208,0.5703294
0.19104469,0.64172965
0.18208835,0.6377366
0.18478806,0.67732704
0.20507115,0.69110817
0.21189044,0.4784155
0.22921403,0.48416176
0.18762738,0.73767114
0.1859003,0.7486132
0.1656334,0.3813589
0.21912819,0.59569895
0.21912819,0.59569895
0.21912819,0.59569895
0.23211499,0.6639889
0.18390536,0.4157716
0.19550264,0.70505524
0.19550264,0.70505524
0.18338117,0.43193358
0.1852641,0.58704364
0.189625,0.55607456
0.1738009,0.7935716
0.19157697,0.67267936
0.19840512,0.6646375
0.20581341,0.49339598
0.15209429,0.57236344
0.19194801,0.7381001
0.2035372,0.7611947
0.16912282,0.5447848
0.18454026,0.33799976
0.19156274,0.7636112
0.1848814,0.7371448
0.18125851,0.71417826
0.19572543,0.5865381
0.17959227,0.44537434
0.1551801,0.7507396
0.18398139,0.69759524
0.18051206,0.5167921
0.1744785,0.67241895
0.15789163,0.45484376
0.21628228,0.66682637
0.19679864,0.56298316
0.18198505,0.64023495
0.21409884,0.69535816
0.15489087,0.32364634
0.20480469,0.5636302
0.17183697,0.49955758
0.17172909,0.35937515
0.2151771,0.42218173
0.18841293,0.7155167
0.17843029,0.56348646
0.16287959,0.760984
0.17978679,0.7804238
0.17548169,0.82466584
0.1787549,0.8055525
0.1754511,0.81977296
0.17310259,0.8154503
0.16978335,0.8265292
0.17559528,0.8595537
0.15063804,0.67911756
0.15698865,0.6673965
0.16332406,0.7957131
0.2090101,0.59098953
0.18475226,0.45559838
0.20636445,0.5750029
0.20770243,0.56399375
0.20336446,0.5790607
0.18384732,0.53168046
0.2032448,0.65036553
0.20311958,0.5565379
0.19368137,0.62044144
0.184858,0.7444613
0.21059231,0.5886774
0.22397453,0.5722448
0.18967408,0.6075702
0.18250848,0.55885684
0.18250848,0.55885684
0.17016831,0.48958212
0.13076696,0.7134554
0.11713756,0.6087679
0.11254649,0.627344
0.2380934,0.66276944
0.22458014,0.6966743
0.1982682,0.6783409
0.14718623,0.7135138
0.18242285,0.6278872
0.18986893,0.5438664
0.21918204,0.53975797
0.1821411,0.6335206
0.20488489,0.6289192
0.21813816,0.5505438
0.17952806,0.79035276
0.17784394,0.5148144
0.19277179,0.46147907
0.18955356,0.4588983
0.21629758,0.61887115
0.1633816,0.6144058
0.19610307,0.7846066
0.15564048,0.72423065
0.18001083,0.7415248
0.1556074,0.6022662
0.22502068,0.65674967
0.1874534,0.61463183
0.19923815,0.65973145
0.18826537,0.6441389
0.20414542,0.64891547
0.15935034,0.41263688
0.15844718,0.4219777
0.1944238,0.53564906
0.18487713,0.73227364
0.17201088,0.7911862
0.17201088,0.7911862
0.17877696,0.77298045
0.19082284,0.5770497
0.17392243,0.56686324
0.20865971,0.6860757
0.21754134,0.59450895
0.23842461,0.71898794
0.21262625,0.6146506
0.19344649,0.59496176
0.181223,0.5445246
0.20112589,0.64563304
0.1900982,0.6600331
0.15810212,0.5771083
0.1705041,0.49373075
0.17254734,0.5337102
0.16722867,0.70594066
0.20019132,0.4516374
0.2014613,0.4963086
0.19976346,0.50624126
0.17729662,0.5570005
0.1782732,0.57507974
0.1782732,0.57507974
0.19679472,0.603734
0.21268508,0.6043105
0.19373566,0.53135455
0.2019748,0.6472067
0.20977935,0.6700015
0.22294861,0.7182688
0.14511926,0.69543296
0.15544352,0.79629487
0.16251203,0.7195174
0.18439475,0.6650114
0.18377799,0.6663456
0.19190113,0.6461617
0.15130806,0.6465383
0.14338282,0.70203495
0.14444242,0.68860835
0.13731676,0.7059842
0.17694981,0.7654057
0.18858129,0.7371482
0.18781441,0.4776624
0.17931953,0.39415616
0.1755872,0.6390405
0.15603344,0.8115928
0.1499027,0.81578237
0.16570848,0.6825733
0.199949,0.42531505
0.21402648,0.7305853
0.1737824,0.68448025
0.16922605,0.6826962
0.19536301,0.6386886
0.21203744,0.59074247
0.16436523,0.66080767
0.16806515,0.6951855
0.16748369,0.65940326
0.15224922,0.7018242
0.16487902,0.37742037
0.1757974,0.76303387
0.17620417,0.75179094
0.17639633,0.7627607
0.18058345,0.5917015
0.18435365,0.45602494
0.14483976,0.8517671
0.15269841,0.9030905
0.21793564,0.47649625
0.17675608,0.5750243
0.16957599,0.52331465
0.19758585,0.67792994
0.16715088,0.64942557
0.19817027,0.6754499
0.1882591,0.7161807
0.18829468,0.53221655
0.16292158,0.7613345
0.1820013,0.37465355
0.17313084,0.41806307
0.15223625,0.622242
0.19211203,0.704465
0.16997342,0.6814322
0.17898852,0.74897796
0.15135688,0.6456388
0.16661131,0.5590585
0.16058144,0.83125836
0.16150036,0.6662031
0.21980615,0.37588227
0.17893484,0.5980554
0.1890961,0.6465403
0.18984303,0.7525372
0.17840248,0.7950556
0.18175459,0.81901985
0.19971159,0.54223466
0.15790766,0.5141999
0.1917104,0.72855204
0.19965293,0.5642047
0.18574294,0.6050666
0.18901573,0.63547784
0.18901573,0.63547784
0.18416536,0.48676184
0.17113867,0.56025004
0.1748532,0.56801945
0.21126878,0.74077874
0.17172636,0.59791446
0.17715228,0.5782242
0.20934993,0.6209995
0.19738877,0.5530073
0.17682593,0.6560073
0.17834513,0.7029352
0.18907757,0.4993134
0.19200708,0.63952136
0.1804814,0.6672336
0.2014236,0.6627101
0.16369048,0.5684363
0.1560271,0.57729274
0.15569852,0.60440195
0.15366599,0.6205896
0.18322963,0.7359192
0.19923142,0.5193889
0.19819051,0.73787194
0.19819051,0.73787194
0.19499047,0.7160124
0.16580479,0.57304263
0.22106084,0.6128232
0.15887624,0.6424788
0.19397026,0.39851657
0.17449564,0.56440294
0.18140838,0.54546416
0.19601531,0.601703
0.19485156,0.6691184
0.21158293,0.6347382
0.2127175,0.5668906
0.21333031,0.5505652
0.17005338,0.6100151
0.20094526,0.55763525
0.17842746,0.5439968
0.19603653,0.5700854
0.20913059,0.46176064
0.19133528,0.3399262
0.192988,0.31911072
0.19669935,0.5098889
0.189468,0.67665994
0.19281986,0.5601078
0.17785525,0.68663514
0.18464041,0.49346066
0.19288504,0.7083167
0.18316656,0.59370023
0.1768086,0.62608117
0.18950859,0.62126356
0.1702965,0.546337
0.21488637,0.61511904
0.18787786,0.53601754
0.20241968,0.62940454
0.20983492,0.6153824
0.17612736,0.559272
0.20232555,0.4589441
0.18597704,0.40426508
0.19486208,0.761012
0.2097641,0.5357104
0.21552584,0.67013067
0.16393204,0.6324131
0.17658353,0.6909155
0.17109439,0.6408394
0.20610537,0.5381296
0.20610537,0.5381296
0.18417293,0.69958085
0.19816074,0.61459255
0.17937995,0.6310135
0.1702417,0.58221793
0.17418393,0.42838892
0.18041106,0.6841332
0.17360234,0.6926484
0.18090805,0.5687258
0.17269571,0.58298665
0.19283314,0.6682378
0.16516812,0.7152322
0.15963209,0.60679775
0.20917103,0.65297693
0.19147585,0.6507046
0.19038087,0.57002836
0.15363052,0.595571
0.23558612,0.6378928
0.14329423,0.79573345
0.17213455,0.7210058
0.1662923,0.71267104
0.22266462,0.66425234
0.20602195,0.51016164
0.19864094,0.61033946
0.19648342,0.6201378
0.17968851,0.48704365
0.20848973,0.703307
0.21423759,0.7246489
0.22020787,0.4948354
0.20052205,0.7170551
0.19499496,0.46002573
0.17114264,0.6323573
0.17210232,0.6152538
0.17101844,0.62061316
0.16467246,0.73444515
0.1833346,0.6733399
0.16978733,0.7109203
0.18035248,0.46103725
0.2005626,0.6786975
0.15162884,0.64845705
0.15820535,0.74850607
0.1653162,0.6543493
0.19333595,0.6689805
0.17816891,0.5707678
0.20789729,0.61062145
0.1742015,0.7723085
0.17485817,0.6908903
0.1895319,0.5459422
0.17958006,0.5831178
0.17331403,0.46776518
0.18132196,0.5679179
0.17906407,0.67024964
0.19169053,0.5532338
0.22479592,0.6203894
0.20371011,0.5528443
0.1960466,0.48343498
0.18461242,0.78981334
0.21337403,0.70042896
0.21337403,0.70042896
0.17035641,0.6483053
0.18906675,0.6575618
0.17733158,0.53597474
0.21238458,0.54894185
0.19605894,0.5247528
0.19638966,0.4932522
0.17043978,0.60341114
0.18941453,0.7245968
0.1844781,0.6569402
0.15476239,0.74702674
0.17056748,0.85351616
0.21047069,0.45314914
0.19242835,0.4565848
0.19501457,0.6561911
0.18799436,0.55493486
0.19511151,0.6310966
0.19511151,0.6310966
0.17138487,0.51726544
0.16853873,0.74929637
0.15965241,0.7032282
0.14773047,0.5008391
0.1680015,0.5649136
0.20131731,0.55958605
0.16383576,0.60353816
0.22047254,0.6478971
0.1678055,0.54798263
0.16602823,0.6436855
0.17110947,0.6437107
0.2043181,0.7114882
0.2197086,0.7336267
0.22683994,0.74591476
0.16851301,0.5860851
0.15470825,0.63224
0.18805385,0.6887082
0.16128515,0.54479605
0.17874092,0.60068667
0.18862003,0.6652398
0.16517667,0.6102327
0.17820942,0.74945784
0.16950804,0.8105145
0.18791229,0.694407
0.18761295,0.64529294
0.18761295,0.64529294
0.22676997,0.593538
0.22080201,0.526216
0.15738419,0.67650205
0.19684747,0.40910998
0.19390327,0.47923186
0.17273316,0.6834476
0.1998736,0.6184274
0.17197323,0.4459977
0.19290896,0.594371
0.19929624,0.42468128
0.19274084,0.65752137
0.19610432,0.67680085
0.19610432,0.67680085
0.17555314,0.5724415
0.18898362,0.56899124
0.19092377,0.7000652
0.19266441,0.74082357
0.18073142,0.6622361
0.17702423,0.8019313
0.18513276,0.6562103
0.19942555,0.573104
0.18364142,0.6559039
0.1816315,0.6118936
0.2267284,0.5353453
0.23608388,0.63872206
0.14157076,0.60832584
0.15792131,0.509485
0.17568476,0.48883465
0.1786341,0.6071409
0.17055853,0.62967443
0.20751792,0.53581226
0.18903318,0.48806787
0.18588012,0.4617604
0.17496496,0.47497687
0.19037321,0.64411604
0.17467247,0.6829164
0.18124071,0.6883732
0.19803777,0.599413
0.16934603,0.5495574
0.1698376,0.59931463
0.19828004,0.5989043
0.19828004,0.5989043
0.17741711,0.6385778
0.18018603,0.63439274
0.17816906,0.6870264
0.18202499,0.6213319
0.20616844,0.38655224
0.18672734,0.75246423
0.19731212,0.6193268
0.19731212,0.6193268
0.13627055,0.8455365
0.16398925,0.64538157
0.20265034,0.6730857
0.20506915,0.5455783
0.20335796,0.57042867
0.19462608,0.62623173
0.18902853,0.5564907
0.16075593,0.7988721
0.18747997,0.65142083
0.21675362,0.572059
0.16544619,0.48953927
0.172957,0.6364604
0.1979339,0.43652266
0.16891311,0.44508463
0.17291862,0.5919439
0.19758011,0.71033484
0.14933316,0.6754712
0.14696686,0.65716344
0.24173737,0.5640899
0.14167902,0.6889177
0.14583865,0.6536842
0.21107346,0.68152773
0.19201036,0.55380374
0.16636816,0.25290096
0.19758676,0.7243813
0.18689562,0.4561757
0.17129976,0.7022221
0.16386054,0.70073307
0.17687796,0.6074789
0.20367485,0.6239114
0.18303546,0.565302
0.19931059,0.5972575
0.19587535,0.60660595
0.1818591,0.59397906
0.20410314,0.60923135
0.20156628,0.6314242
0.16446528,0.42873392
0.1890943,0.7853015
0.19286045,0.5989586
0.2053798,0.7391993
0.19755653,0.6888997
0.17138796,0.64391583
0.20437445,0.7048792
0.17634971,0.6793974
0.18364328,0.7537292
0.20630263,0.5939448
0.15589444,0.5172525
0.16925626,0.79642165
0.16923723,0.40067354
0.21882054,0.67487776
0.16699031,0.50846297
0.19619688,0.57450587
0.19677266,0.6049728
0.18256679,0.5218931
0.18113011,0.7701043
0.18144833,0.5228961
0.1829604,0.513553
0.16677116,0.43724945
0.17761016,0.65018713
0.19636104,0.69564384
0.19111067,0.6244292
0.15932676,0.7700132
0.17985639,0.70133126
0.18320878,0.62489146
0.17773604,0.67867
0.16103332,0.39675117
0.16603228,0.509588
0.16228603,0.5123663
0.20411772,0.51571506
0.17612928,0.5439097
0.18972671,0.47549638
0.18227236,0.5213826
0.20777982,0.48480198
0.14767036,0.7093559
0.17652063,0.8181441
0.18247691,0.7909234
0.18993798,0.45579094
0.18226913,0.76055944
0.17080304,0.77001363
0.18073425,0.5491947
0.18073425,0.5491947
0.23305982,0.7098955
0.21533114,0.6813796
0.20584163,0.67293686
0.18457322,0.6965571
0.18649109,0.61979777
0.2216029,0.65624505
0.24094442,0.5553084
0.24094442,0.5553084
0.18897577,0.6179142
0.18919587,0.5003683
0.19324678,0.5129133
0.20744711,0.58079004
0.19305058,0.6328517
0.1927831,0.71708685
0.17736709,0.5035642
0.17513117,0.5790512
0.19172598,0.45337993
0.19372645,0.48475882
0.18694595,0.42895192
0.17001227,0.51862353
0.1732955,0.6863692
0.20912457,0.65702295
0.18641257,0.5507695
0.18939525,0.6728545
0.1749644,0.6500125
0.17704782,0.75948423
0.21004117,0.5704949
0.15722054,0.7139853
0.20285206,0.64267576
