alpha,color_semvalue,k
0.84256315,0.83249205,0.07825008
0.84905934,0.83910364,0.08074419
0.8400706,0.8209876,0.07966459
0.8400576,0.82452023,0.07967761
0.8415582,0.8403899,0.079477556
0.84211487,0.83725965,0.08184728
0.84152794,0.8432684,0.08045775
0.8348914,0.8347158,0.07724343
0.8323574,0.83841425,0.07674441
0.8346113,0.8380875,0.07708302
0.8340853,0.8353072,0.07788645
0.8335317,0.84650767,0.07559839
0.8334791,0.8467915,0.07455646
0.8326335,0.8465906,0.07467284
0.8338001,0.8472971,0.07490742
0.8403394,0.8564936,0.0742677
0.8388475,0.86372304,0.07655576
0.83753854,0.8520153,0.07966173
0.83055216,0.8469774,0.07891675
0.82865965,0.8456209,0.07698497
0.82902443,0.83758736,0.079840586
0.8208724,0.83931303,0.07522392
0.8198159,0.8451133,0.07506553
0.8205808,0.8417355,0.07531285
0.842207,0.82655865,0.07898541
0.8451643,0.82132316,0.07957089
0.8413829,0.8208478,0.07716808
0.8398237,0.826968,0.07819677
0.8489047,0.8363963,0.074944735
0.8470877,0.83373135,0.072380945
0.8559794,0.82838,0.07348664
0.8559897,0.82661074,0.07125768
0.85837585,0.82868326,0.07197102
0.85956216,0.83089805,0.07366958
0.8559257,0.8173507,0.069254935
0.8615243,0.82353854,0.06901864
0.85627174,0.82292664,0.07430318
0.85738385,0.821201,0.072516315
0.8592816,0.81975424,0.07220959
0.86036456,0.817079,0.07252046
0.877772,0.83054894,0.0738741
0.8718302,0.82362586,0.07940664
0.87615424,0.82477623,0.074750304
0.87755334,0.8287223,0.07489701
0.86001384,0.83434814,0.07006332
0.8553935,0.83410424,0.06680167
0.85156155,0.8339877,0.06879523
0.8578346,0.8344386,0.07321747
0.85881555,0.8409815,0.07618811
0.86516285,0.8264747,0.078410074
0.8735837,0.84089065,0.07347992
0.8755835,0.8394674,0.067811474
0.88412154,0.82661295,0.070367865
0.881991,0.830504,0.06999726
0.8804583,0.8352172,0.07009369
0.8822099,0.8347695,0.07075415
0.88224566,0.83316493,0.07014029
0.8756265,0.8328778,0.0733538
0.8820267,0.8233708,0.075108275
0.88439626,0.8283254,0.078955755
0.8812156,0.82413435,0.07835945
0.8856,0.82189476,0.079202116
0.8901037,0.82724607,0.080579475
0.8825675,0.83827776,0.08390351
0.886825,0.85053325,0.08221042
0.88392884,0.8430701,0.08361375
0.8697331,0.8403232,0.08186753
0.8622936,0.84273106,0.08225202
0.859871,0.8401567,0.08149678
0.8606294,0.84062016,0.08282787
0.85642123,0.8425715,0.08259243
0.85692596,0.84329927,0.08184173
0.8579307,0.84012824,0.083032355
0.8616816,0.83667207,0.07746838
0.8666607,0.83471483,0.07741751
0.871832,0.84301287,0.08173607
0.86722386,0.8449836,0.07989486
0.86669755,0.84593785,0.08035754
0.86662513,0.8421694,0.076003686
0.8676061,0.83937037,0.075794995
0.86410016,0.83737195,0.07440673
0.8595951,0.8376895,0.07459936
0.8511355,0.8317783,0.08045674
0.84644634,0.82250714,0.083170034
0.8544308,0.8196898,0.0819603
0.85161036,0.82414484,0.081264116
0.8617713,0.8204208,0.080854766
0.8600815,0.82227325,0.080485724
0.85501266,0.8445342,0.07456165
0.84321684,0.8492051,0.07562038
0.84126174,0.85591,0.07782542
0.8430581,0.8568012,0.07685292
0.8583798,0.851944,0.07427114
0.8531764,0.8531804,0.07473598
0.8413061,0.85725904,0.074615695
0.8486008,0.85664755,0.072661296
0.8489624,0.8568687,0.07234206
0.8546208,0.8522389,0.07098117
0.84159666,0.84620875,0.0710613
0.8365629,0.83962864,0.0711709
0.8303493,0.84690565,0.071725585
0.8319622,0.8482818,0.072857246
0.8275768,0.8485739,0.07205597
0.8336977,0.8438385,0.071285725
0.8341923,0.84084105,0.07171131
0.83723164,0.84361005,0.06692438
0.83786494,0.8432038,0.067656934
0.823748,0.85033953,0.070547186
0.8430795,0.8447602,0.07128512
0.8577801,0.8461583,0.06844189
0.84864503,0.84299994,0.06648355
0.8395076,0.84551764,0.06721651
0.83914083,0.84654355,0.066690356
0.8445315,0.8496743,0.066636
0.8509601,0.85487074,0.064531215
0.84962976,0.8558863,0.06427369
0.8458025,0.8581455,0.06582999
0.8519969,0.8599242,0.06479256
0.8355734,0.862591,0.064054966
0.8513043,0.85513407,0.0665867
0.84351313,0.8548568,0.06686239
0.8369981,0.855517,0.069527365
0.8389096,0.8454423,0.07180811
0.8446493,0.839023,0.06968575
0.85044706,0.838971,0.07003718
0.8574395,0.83116305,0.07138637
0.8677896,0.8273366,0.07237954
0.87281704,0.8237391,0.070438765
0.8668539,0.8070616,0.07190176
0.8683618,0.8033157,0.075615466
0.87095815,0.7892692,0.075561054
0.8693385,0.80514115,0.07933039
0.87030345,0.81635576,0.07948328
0.8773959,0.811061,0.08243799
0.8720273,0.8204496,0.084158584
0.8791919,0.8244038,0.08493539
0.87472355,0.8280649,0.08236384
0.87197936,0.82060736,0.079532035
0.8724912,0.82017374,0.07990448
0.87679887,0.81448007,0.0764424
0.88009965,0.8205821,0.07775242
0.88360375,0.8237403,0.08112447
0.8905875,0.8432572,0.08147556
0.8950242,0.8421695,0.080958016
0.90622205,0.839829,0.08120182
0.8924086,0.853977,0.08660881
0.89524055,0.85623115,0.08517305
0.8912755,0.8487422,0.0856586
0.8906977,0.84874195,0.07964573
0.8806539,0.8487458,0.081400305
0.8720267,0.84710866,0.079458244
0.884122,0.8424183,0.07728708
0.88694996,0.8359473,0.08314714
0.8866703,0.82999134,0.08285559
0.88650376,0.8300952,0.083149694
0.8857672,0.83132154,0.08156188
0.8952572,0.83626455,0.08088659
0.8907803,0.8293073,0.07955918
0.89462185,0.8295329,0.07954851
0.89252216,0.8401916,0.07940274
0.89605606,0.83279544,0.0798022
0.8945103,0.8292139,0.07990505
0.8889305,0.82349825,0.08073889
0.8914499,0.8302229,0.082616016
0.8903565,0.8269213,0.083053485
0.89310515,0.8282563,0.08520489
0.8883805,0.8258192,0.08400861
0.88750803,0.8275727,0.08376183
0.8870301,0.82653934,0.08381268
0.8844359,0.82403135,0.08894768
0.88408667,0.82442683,0.08834951
0.88319093,0.82345283,0.08641591
0.88359034,0.82466745,0.086023584
0.89088464,0.8288562,0.082593866
0.89103,0.8357267,0.08091476
0.8852291,0.84614235,0.084799446
0.8758226,0.8343977,0.08085481
0.86837167,0.8274218,0.080173455
0.87226087,0.82648224,0.07931313
0.8786082,0.8304964,0.083384976
0.8731096,0.82907856,0.0797505
0.8706926,0.8337968,0.07982743
0.86950976,0.84056133,0.08023112
0.8789201,0.84096473,0.0785009
0.87377566,0.8330043,0.08106915
0.87861645,0.8266673,0.08032433
0.8600565,0.81689763,0.07721342
0.8605398,0.8194878,0.07735103
0.859267,0.8204051,0.07626056
0.85932213,0.8209911,0.07627072
0.86821,0.82113326,0.07433646
0.8687851,0.824318,0.074146956
0.868316,0.8219817,0.07337174
0.8569826,0.8251964,0.07090935
0.8578445,0.8273768,0.07101589
0.8544905,0.82832915,0.07168316
0.8353262,0.84364283,0.07285599
0.82452625,0.8385436,0.07713859
0.8273513,0.8352802,0.07825467
0.826556,0.83213764,0.07706866
0.8264966,0.83308715,0.077101246
0.82921433,0.8235721,0.0719662
0.826222,0.8222982,0.07277126
0.83006954,0.81398445,0.06784805
0.83149284,0.81467324,0.06653638
0.8322141,0.8233902,0.06694563
0.82901716,0.82852364,0.06657521
0.82534397,0.8347899,0.0665426
0.8255821,0.8290647,0.06614861
0.82608277,0.82435894,0.066437535
0.83277345,0.8282267,0.07024528
0.8477535,0.84719926,0.06838799
0.8643166,0.8454589,0.06654907
0.85923034,0.83863556,0.0710958
0.8639507,0.8369285,0.069437824
0.85556674,0.8377584,0.0693725
0.84671384,0.8476037,0.06909621
0.8493885,0.8494693,0.06909966
0.84575427,0.8429798,0.07099166
0.8629656,0.8364481,0.071461305
0.86722326,0.84137684,0.07174667
0.86898947,0.8470833,0.07152653
0.857662,0.8473207,0.0750492
0.8456263,0.8565978,0.072044514
0.84343386,0.8538331,0.07256174
0.8387009,0.85678685,0.073533155
0.8442139,0.85066366,0.07490385
0.85172594,0.8532527,0.07375689
0.8507385,0.85844284,0.07522099
0.8454541,0.85321677,0.07368934
0.84488034,0.84983325,0.07297488
0.851828,0.848577,0.07362454
0.8539801,0.8466284,0.074425265
0.8512884,0.84440625,0.07608775
0.85730344,0.8354775,0.07215069
0.85029835,0.83677953,0.07240482
0.8487239,0.8247865,0.07362919
0.84773105,0.8306484,0.07653419
0.84969854,0.8347671,0.07938256
0.852757,0.8282518,0.08000791
0.8586913,0.8363666,0.0781985
0.8595249,0.83502525,0.079475954
0.8609573,0.8290617,0.08177482
0.86808264,0.82608587,0.078592986
0.86023533,0.8268519,0.07489513
0.85174835,0.82575077,0.07597878
0.8472036,0.83897364,0.07613438
0.85422677,0.8505996,0.074071355
0.8530201,0.8431455,0.075536616
0.85005605,0.84567446,0.073784076
0.8572289,0.84582305,0.07367773
0.8553156,0.84983176,0.074326195
0.8703366,0.8458279,0.0742869
0.8637281,0.83992887,0.06840836
0.8646454,0.8336094,0.06866399
0.8648934,0.83003485,0.066269726
0.8766645,0.83079034,0.06706222
0.8787215,0.82157356,0.06403504
0.86826205,0.8200459,0.06832849
0.8722528,0.820619,0.067818865
0.8719991,0.8255838,0.0671627
0.85832167,0.828516,0.07029744
0.85428774,0.8330361,0.070338964
0.8474182,0.83958715,0.0650688
0.8443899,0.8298002,0.06587602
0.85540843,0.8319293,0.06324224
0.85537124,0.8299253,0.06365635
0.85513705,0.8353148,0.06310402
0.8558652,0.83585984,0.06547204
0.8419837,0.8285036,0.06511611
0.8380921,0.82132447,0.061294712
0.8378187,0.8208384,0.061320692
0.83732826,0.8212029,0.0611275
0.82476056,0.8264465,0.05907949
0.82114756,0.83492464,0.057213657
0.8258215,0.8358136,0.05776319
0.8142695,0.84280664,0.054824114
0.8156265,0.8406394,0.054198287
0.81763005,0.8560573,0.05883384
0.80252117,0.8490381,0.057667837
0.8019846,0.84906274,0.058178473
0.807557,0.8741817,0.059194934
0.80512136,0.87160563,0.059443004
0.79562926,0.867939,0.058758423
0.80211866,0.87051445,0.061349984
0.7986679,0.8744238,0.061111342
0.7989532,0.87767375,0.063774414
0.8031012,0.8724113,0.06411447
0.7913017,0.87145185,0.064681396
0.79278666,0.8731534,0.064330295
0.7923826,0.8646356,0.06417687
0.7921601,0.87172884,0.061460927
0.7949883,0.8709078,0.060433537
0.794418,0.8610361,0.06169078
0.78402215,0.866253,0.061118692
0.77768654,0.876257,0.06260394
0.77801377,0.8745444,0.06505925
0.8024982,0.87933415,0.06877452
0.80270755,0.8788541,0.06761855
0.8049432,0.8788257,0.06941407
0.81276965,0.88258004,0.07281893
0.807436,0.8826218,0.07549482
0.8126924,0.88515174,0.07343612
0.82626253,0.8711335,0.07198341
0.8361321,0.8751275,0.07917647
0.83793044,0.87226295,0.08096852
0.8381498,0.8722932,0.081447504
0.83371407,0.87853444,0.079624586
0.8252539,0.8754201,0.07538193
0.8260541,0.85802275,0.0758598
0.8246783,0.85523295,0.075297415
0.82828903,0.8650191,0.07826193
0.8228776,0.8699383,0.083706975
0.8214966,0.86766833,0.08158937
0.82164323,0.86673105,0.07568147
0.8098568,0.86990756,0.07156078
0.8185491,0.88286656,0.06820953
0.8210918,0.8793663,0.0693009
0.8173608,0.8791996,0.0698037
0.81764233,0.8726272,0.07435284
0.8179812,0.87311536,0.0745704
0.816246,0.8706863,0.07416488
0.81722534,0.86899495,0.07014703
0.8059856,0.8758976,0.074195825
0.79840606,0.8781974,0.07419622
0.79837286,0.8807644,0.069310695
0.8010655,0.87196785,0.06579175
0.7981293,0.8780214,0.068036586
0.7986187,0.87873995,0.06797119
0.7971382,0.8654845,0.06342676
0.7860632,0.86107624,0.060376003
0.7860924,0.8498544,0.05913103
0.7930577,0.846672,0.05942104
0.7920251,0.8403046,0.05980608
0.78225577,0.84895086,0.058564916
0.7773199,0.8512963,0.05766277
0.79822266,0.87107253,0.05805242
0.80398124,0.8751138,0.05766232
0.79962265,0.8736824,0.05666275
0.8066915,0.88254464,0.055252604
0.8069333,0.8739758,0.057766136
0.7882074,0.8644381,0.0561778
0.7939841,0.8521309,0.059617244
0.79607654,0.8547083,0.056932706
0.7918893,0.8535858,0.056726728
0.81019247,0.84964097,0.053918015
0.79912925,0.86554813,0.05116713
0.7964109,0.8684654,0.05116647
0.78061557,0.8734822,0.05085076
0.79087776,0.8844092,0.049557894
0.7898953,0.88485897,0.049427755
0.7885952,0.87710154,0.049728326
0.7674149,0.86445034,0.04923526
0.76667595,0.8662934,0.047536742
0.7672454,0.8661689,0.04774268
0.76197016,0.85410124,0.04679733
0.7680103,0.8462579,0.045517664
0.7606009,0.8259962,0.044902116
0.75279045,0.82604015,0.04553443
0.74896795,0.8224723,0.045477286
0.7530067,0.8279659,0.044523932
0.7574526,0.8463467,0.045513086
0.7554729,0.8394491,0.048731945
0.77244514,0.8330282,0.049395245
0.7828592,0.8243836,0.05086068
0.7844046,0.82664514,0.05051561
0.78308415,0.82074475,0.049347408
0.7897748,0.83318263,0.05006319
0.80882883,0.8327523,0.04844597
0.7953139,0.849601,0.046225823
0.7970622,0.856741,0.049063012
0.79718804,0.8569738,0.049239174
0.7937636,0.87373185,0.050224766
0.7883725,0.8646445,0.048685815
0.79094696,0.8698118,0.051086344
0.7896085,0.8748787,0.051407967
0.7898756,0.87345976,0.052809227
0.7873756,0.88146627,0.051130638
0.79567736,0.87633425,0.051576216
0.79038316,0.8721222,0.050502006
0.80254185,0.8651617,0.048350606
0.77535164,0.8597326,0.050977156
0.7752756,0.8627258,0.05227061
0.7668061,0.8780288,0.05368826
0.7612514,0.8791275,0.05076519
0.76470876,0.8752427,0.04930227
0.765464,0.877861,0.04909298
0.776804,0.87604076,0.048985895
0.77067137,0.8839837,0.048222926
0.7640228,0.88147503,0.048490986
0.7768839,0.87338966,0.047109652
0.7676698,0.8781914,0.04674325
0.7727876,0.8761931,0.045314074
0.76390415,0.8804134,0.04308496
0.7621818,0.8805037,0.044848826
0.764267,0.8822051,0.046725713
0.763883,0.8849388,0.04712856
0.7659419,0.8815043,0.04725436
0.7612599,0.87380505,0.046681896
0.75813514,0.8671369,0.044264596
0.75311834,0.8653486,0.04360219
0.75396013,0.8735547,0.044613313
0.7585527,0.8699814,0.043773185
0.76160496,0.8736468,0.04310966
0.76347333,0.87693393,0.042012848
0.76116693,0.87408847,0.043375753
0.7524632,0.8829064,0.042879507
0.75072974,0.8609541,0.04223369
0.7523868,0.8651445,0.042014115
0.74908125,0.863625,0.04281138
0.740964,0.85900307,0.04270882
0.737936,0.8596106,0.043275695
0.7406185,0.8619222,0.04222246
0.7569837,0.8788471,0.042500254
0.75262916,0.86776,0.039933976
0.75023377,0.8697927,0.04088534
0.7534777,0.8668522,0.041607384
0.7597734,0.86627054,0.041117698
0.7584738,0.8717509,0.040199492
0.7575947,0.8739005,0.04027049
0.77369416,0.87963295,0.040738974
0.7770575,0.88083524,0.040963437
0.7774098,0.8821178,0.040552843
0.77628595,0.8781797,0.042145498
0.7712785,0.8761899,0.041249525
0.7776896,0.8769336,0.040435817
0.79217076,0.87653184,0.040571697
0.79406023,0.8781009,0.043712623
0.79285794,0.8818256,0.043774314
0.7896366,0.88381106,0.04380668
0.79098076,0.8836043,0.043648392
0.7811258,0.8833303,0.044317316
0.7775384,0.8784202,0.04323179
0.78056425,0.88138175,0.0436393
0.79132086,0.87468,0.045561045
0.79522145,0.8818592,0.047070455
0.801329,0.883148,0.047434423
0.8004522,0.88002,0.04879233
0.7960918,0.87464124,0.048777394
0.7968178,0.87275785,0.049149215
0.8014488,0.8648702,0.059019934
0.8037267,0.86459756,0.059375763
0.79826117,0.8482281,0.060562454
0.80437773,0.8547786,0.061451577
0.80494213,0.85818803,0.061865695
0.80402064,0.8647119,0.059216317
0.8062223,0.85851586,0.055062655
0.8138253,0.8528956,0.05651046
0.8114073,0.84412885,0.05696628
0.81072044,0.8497652,0.059093356
0.8131309,0.8550616,0.060950384
0.8213842,0.8460611,0.059349578
0.8221721,0.84543115,0.059383392
0.8030572,0.8396133,0.055543136
0.8048839,0.8379866,0.05654859
0.82420576,0.8412861,0.057670247
0.833729,0.82744837,0.05682397
0.8411924,0.828716,0.052665822
0.84688646,0.82345164,0.05315462
0.85052526,0.8367117,0.05308387
0.8500246,0.84189034,0.05321648
0.84769833,0.843008,0.055510927
0.8405874,0.8397248,0.055515125
0.8321248,0.841648,0.057553433
0.8338392,0.86251384,0.056266066
0.8412217,0.85552794,0.060244277
0.8335085,0.8360055,0.06319738
0.8379893,0.83453804,0.061106667
0.8314924,0.8607792,0.05208091
0.82862663,0.85634017,0.05237758
0.84187514,0.8454613,0.050639935
0.8453909,0.84381485,0.049757723
0.85472715,0.84593755,0.045249186
0.85643756,0.8417914,0.044561833
0.8543041,0.8384595,0.044924084
0.83228356,0.85495394,0.050073415
0.84131545,0.84374696,0.048870876
0.8419701,0.84137404,0.04878196
0.8400371,0.83845776,0.048018936
0.8339613,0.83183926,0.049704976
0.8243592,0.83478826,0.04947025
0.83672786,0.82811046,0.05264078
0.83399487,0.82853216,0.05680316
0.8325805,0.8206281,0.056014687
0.83908856,0.82150584,0.059762854
0.83855295,0.82345486,0.059223033
0.836685,0.8341032,0.05800106
0.8384358,0.8288723,0.058444373
0.83440095,0.8289232,0.060374472
0.84243006,0.8207602,0.05970308
0.8491621,0.83399314,0.057082858
0.85217357,0.8330839,0.056915876
0.8506261,0.83390343,0.055819772
0.8518227,0.8404132,0.057927907
0.8541313,0.82872427,0.063238546
0.8517441,0.83968025,0.06505541
0.85716385,0.84243083,0.06722673
0.8516314,0.83703166,0.06824847
0.8410055,0.8398651,0.06786577
0.8390249,0.82953066,0.06834999
0.8392609,0.8293265,0.068201624
0.8344252,0.8283881,0.06662514
0.838133,0.8193579,0.067397505
0.84912574,0.8321744,0.06826648
0.84336245,0.82753664,0.068282135
0.84847856,0.8262142,0.068662204
0.85612035,0.81500494,0.07006825
0.85742176,0.80390865,0.06887639
0.8592193,0.8017898,0.06671112
0.85747063,0.7962211,0.06694811
0.8726642,0.78429645,0.06651681
0.8650264,0.7607598,0.07082307
0.8694803,0.75389916,0.06818789
0.8666806,0.75933117,0.070994265
0.86160594,0.7815713,0.069963105
0.8611564,0.7869758,0.06962225
0.8585224,0.7924748,0.06829998
0.8529436,0.79664844,0.06861007
0.8687667,0.80140996,0.070113085
0.8667457,0.80065817,0.07001163
0.8652518,0.7870572,0.067218274
0.86119354,0.79443735,0.06850745
0.86056733,0.7856264,0.07052092
0.85301846,0.8116076,0.073753
0.8508792,0.80687344,0.073111854
0.84959364,0.8059231,0.07436992
0.83632255,0.83571976,0.07988968
0.8383019,0.8237405,0.080616646
0.8278609,0.8321591,0.077228524
0.83255637,0.83365,0.08177029
0.82843643,0.8419878,0.080193006
0.83309054,0.84701127,0.07927166
0.82704884,0.8400896,0.07861829
0.8139199,0.848541,0.07601303
0.8152261,0.8498811,0.07717755
0.81386095,0.85646677,0.07097557
0.81857294,0.850919,0.07206331
0.8153871,0.8509186,0.070985414
0.8192315,0.8444555,0.07036801
0.82186955,0.84556615,0.072402276
0.8294702,0.82846546,0.07547109
0.83076686,0.82469195,0.07301021
0.83148944,0.82739085,0.07394076
0.8287279,0.82635844,0.07545015
0.82403135,0.8206781,0.070857316
0.8237264,0.8215643,0.07174702
0.8265967,0.82309264,0.07492333
0.82944226,0.8264795,0.07685694
0.8216049,0.8291063,0.07482563
0.8354917,0.82236046,0.075173855
0.83840954,0.844742,0.07293199
0.8458728,0.8305997,0.07398549
0.8543105,0.83435136,0.07465124
0.8646193,0.8488462,0.076563545
0.86445695,0.8484175,0.07619841
0.865074,0.84590626,0.07542171
0.86553884,0.84216326,0.07425188
0.86755717,0.84114015,0.07325949
0.86932105,0.83709776,0.073134266
0.87702596,0.8431917,0.074714944
0.8792206,0.83979046,0.07275757
0.88140607,0.8369006,0.07256626
0.8771534,0.82853496,0.07188389
0.8722418,0.83805066,0.06906875
0.8714914,0.83785063,0.06717538
0.87783724,0.82895833,0.06561266
0.872352,0.8279697,0.06772881
0.87616026,0.8330757,0.069007576
0.87501144,0.83567107,0.07080748
0.8769589,0.8329422,0.06713151
0.8634027,0.83459055,0.07842554
0.8598894,0.83166736,0.07855016
0.8475278,0.84001684,0.08233985
0.8663489,0.84307075,0.08211412
0.85556984,0.8432724,0.08373964
0.8506642,0.8425982,0.0838398
0.84935135,0.8524507,0.086521916
0.8310765,0.8471742,0.08101133
0.8238873,0.85986024,0.07340754
0.82484406,0.8607544,0.07578981
0.82931894,0.85697055,0.076740034
0.8340134,0.8636424,0.071586795
0.8509759,0.8788769,0.07445526
0.8524942,0.87858784,0.07369924
0.85221297,0.87696916,0.073464565
0.844785,0.8789005,0.0758667
0.84084874,0.88149095,0.076117486
0.84525514,0.87930936,0.075057924
0.84884596,0.8772198,0.077346765
0.84748554,0.8832039,0.07439653
0.8486161,0.88193727,0.075156115
0.8434094,0.87897325,0.07664912
0.84005654,0.87271833,0.071657546
0.84266,0.8705276,0.0707378
0.8431021,0.8695701,0.07117568
0.846948,0.87139755,0.07155726
0.84780765,0.87459636,0.07158003
0.854481,0.8752937,0.07271618
0.8430834,0.86733776,0.07343033
0.8699851,0.8533011,0.07146159
0.8702786,0.8549032,0.074996635
0.87423086,0.85483766,0.07090779
0.87561494,0.86074376,0.07122253
0.86847746,0.8568511,0.078343555
0.8552679,0.847545,0.08353148
0.85452175,0.84481174,0.083750136
0.85384166,0.8470227,0.08197422
0.8454638,0.84989613,0.08326298
0.8521442,0.8406793,0.08085027
0.8496504,0.83754385,0.08122919
0.8441247,0.8430894,0.08031912
0.8451015,0.8412026,0.07993151
0.8501461,0.8461992,0.08300126
0.8670504,0.8337283,0.085199006
0.8785347,0.8246289,0.08389517
0.8758018,0.8257526,0.08341279
0.87945354,0.82136154,0.08259545
0.87470806,0.8199335,0.08226008
0.8722279,0.8214383,0.08184895
0.8737596,0.8171119,0.08337073
0.8720465,0.8178791,0.07927375
0.8596977,0.8164259,0.08266799
0.86188936,0.83805853,0.08314003
0.8546663,0.83753264,0.082154065
0.8538759,0.833612,0.08257032
0.85652596,0.8344567,0.08277044
0.8528629,0.84151965,0.08346059
0.85266554,0.8435418,0.08381969
0.8566346,0.84533435,0.08541564
0.8667419,0.84336036,0.08530818
0.86470336,0.8446092,0.08615568
0.85558265,0.8227415,0.087459624
0.8577805,0.82225615,0.08786192
0.8581526,0.82766336,0.086960986
0.85657054,0.8306954,0.08642705
0.8587187,0.8397821,0.08820521
0.84520614,0.8335788,0.09283561
0.8541431,0.8426006,0.09770874
0.8387576,0.84306824,0.09318508
0.8400029,0.84430575,0.090688705
0.8433719,0.84105915,0.08921763
0.8459498,0.82946706,0.08904901
0.8491984,0.82889646,0.09265851
0.84944695,0.8318372,0.08729635
0.84546757,0.84549725,0.09269313
0.8447413,0.8433694,0.09315651
0.8287359,0.84765404,0.09071486
0.8236909,0.853209,0.08735901
0.81927836,0.8428285,0.09082105
0.82609236,0.84437084,0.091122985
0.82991606,0.84195685,0.08495222
0.8291487,0.84904855,0.08312129
0.8228733,0.84470683,0.086123794
0.83017355,0.8329739,0.08531877
0.8262354,0.82284623,0.08460788
0.826519,0.8277963,0.08286445
0.82669526,0.83093953,0.08390667
0.82920456,0.8356392,0.085063465
0.8273529,0.839107,0.08380837
0.8280902,0.8486383,0.080821395
0.82556206,0.8512591,0.0816161
0.824181,0.85245395,0.07903951
0.8163884,0.85641366,0.08451895
0.8124391,0.8523016,0.08152283
0.81450677,0.8554386,0.07599762
0.8121381,0.85612357,0.07644706
0.813654,0.8405393,0.07682539
0.80986184,0.8282537,0.0764219
0.83959603,0.8431597,0.070174046
0.84147596,0.86624986,0.06966083
0.8432203,0.8562666,0.067716695
0.8349774,0.8645326,0.06503189
0.83194953,0.8798066,0.063735306
0.8256439,0.879855,0.06448994
0.82573843,0.880077,0.064521044
0.82635075,0.8814309,0.064381145
0.8347511,0.87490845,0.066417925
0.83916235,0.85847384,0.06609409
0.8384153,0.8600603,0.066183314
0.8360795,0.8706616,0.06930114
0.84092164,0.8618241,0.0666204
0.8442255,0.85301894,0.06644766
0.8317491,0.8580814,0.06237571
0.82986975,0.85922796,0.06226805
0.8282851,0.8665017,0.064565234
0.84264606,0.8519726,0.06648485
0.84406984,0.8451344,0.06574183
0.8357985,0.85494787,0.07079732
0.84039015,0.8523913,0.06525268
0.83614606,0.8526932,0.06239153
0.83493686,0.83102745,0.06325903
0.8355316,0.84596276,0.0635972
0.84032154,0.8430017,0.06613148
0.83176565,0.83387446,0.06277561
0.83540845,0.8359521,0.06496644
0.82985634,0.8287214,0.064130254
0.828716,0.8313012,0.06404676
0.8267326,0.82505184,0.06415411
0.8264188,0.8208552,0.0640017
0.8270004,0.82302463,0.06293753
0.8247691,0.817992,0.06305035
0.83487135,0.8072313,0.06324524
0.8452018,0.7993586,0.0672263
0.85188067,0.80062807,0.06659914
0.8419179,0.79670084,0.06696585
0.84825456,0.8078932,0.07037329
0.8487655,0.80599445,0.06882656
0.8518715,0.79892784,0.06770118
0.8472937,0.7973923,0.067253634
0.83931136,0.7845791,0.068722256
0.8454354,0.7789147,0.07052569
0.845385,0.77951336,0.07111746
0.8566762,0.801704,0.07604028
0.8584381,0.80271417,0.07775345
0.86158097,0.8031743,0.07987289
0.87090755,0.7985387,0.0810583
0.8629823,0.79969853,0.08293998
0.86186713,0.80121315,0.083432026
0.8560971,0.8098297,0.08860166
0.8549911,0.8219117,0.08729722
0.85766923,0.8279116,0.08726567
0.8592263,0.8314927,0.086307116
0.86004096,0.83017975,0.08584729
0.85664946,0.82681304,0.09003526
0.8712693,0.8310613,0.09457157
0.86216164,0.84319824,0.09757131
0.8618692,0.8440433,0.09836232
0.87091476,0.86023647,0.09842351
0.87862206,0.8657983,0.09793707
0.853102,0.8602716,0.1007877
0.85848045,0.8632853,0.10202032
0.8561686,0.86861753,0.10096689
0.86868125,0.8657765,0.09992336
0.8694947,0.8619273,0.09859462
0.8823513,0.8846194,0.09281867
0.882423,0.8831257,0.09321067
0.87525666,0.860251,0.08748979
0.87711257,0.86320233,0.08857048
0.8857675,0.86340874,0.083742544
0.88041914,0.843165,0.08821117
0.8681238,0.8339971,0.0840378
0.8719921,0.8347021,0.08159435
0.88272214,0.8208389,0.08399683
0.8710359,0.81336117,0.084016405
0.8752512,0.8244075,0.08770756
0.8796902,0.83651006,0.08812067
0.8785297,0.8198509,0.09064592
0.87477195,0.825753,0.0925203
0.8717601,0.81863666,0.09369424
0.8716305,0.8199452,0.09422166
0.8754797,0.83808875,0.0928496
0.8723723,0.835402,0.09175764
0.860994,0.8440229,0.09079951
0.86564255,0.85031193,0.09073533
0.86411417,0.84519684,0.093586974
0.8629926,0.84388566,0.09306412
0.8680228,0.85001755,0.090468764
0.8728219,0.8445721,0.08466021
0.88352007,0.8391419,0.08380308
0.8831955,0.84206927,0.08380435
0.8889827,0.8426775,0.08994839
0.8818455,0.8389076,0.08982575
0.87107515,0.844471,0.09409012
0.875803,0.84727186,0.09321464
0.87088484,0.86217946,0.09452955
0.8744137,0.8566728,0.0917312
0.889716,0.87255085,0.0910667
0.90305483,0.8719233,0.091376975
0.90017426,0.85638624,0.09038361
0.8846966,0.83931535,0.08392757
0.88427603,0.83973813,0.08424529
0.8858254,0.83848095,0.08329376
0.88134444,0.8308476,0.08108853
0.8844001,0.8230352,0.08032553
0.88606495,0.8221264,0.07837725
0.8890525,0.82509184,0.077631384
0.88441896,0.8306783,0.08052895
0.8864691,0.83207995,0.081163704
0.88810515,0.83601385,0.07748687
0.880983,0.83201146,0.07752777
0.8814038,0.83866054,0.07930946
0.8841961,0.8321089,0.078381404
0.8866901,0.8333371,0.080952905
0.88441813,0.8345953,0.080440216
0.8955526,0.8293818,0.08153636
0.8929857,0.82561123,0.082432225
0.89035404,0.8260907,0.08351031
0.888701,0.8301093,0.08264614
0.8905839,0.8273488,0.08334397
0.8907016,0.82578176,0.08382399
0.87784654,0.8338686,0.08412886
0.876882,0.8307899,0.08237369
0.8809717,0.83368087,0.08181479
0.88247776,0.8297119,0.08322509
0.8870325,0.8200723,0.08284968
0.8870674,0.82548547,0.08213273
0.8806495,0.81808656,0.082494356
0.88082206,0.81695336,0.08234734
0.8833895,0.8147429,0.08197814
0.8727612,0.82218313,0.082427986
0.87427276,0.82911515,0.0838118
0.8697342,0.8359054,0.07768892
0.8679341,0.8350054,0.07766447
0.86501944,0.8409481,0.077120274
0.85929835,0.83941734,0.07604819
0.85789204,0.8321716,0.07403232
0.8538118,0.82985026,0.07276199
0.8537526,0.83586437,0.07352018
0.8635534,0.840022,0.07201002
0.86349475,0.84526914,0.07068771
0.8665721,0.83337,0.07125613
0.87007105,0.83120376,0.07314796
0.8657956,0.8244337,0.0728667
0.85475564,0.82768244,0.07202558
0.8525331,0.83236694,0.07157691
0.86702484,0.8348139,0.07019486
0.8709907,0.83071846,0.070098214
0.85958064,0.84317243,0.06851054
0.8606422,0.84444225,0.06740208
0.8642111,0.8403968,0.067757934
0.84735376,0.8517694,0.07228617
0.8503645,0.8547614,0.07297599
0.8527143,0.8510341,0.07204821
0.8574119,0.85115075,0.068106666
0.8653772,0.8431627,0.06844086
0.863601,0.8457152,0.06864442
0.8702328,0.84948856,0.06942374
0.876631,0.84752464,0.06741114
0.8756433,0.8399571,0.07039702
0.87691575,0.8416315,0.06977512
0.86382425,0.8286861,0.07292945
0.8753585,0.8255604,0.07626677
0.877897,0.82773,0.077717625
0.8735688,0.8381833,0.07002505
0.8756227,0.83398455,0.06834297
0.8714365,0.8457055,0.068719395
0.8696695,0.838457,0.06662472
0.8738166,0.8342385,0.06710806
0.88536584,0.8324346,0.06816563
0.8878908,0.8275812,0.06853506
0.8915791,0.83981633,0.067673676
0.895509,0.84297115,0.0688442
0.8782466,0.8446901,0.07063656
0.879284,0.8414279,0.06926849
0.8780099,0.83864367,0.07523649
0.88017464,0.8301543,0.07429862
0.8802623,0.82921,0.07405385
0.87925476,0.8262058,0.074934706
0.8807389,0.8293839,0.07366345
0.8815767,0.8300277,0.073524304
0.87858534,0.82157695,0.074542664
0.8864797,0.82447326,0.07330048
0.8862335,0.81557024,0.07205257
0.8735665,0.8199677,0.08226017
0.87069273,0.8248976,0.08084478
0.8702059,0.8232387,0.078668036
0.8700336,0.8266131,0.07725524
0.8616923,0.8280159,0.07971831
0.8685745,0.8257034,0.07909092
0.8556588,0.8352674,0.080169216
0.8591273,0.8393524,0.08284443
0.87624323,0.84587985,0.08718966
0.88279426,0.83969915,0.08572165
0.88667643,0.8335207,0.087853186
0.8881642,0.8321823,0.08832144
0.902076,0.83124393,0.086559236
0.9007725,0.8233383,0.08853892
0.8976626,0.8298845,0.08937795
0.8925707,0.8261384,0.0932094
0.8945331,0.828501,0.09318217
0.8971915,0.8371585,0.093897015
0.90625364,0.83481187,0.0924443
0.89673305,0.8428224,0.09204115
0.9022595,0.8474209,0.09258145
0.8985423,0.8513263,0.08487964
0.8964826,0.84707755,0.084653586
0.8900108,0.82692456,0.08797439
0.89279,0.832428,0.084066235
0.88633275,0.82185215,0.080277
0.88296145,0.8088255,0.08084919
0.878187,0.81294084,0.08000791
0.8820293,0.81284475,0.077860385
0.8819462,0.82133436,0.080219254
0.879478,0.8195231,0.07882803
0.8798908,0.83050746,0.07839308
0.8822165,0.8348939,0.0811026
0.885363,0.83353615,0.08039245
0.8805858,0.82649916,0.08085612
0.8780178,0.83049804,0.08964356
0.87609863,0.8397928,0.08910024
0.8734642,0.8464038,0.085076585
0.8827254,0.83453757,0.08400307
0.8649565,0.84738094,0.09223961
0.87058496,0.8536335,0.094154865
0.86030763,0.84652364,0.09377794
0.8471446,0.8405538,0.10176752
0.8445678,0.8479077,0.10659433
0.8499363,0.8461719,0.106048696
0.8506714,0.8475909,0.105640866
0.8497072,0.8409416,0.10737039
0.8557733,0.834016,0.10974157
0.85084516,0.8329027,0.11605488
0.85154843,0.83030736,0.11475039
0.84723085,0.81987095,0.11794752
0.8553318,0.83233166,0.11167775
0.8574735,0.8337359,0.11001461
0.860172,0.84162927,0.10478905
0.8627114,0.84499013,0.10572732
0.8592963,0.84601206,0.10425587
0.8561242,0.8551091,0.10326923
0.85920274,0.8546022,0.10201755
0.8480856,0.8486272,0.0987725
0.84484607,0.84518003,0.097109556
0.8380685,0.8466189,0.095549196
0.836614,0.8534752,0.09504498
0.8413211,0.84165525,0.095836125
0.84532154,0.84177434,0.095312804
0.8482046,0.83853924,0.093691215
0.85702175,0.83354414,0.09872097
0.8590143,0.8315927,0.09780976
0.85861635,0.8300591,0.09995261
0.8631795,0.81935245,0.0944726
0.8638717,0.8187981,0.09578364
0.858132,0.7804104,0.09472874
0.8636534,0.7846122,0.09507451
0.8573524,0.76910985,0.09334143
0.8617673,0.77688044,0.093189225
0.86977345,0.7670586,0.089100726
0.86351573,0.75700057,0.0892502
0.86321634,0.7632016,0.09048312
0.8618803,0.75566304,0.090352334
0.86583483,0.76217645,0.088920504
0.8782546,0.7849905,0.08263931
0.8643385,0.75854254,0.07948316
0.85911703,0.7583547,0.08188626
0.8562429,0.77247226,0.081366844
0.86752206,0.7989585,0.08034022
0.8686822,0.79916334,0.08198178
0.8652236,0.8073543,0.083456054
0.86364776,0.8061886,0.08308154
0.875018,0.8160523,0.07825464
0.878509,0.8181686,0.07861908
0.8793324,0.82833725,0.07926832
0.88746583,0.82269543,0.081517525
0.88187885,0.8291476,0.0767236
0.8799423,0.82637936,0.07245036
0.86808586,0.8363124,0.070987396
0.8681561,0.8409397,0.069665276
0.8676354,0.8365579,0.07139177
0.87343746,0.8300448,0.0716151
0.8631246,0.83208025,0.07379421
0.8711447,0.8411782,0.0704848
0.8656815,0.8417121,0.073933676
0.87055767,0.85742,0.07790038
0.8809231,0.86958617,0.08318889
0.8825873,0.8710928,0.080033384
0.87628263,0.8685891,0.07548555
0.86983484,0.8555791,0.07415158
0.86006284,0.8445884,0.07414294
0.8561662,0.84070647,0.07357535
0.8359826,0.84081125,0.07201111
0.8328604,0.8363016,0.071873054
0.8308632,0.83872014,0.07337302
0.8050142,0.8815745,0.07247792
0.79624426,0.8828858,0.07211334
0.79475516,0.87902707,0.072719105
0.7961686,0.8803328,0.07399594
0.7915026,0.8794164,0.07158113
0.79726535,0.8807471,0.06756725
0.81940323,0.88098955,0.0693622
0.8163806,0.88259935,0.069680005
0.8187512,0.8839748,0.06985679
0.81671834,0.8843332,0.0698024
0.8351294,0.8816942,0.07032014
0.84666896,0.8791837,0.07280689
0.8340813,0.88515365,0.07484358
0.83414567,0.88500124,0.0747009
0.8304916,0.8833447,0.07424599
0.8230007,0.8785364,0.07276483
0.83197844,0.8723351,0.0708549
0.83690566,0.87246376,0.07121682
0.83838826,0.8709066,0.06885279
0.84462386,0.8704146,0.06667954
0.83075714,0.86079496,0.06318165
0.8221377,0.85929906,0.06479367
0.82557225,0.861514,0.064834796
0.8268087,0.861127,0.0652585
0.8267548,0.85941607,0.0631836
0.8310628,0.8529307,0.0630492
0.8231755,0.8583605,0.06699866
0.8244221,0.8535042,0.06519922
0.83966815,0.87325245,0.06243241
0.83894,0.8742098,0.061398093
0.8268207,0.8731614,0.06238896
0.828879,0.8658108,0.05907301
0.8331026,0.8763344,0.05693052
0.8256459,0.8826495,0.05867226
0.826168,0.88381,0.05855056
0.82219523,0.879273,0.058371335
0.82483387,0.88220793,0.059154894
0.82784164,0.8832172,0.059335843
0.8300974,0.87628365,0.05560419
0.83506006,0.8742226,0.055168975
0.83521074,0.8698721,0.055308476
0.8350279,0.87138325,0.05774746
0.83484584,0.87922996,0.056556534
0.8362652,0.8783294,0.05738214
0.8365563,0.8812359,0.05769929
0.83649194,0.88386315,0.0658341
0.83702934,0.873297,0.06430264
0.8425092,0.8673763,0.06460113
0.8423909,0.8746737,0.06709608
0.8421414,0.8762567,0.06699501
0.83584666,0.88212305,0.06277929
0.8228699,0.8849973,0.06884959
0.8223248,0.8810829,0.069949366
0.82203543,0.87825173,0.069322385
0.8204912,0.876526,0.06868214
0.80978143,0.8763476,0.06468297
0.81256163,0.8725643,0.06739343
0.8105606,0.88061637,0.0653848
0.7943582,0.86469764,0.06597067
0.79650676,0.8703991,0.069398485
0.8049159,0.87905043,0.06468055
0.80953944,0.8708074,0.06762477
0.8095578,0.87016606,0.066886
0.7930757,0.8718213,0.06568758
0.8064347,0.8789877,0.06611237
0.807329,0.87074286,0.064865224
0.8046282,0.87735474,0.06397104
0.8064471,0.87895155,0.06573688
0.8116141,0.87515086,0.062060915
0.8112857,0.8740655,0.062060077
0.8074732,0.8699705,0.061910942
0.8101094,0.8744219,0.06419847
0.81168234,0.87320155,0.064194284
0.81681156,0.86847466,0.058554836
0.816586,0.873272,0.058989998
0.8143237,0.87436646,0.05933402
0.81552714,0.87636375,0.0592567
0.81822264,0.8847694,0.06270086
0.81607866,0.88406926,0.062839724
0.8194926,0.88155997,0.06311867
0.826927,0.8787163,0.062164657
0.8284586,0.87855375,0.0617014
0.8285607,0.87505776,0.061123274
0.82991505,0.87774575,0.06152298
0.82579184,0.8833973,0.06090028
0.8220744,0.8802322,0.05570387
0.8258108,0.87860036,0.05839
0.83756024,0.87258637,0.059860177
0.83738256,0.87131566,0.060472753
0.83731985,0.87375,0.060105167
0.8359087,0.8729065,0.058569763
0.8377665,0.86505723,0.05826693
0.84482515,0.86635137,0.061051317
0.8376368,0.84802866,0.061888743
0.84120065,0.8446592,0.06294976
0.84948564,0.8430952,0.059265368
0.8566809,0.85096776,0.058367506
0.8507091,0.84177494,0.061488483
0.8515259,0.8458742,0.059029702
0.8389001,0.8404903,0.0559047
0.8291733,0.83181113,0.05624185
0.8333765,0.8311198,0.05367716
0.8278669,0.8389127,0.053384386
0.8296329,0.83509177,0.0530002
0.83439183,0.8278548,0.053682666
0.8318503,0.83369803,0.053267412
0.8384048,0.8272502,0.05341923
0.841506,0.8203731,0.052581407
0.83908683,0.8247721,0.05324343
0.8395653,0.8338938,0.05296351
0.846874,0.8353455,0.05542928
0.85554636,0.8451551,0.052589953
0.8690792,0.8370598,0.054869954
0.8629031,0.842833,0.053705953
0.8663323,0.8453472,0.05414828
0.8662195,0.8355513,0.05087532
0.86984617,0.83933234,0.050408293
0.8790797,0.8461939,0.051362142
0.85987085,0.832128,0.049462687
0.8552143,0.8368135,0.05629761
0.8553615,0.8372487,0.056634255
0.85372263,0.8339908,0.05307524
0.8481658,0.8204111,0.050838884
0.84573203,0.82422847,0.051045284
0.85790396,0.8254927,0.052824423
0.8734179,0.8338142,0.05615695
0.87725484,0.8216154,0.058212515
0.87493205,0.8175411,0.058242127
0.8730464,0.82750803,0.060629413
0.87005484,0.8244871,0.06432245
0.8679001,0.81304336,0.061831642
0.8687374,0.8208601,0.06598139
0.8604645,0.82903993,0.06532749
0.8602897,0.834583,0.061409943
0.84590834,0.81943905,0.061752938
0.8257297,0.8253004,0.06742905
0.8273512,0.8307859,0.06890923
0.82213473,0.8222523,0.068445496
0.82461107,0.8068625,0.06650828
0.82323647,0.82752764,0.0649017
0.82614267,0.83654577,0.06726487
0.8288217,0.84056777,0.06771299
0.8286004,0.84048826,0.06922009
0.8281262,0.8356057,0.06799778
0.8232249,0.83065873,0.06799856
0.8285041,0.8315965,0.07039451
0.8342732,0.8255133,0.071752176
0.83282536,0.8232076,0.073502176
0.83054805,0.83544767,0.07324115
0.8448757,0.8369978,0.072046824
0.8421621,0.8355876,0.0711457
0.8402956,0.8614899,0.069029175
0.8582384,0.8578196,0.067057036
0.85580057,0.857822,0.06637118
0.8545033,0.8579986,0.06592224
0.8463657,0.85445213,0.06887883
0.8475518,0.85374933,0.07399818
0.84218216,0.8441245,0.07053708
0.8426797,0.8459084,0.06964759
0.8568399,0.84981817,0.06599352
0.8574574,0.8477914,0.06462812
0.8501368,0.8507496,0.06563144
0.8507426,0.85211545,0.06562045
0.8517689,0.848906,0.06742296
0.86271113,0.8631437,0.06580852
0.8786592,0.8625578,0.06833483
0.86995685,0.8721422,0.069638886
0.8652003,0.8645023,0.069916755
0.86377907,0.8630503,0.07097886
0.85849464,0.8655479,0.07470298
0.8613952,0.8377434,0.07721263
0.8655788,0.83698595,0.07833624
0.8612992,0.8456351,0.083515085
0.8675963,0.84536624,0.08325636
0.86529386,0.8467155,0.083337754
0.86752725,0.83953804,0.0780363
0.8683429,0.83828205,0.07901252
0.87391603,0.82981616,0.07855707
0.8749376,0.83753514,0.07834559
0.8906198,0.8337605,0.07618978
0.8870427,0.8278553,0.07479931
0.8971156,0.8300207,0.073124215
0.8977135,0.8299133,0.07293177
0.90234894,0.8321681,0.07761955
0.90145457,0.83678347,0.07776298
0.89578825,0.8326508,0.07726764
0.89134437,0.8355851,0.07784756
0.88909453,0.8330425,0.0774111
0.86784804,0.8428268,0.076318055
0.8718705,0.8402948,0.0755973
0.87109965,0.8446281,0.07422195
0.87863475,0.8499938,0.070909224
0.86029077,0.833633,0.07710737
0.8588801,0.83840674,0.07953362
0.8559574,0.83889735,0.07932284
0.8628001,0.83796203,0.079142444
0.87068194,0.8359699,0.08111667
0.8850281,0.83027786,0.0801714
0.8871803,0.83483297,0.081308894
0.9008044,0.83892137,0.08010384
0.9019563,0.83896416,0.0805912
0.89758474,0.8445042,0.07763367
0.8965904,0.84066975,0.07662196
0.8973153,0.85328066,0.07597558
0.88166815,0.8585619,0.07949844
0.87928164,0.857352,0.08180904
0.87816685,0.85683197,0.08242665
0.87787664,0.8601884,0.08165104
0.8710947,0.86316895,0.079664014
0.8733243,0.86703885,0.07986566
0.8726983,0.86227256,0.079436526
0.86517245,0.86348444,0.07990641
0.85769963,0.86230105,0.08061445
0.84284854,0.86910236,0.078682676
0.84552765,0.8676252,0.07944092
0.84752655,0.8751675,0.08354098
0.8467753,0.87483335,0.08335828
0.8445718,0.87393934,0.0888715
0.84656036,0.87466466,0.08956349
0.8608477,0.872693,0.090007685
0.86574525,0.86593175,0.089289054
0.8619665,0.86332226,0.092441335
0.856092,0.8649826,0.0943817
0.8583962,0.8640089,0.092072956
0.84984756,0.8519324,0.08816809
0.8548113,0.8613198,0.084019914
0.85645777,0.87497205,0.08803214
0.8569081,0.8711543,0.083835214
0.8479887,0.8591214,0.081628144
0.8363091,0.8461726,0.07811397
0.823715,0.8391519,0.07996886
0.82345784,0.8407246,0.07967111
0.8263562,0.837583,0.0766072
0.82063305,0.83834445,0.07775287
0.8204955,0.83178884,0.078320526
0.8266652,0.8295665,0.07874665
0.8246288,0.83823574,0.077641286
0.81241316,0.83565515,0.078293905
0.8124702,0.83707464,0.078370035
0.8198535,0.83553904,0.070874035
0.81280327,0.8410186,0.06978367
0.8128916,0.84991443,0.06900553
0.8205337,0.85502166,0.070595145
0.81280667,0.86110157,0.0670674
0.8150716,0.86272323,0.06722775
0.8172972,0.8701325,0.068786785
0.8222211,0.8527404,0.06793055
0.8195946,0.846345,0.07074641
0.82656866,0.8520841,0.070412524
0.8278894,0.8546458,0.07143359
0.83513075,0.8450715,0.07268194
0.81238896,0.85432935,0.07380668
0.8063584,0.8617021,0.072623424
0.7972326,0.8613609,0.07747215
0.80846786,0.8554163,0.07660199
0.8031488,0.8600291,0.07569254
0.809873,0.8672873,0.075976215
0.81420916,0.8565029,0.073477045
0.828467,0.83786774,0.07216644
0.82819945,0.83616185,0.07165499
0.8205085,0.83947974,0.07225998
0.845431,0.84266484,0.06838445
0.84397644,0.837687,0.06764488
0.8448693,0.83831453,0.067384094
0.8545072,0.8391292,0.06635403
0.84878033,0.83465457,0.06645309
0.8557878,0.8285839,0.067694694
0.85524386,0.83317125,0.068251155
0.86191785,0.8240817,0.067075066
0.86662793,0.82747024,0.068047695
0.86627495,0.8280921,0.07052461
0.85781133,0.8404571,0.06795629
0.8657665,0.83667225,0.067402184
0.83642495,0.82786447,0.062651
0.83009136,0.8293902,0.062440928
0.8427818,0.8350608,0.06526429
0.8437338,0.8431447,0.06581623
0.8481205,0.8202074,0.070848465
0.8495873,0.83502764,0.06934491
0.85385096,0.829701,0.06996574
0.85840106,0.8196068,0.07205913
0.8554217,0.81969136,0.068820864
0.8609458,0.8240069,0.07049516
0.86279285,0.826739,0.07265222
0.8677335,0.8339512,0.070156336
0.8781127,0.8228798,0.06704638
0.8786924,0.8344761,0.06383558
0.8788498,0.83543366,0.065069154
0.8775235,0.8279097,0.070938446
0.88063073,0.83371663,0.07168675
0.87349766,0.83088285,0.07395813
0.87394357,0.82252765,0.0738399
0.8771295,0.8214601,0.07234655
0.88725466,0.8260611,0.06764925
0.88743013,0.82600695,0.06750892
0.893774,0.84057635,0.0746689
0.8885269,0.8396138,0.07304343
0.8895964,0.8378971,0.076884896
0.88801706,0.8447068,0.07513438
0.88413686,0.84557354,0.07671605
0.8821242,0.84515214,0.07760817
0.8826672,0.8416927,0.07773261
0.8920201,0.84382975,0.07651737
0.8910877,0.8381734,0.074065566
0.88761693,0.83723414,0.07474635
0.8882522,0.83352464,0.07406173
0.888795,0.8301647,0.0724822
0.88250446,0.83653563,0.073945545
0.88245696,0.8365648,0.073474385
0.8818103,0.83528805,0.073007196
0.8841532,0.8253264,0.07121343
0.8850592,0.8339226,0.070689715
0.88326085,0.8314977,0.07110982
0.88317376,0.83615667,0.07034
0.88123465,0.8292548,0.07218647
0.8687004,0.83185244,0.068630554
0.870227,0.8312864,0.06824949
0.8758056,0.8293926,0.07018806
0.87646765,0.82423526,0.06937676
0.8707278,0.82841206,0.06813206
0.8738356,0.8202878,0.0681442
0.87522566,0.8317312,0.07125164
0.8741771,0.8321507,0.071244895
0.8710786,0.8366215,0.07162172
0.87060356,0.83825266,0.07166586
0.86877763,0.82872146,0.07268445
0.8734493,0.8467864,0.06889031
0.86633784,0.84960026,0.067900136
0.8496869,0.84555763,0.06846218
0.8475164,0.84205914,0.068852626
0.8608601,0.84037757,0.06705091
0.85966134,0.84799945,0.06643895
0.86631,0.84439385,0.06889348
0.85667807,0.8296061,0.06981918
0.85803604,0.835528,0.070639595
0.862405,0.83112156,0.07128419
0.868999,0.84008217,0.0722605
0.87222147,0.8397446,0.07218679
0.8705251,0.8423063,0.07921577
0.87679726,0.84670013,0.080650434
0.86765146,0.8535307,0.07923125
0.86697394,0.8495396,0.080163814
0.8709182,0.850725,0.082345
0.8647184,0.85866284,0.078381196
0.85999507,0.8616338,0.07171192
0.8601652,0.8655816,0.070336066
0.85868967,0.8652177,0.07388635
0.863243,0.8581765,0.074771956
0.8804583,0.846197,0.0759789
0.8771804,0.8513729,0.07610015
0.878005,0.8532645,0.07562191
0.8852396,0.8703645,0.07778741
0.89125127,0.86922103,0.077519946
0.8891267,0.8730905,0.07830213
0.8859948,0.8785767,0.079199284
0.87233394,0.88064957,0.07896499
0.87311274,0.8767178,0.080283694
0.8803797,0.8763621,0.07983952
0.87103343,0.87701005,0.082564965
0.8631178,0.88112587,0.080549665
0.8763101,0.87561876,0.08491531
0.8747115,0.8744349,0.084952034
0.8741343,0.873379,0.08626749
0.8671081,0.8732717,0.08318701
0.8731404,0.8783209,0.08034968
0.8804402,0.87870896,0.07787263
0.87889993,0.8797131,0.076554626
0.8890007,0.859353,0.08213838
0.88139236,0.85635316,0.08200509
0.880796,0.8706752,0.07645565
0.8942904,0.8704666,0.07895969
0.8693031,0.8788158,0.079194866
0.87269163,0.875974,0.08022833
0.8687111,0.87294173,0.077946074
0.8442307,0.8825137,0.07642214
0.84289753,0.87924826,0.0769784
0.84080994,0.88183516,0.07682376
0.8566097,0.88340425,0.07587582
0.85632026,0.88377446,0.07322842
0.85636455,0.88120455,0.073393434
0.8433181,0.8839435,0.07281323
0.8455013,0.88485897,0.07229665
0.83369344,0.87886155,0.06964136
0.80207455,0.87894565,0.06913135
0.7975045,0.87515205,0.07253375
0.79803216,0.872432,0.07434278
0.8006363,0.8761594,0.07485676
0.80010223,0.8785312,0.07178991
0.7971889,0.8709963,0.07292757
0.79632,0.87386924,0.073351756
0.7962048,0.87660265,0.074206635
0.7983048,0.8824363,0.07360972
0.80053526,0.88234544,0.078229666
0.7998682,0.88026714,0.07779049
0.79964393,0.8808515,0.0775702
0.8136728,0.8845842,0.07812087
0.8116274,0.87698233,0.077496946
0.8145322,0.8833035,0.07740383
0.81515,0.87708026,0.081174664
0.8054272,0.8834756,0.081189975
0.80559504,0.87718886,0.07904867
0.8076346,0.8829144,0.08052991
0.808706,0.8812372,0.080669865
0.8090599,0.88519984,0.07847827
0.8129375,0.87673426,0.08011241
0.81660175,0.8786982,0.071690224
0.8219498,0.86839527,0.07490387
0.8190662,0.8497014,0.07204252
0.82312816,0.8481878,0.07398642
0.8239838,0.85605884,0.07874331
0.82409996,0.8568525,0.07941632
0.830969,0.8537736,0.07335527
0.8318425,0.8526664,0.07347489
0.8316417,0.8591461,0.07086543
0.8352301,0.8618128,0.07228246
0.8361143,0.86173433,0.07264011
0.8371513,0.86529136,0.07148802
0.82667696,0.8442969,0.07267439
0.8294609,0.84325135,0.069395855
0.83000994,0.8369041,0.07038698
0.83575857,0.8421893,0.07764873
0.8366876,0.8444458,0.07769295
0.8292127,0.84331983,0.07361004
0.834654,0.8470853,0.07406347
0.8228586,0.8302398,0.071080826
0.8277795,0.8211256,0.06863235
0.8455303,0.83835393,0.06849898
0.85450554,0.8353645,0.06826153
0.8530579,0.8265967,0.069857724
0.85054284,0.8226886,0.06847387
0.85417974,0.837243,0.06696458
0.8587216,0.8443059,0.06522198
0.8613853,0.8480024,0.06436435
0.86381924,0.8476854,0.0640026
0.8619993,0.85223836,0.06349225
0.8600049,0.8476578,0.06258472
0.85952294,0.84850544,0.06098894
0.8417475,0.8421946,0.059925176
0.8455507,0.8347409,0.06787809
0.8515098,0.8218483,0.067821816
0.8520869,0.8232289,0.0680395
0.8539617,0.8292216,0.06851591
0.85984504,0.83832854,0.070468605
0.84828764,0.829529,0.066485666
0.85167646,0.82975405,0.067399845
0.85196126,0.82162905,0.06494562
0.84025675,0.82179135,0.06554526
0.84354067,0.8121362,0.064204425
0.8387133,0.82155645,0.06542539
0.8380104,0.8245414,0.06570982
0.8581413,0.827937,0.06831873
0.8595074,0.8360694,0.067921124
0.857761,0.82822526,0.06791528
0.85974264,0.8214194,0.06974447
0.8597841,0.821415,0.07055032
0.8621965,0.8135547,0.07026418
0.8683507,0.8294927,0.0721299
0.85881114,0.83352476,0.074410275
0.8604982,0.8341438,0.07275712
0.85808825,0.8220088,0.07794788
0.856091,0.8278,0.07414324
0.85558766,0.8253633,0.073094524
0.8546305,0.8254973,0.072956905
0.85591614,0.8420325,0.07359679
0.8583008,0.839505,0.07465823
0.8711753,0.8366187,0.07768268
0.86399144,0.8376577,0.07923579
0.8621696,0.8362521,0.082132414
0.8621208,0.82749385,0.0815025
0.86738914,0.83951414,0.08230871
0.87169546,0.8311021,0.08264395
0.87225276,0.80562204,0.08082085
0.86422634,0.7996797,0.08350448
0.86745155,0.8008054,0.08370763
0.86692756,0.8011269,0.083244674
0.88334215,0.82487124,0.081685446
0.8819607,0.8292198,0.07983165
0.8816766,0.8260254,0.0773952
0.8874057,0.84525394,0.073894724
0.88815206,0.844014,0.073561646
0.8857941,0.8414442,0.07760078
0.88880527,0.8343608,0.07794691
0.884228,0.8275531,0.07655399
0.8896587,0.82943934,0.077117905
0.9037258,0.83950657,0.08075035
0.90334946,0.84149736,0.08077164
0.8996426,0.84723085,0.08325343
0.8995051,0.8466743,0.08345436
0.9010182,0.8429312,0.08357557
0.8903643,0.8394808,0.08634517
0.8914967,0.8310637,0.09171082
0.8793004,0.83048815,0.09288382
0.88492066,0.84040034,0.09239249
0.88774055,0.829662,0.08947387
0.8844779,0.8327405,0.08971887
0.88541126,0.83968747,0.091197655
0.88592374,0.84104586,0.09100789
0.8907147,0.8280256,0.088085964
0.8857003,0.80868083,0.08876591
0.8863908,0.83023196,0.08705316
0.89305985,0.8250618,0.087310694
0.89654684,0.82100797,0.08474034
0.8952828,0.813732,0.08681344
0.8998987,0.8007781,0.089050405
0.91641885,0.8072269,0.09042259
0.91707623,0.8089742,0.08939221
0.9135097,0.79314053,0.087981336
0.8996644,0.78111297,0.089182556
0.9069821,0.8218049,0.08482689
0.8853209,0.83692265,0.08627822
0.88770795,0.8349137,0.085256085
0.8959485,0.8344279,0.08745624
0.9027643,0.83142835,0.082987726
0.9045166,0.8323514,0.08314593
0.907372,0.8364362,0.07757967
0.91033196,0.83241427,0.074541025
0.9098557,0.8238797,0.074385695
0.9077711,0.8220461,0.07498667
0.9079562,0.82148427,0.074831225
0.90632963,0.8283893,0.07535409
0.9021945,0.82267684,0.07645772
0.8962772,0.82177794,0.07347743
0.8856706,0.8321776,0.0774016
0.8828589,0.83929926,0.07974351
0.8870514,0.83918995,0.08301173
0.8858563,0.83871454,0.08199755
0.8686124,0.85297817,0.081261806
0.86976075,0.86538494,0.08182536
0.88633597,0.86671644,0.07815406
0.8781232,0.8581532,0.076918036
0.8873917,0.868528,0.07358331
0.88619363,0.87370884,0.07489296
0.8804774,0.8734653,0.07146352
0.8833977,0.8804343,0.07207986
0.8813004,0.8816023,0.07053932
0.88255876,0.8806882,0.070927635
0.8943907,0.88430077,0.07419617
0.9035137,0.86466295,0.07439962
0.8945471,0.86501086,0.07683729
0.8947673,0.8714794,0.07681262
0.8828821,0.85865617,0.08064447
0.883551,0.852366,0.0821631
0.89164734,0.8501345,0.08245001
0.8726373,0.8607935,0.07876172
0.86617875,0.84804845,0.080500595
0.8544327,0.8426151,0.08390883
0.84373444,0.84134454,0.08121157
0.838335,0.8399948,0.07884628
0.8389031,0.8438007,0.078136556
0.83318704,0.8369647,0.077407934
0.8416207,0.8412804,0.077732734
0.84609646,0.8451419,0.07800824
0.842301,0.84582484,0.080489025
0.8402931,0.841075,0.08264979
0.8402999,0.84018,0.08208281
0.8502476,0.83470196,0.081998825
0.84813344,0.8401193,0.083354056
0.8512185,0.84507155,0.082716085
0.8448596,0.83700734,0.08149816
0.842706,0.8372468,0.0839718
0.8429911,0.83965385,0.08140763
0.83890915,0.83874565,0.082643144
0.8490817,0.8469849,0.07903419
0.8326635,0.84289575,0.080059
0.82763445,0.83078235,0.076841466
0.83079565,0.832175,0.080270596
0.8395575,0.84473133,0.081247345
0.8396711,0.84357345,0.08126314
0.82936275,0.82991284,0.07731335
0.8377414,0.84950227,0.07391339
0.83807385,0.85403514,0.07254118
0.84004724,0.84407705,0.06755106
0.83944273,0.8357754,0.066683196
0.83796376,0.83700764,0.063732445
0.8317486,0.8401303,0.062070053
0.83374155,0.8358651,0.065729246
0.833046,0.8345239,0.065341756
0.8356024,0.82985646,0.06443257
0.8414513,0.8291544,0.06512727
0.84194535,0.83909297,0.06581934
0.8430385,0.8380885,0.06588249
0.842233,0.8272575,0.0657275
0.84115624,0.83957577,0.06441186
0.83082527,0.8413463,0.067764364
0.8308917,0.8390763,0.069901824
0.8304624,0.83050764,0.07419971
0.8288944,0.8217636,0.07676957
0.83284456,0.820118,0.07712462
0.832398,0.8294617,0.07987306
0.82697237,0.8247472,0.079194374
0.8256884,0.82334614,0.07775331
0.8271784,0.81734574,0.0736935
0.83309567,0.8253896,0.07717908
0.8314053,0.8269053,0.07674988
0.8372123,0.8210833,0.07503551
0.8405148,0.8535557,0.07621113
0.8416083,0.862155,0.074755825
0.844271,0.8652839,0.07689545
0.85250413,0.8755295,0.07729025
0.84180564,0.87585163,0.077427804
0.86762846,0.8306648,0.067291275
0.86312664,0.8405036,0.062360026
0.8516376,0.83339083,0.06369182
0.85144436,0.833432,0.063746735
0.8522731,0.83234453,0.064579524
0.8504003,0.8334215,0.06491953
0.84796375,0.8249967,0.065522045
0.8436928,0.83065337,0.065646924
0.8365408,0.82755584,0.061811846
0.8144194,0.8250364,0.06325595
0.8212076,0.83687806,0.062464185
0.82012457,0.8342457,0.06237716
0.8269906,0.83942086,0.06319053
0.8273664,0.840023,0.0635231
0.8353125,0.848108,0.06446111
0.8360964,0.84153545,0.06518315
0.8394451,0.844182,0.067803174
0.83828086,0.8444747,0.068395436
0.8395324,0.84373003,0.0692686
0.85199225,0.8547429,0.06891226
0.8425,0.8552872,0.07121056
0.8386046,0.8544023,0.07084385
0.84077483,0.8677693,0.06880341
0.82942206,0.84652275,0.068879314
0.83428764,0.84502673,0.06752084
0.83906645,0.8439945,0.06891255
0.8415871,0.849454,0.07574202
0.82758236,0.8475206,0.07879205
0.83416975,0.85072213,0.079429954
0.84428257,0.8570963,0.07937593
0.84881043,0.8565937,0.07433825
0.8376106,0.85258025,0.075174846
0.8407973,0.8530084,0.07454051
0.83679503,0.8502649,0.08062733
0.83703995,0.84897035,0.08054113
0.8314127,0.8469082,0.08205949
0.83201325,0.85076493,0.081089094
0.83053184,0.85741884,0.08427012
0.8356856,0.8585399,0.08097105
0.8455868,0.8498087,0.07730374
0.82921624,0.8524255,0.07312081
0.8365577,0.8465556,0.071707316
0.8348136,0.8427142,0.06995073
0.832942,0.83876365,0.072039604
0.8290472,0.842715,0.07070875
0.83107734,0.8345268,0.071298584
0.82958966,0.82216567,0.06591067
0.83234847,0.81992507,0.0629222
0.8306958,0.8199112,0.06409227
0.8319572,0.82198745,0.063970216
0.8236968,0.82932866,0.061836448
0.8199161,0.82534915,0.06413012
0.8262243,0.8408489,0.062530026
0.8227584,0.8281873,0.06604653
0.82313234,0.8343646,0.07005895
0.8237915,0.83495206,0.06989068
0.8250283,0.834913,0.06952811
0.834267,0.8422238,0.06983458
0.83609277,0.8457305,0.06986948
0.85090214,0.84745175,0.07371574
0.8606528,0.846247,0.077388525
0.86048937,0.84918535,0.07685811
0.8622854,0.84935343,0.076788984
0.8656689,0.8544049,0.076457165
0.86738807,0.85308534,0.07594718
0.85934633,0.8538696,0.07748631
0.8657393,0.8402013,0.08071072
0.87173253,0.8500772,0.0794526
0.87909293,0.847523,0.08057797
0.9008814,0.85292816,0.07118337
0.8988702,0.85599816,0.07297587
0.8952057,0.85197455,0.07302602
0.89153105,0.8529108,0.06868952
0.89701813,0.8587041,0.066218615
0.8884085,0.8604007,0.06584058
0.88854057,0.85223943,0.063934766
0.89030707,0.85027117,0.06405823
0.872433,0.8362101,0.07171962
0.8783584,0.8381872,0.073692806
0.86860484,0.81326044,0.07269252
0.8818234,0.8301819,0.07448195
0.8776148,0.82113105,0.07522155
0.8772882,0.82233477,0.07525007
0.87741804,0.82939327,0.07534812
0.8771768,0.83268327,0.07620455
0.87862986,0.8273756,0.074476734
0.8864659,0.82717323,0.073806256
0.88378716,0.8199394,0.07539721
0.88333714,0.8226012,0.074387684
0.8804543,0.8374882,0.07527496
0.8630064,0.83541673,0.07889672
0.8670109,0.85162884,0.075728334
0.86084956,0.8571499,0.075363725
0.871273,0.8554692,0.0763393
0.8630383,0.8241549,0.08357313
0.8529539,0.8291655,0.08237913
0.8537338,0.8364151,0.08199714
0.852643,0.8425729,0.076882154
0.8548962,0.84485376,0.07457596
0.8551191,0.8433051,0.077915624
0.86152005,0.8434472,0.079359464
0.8563507,0.8400065,0.080824055
0.84903544,0.8341955,0.08174817
0.8603277,0.83675236,0.08108954
0.8876866,0.8303643,0.08171368
0.8901663,0.832476,0.081464045
0.8905676,0.8333862,0.08176462
0.8906509,0.82547116,0.08599264
0.8901187,0.82643545,0.08484478
0.8822197,0.83128464,0.08070633
0.8835503,0.8292738,0.08114184
0.88398045,0.8300404,0.07833851
0.88322043,0.8261306,0.07898482
0.8815383,0.83408374,0.0825056
0.88163084,0.8319394,0.08331556
0.8805127,0.8382008,0.08041334
0.8637207,0.8334531,0.08399751
0.859093,0.8403806,0.08012239
0.8643232,0.8262302,0.07955183
0.8678053,0.82528615,0.08079475
0.860559,0.8310631,0.07835992
0.86661744,0.81973475,0.07900513
0.8649264,0.8188712,0.07767042
0.86561954,0.8032136,0.068796985
0.8626173,0.82282805,0.07269589
0.8837681,0.8263922,0.065976866
0.87724125,0.8294472,0.069513425
0.862949,0.83608127,0.07119226
0.8608836,0.8257028,0.072337
0.8631251,0.8255871,0.07142951
0.86446315,0.8197026,0.06944205
0.8633702,0.8227762,0.06945315
0.86348146,0.8270168,0.06871828
0.8544465,0.8344743,0.06797879
0.86827075,0.8500152,0.068484195
0.8666994,0.84736806,0.067934275
0.86766046,0.84533554,0.067567796
0.8594799,0.83975387,0.06943562
0.8574315,0.8376256,0.07097513
0.85359734,0.8319641,0.07042183
0.8618122,0.8266413,0.07288729
0.859239,0.82709634,0.07180056
0.86135274,0.8315092,0.07259072
0.85289615,0.82555956,0.07018566
0.8570806,0.8309166,0.07137977
0.8572321,0.8323996,0.071647905
0.848934,0.8316157,0.06620767
0.8470084,0.82991457,0.06700052
0.84905016,0.8365544,0.06990559
0.8463813,0.8239533,0.06836604
0.8577924,0.82034653,0.069376335
0.85462594,0.8213476,0.06945107
0.8488272,0.82978904,0.072810955
0.84824306,0.83234257,0.07303092
0.84967077,0.8385985,0.07186811
0.84357536,0.8291697,0.06614436
0.84282315,0.83634377,0.06509934
0.839133,0.83054596,0.07255136
0.8334245,0.82014877,0.07367488
0.8318897,0.8243702,0.07367071
0.85143405,0.8376652,0.07504092
0.85047615,0.8354568,0.07591416
0.84425354,0.837989,0.07465287
0.84741163,0.8364475,0.07383449
0.84739745,0.8418452,0.07338019
0.8507304,0.84193563,0.07144792
0.84980613,0.82177734,0.0708975
0.84876025,0.820073,0.07672425
0.8512646,0.8231952,0.07730049
0.8329537,0.81483847,0.07543455
0.8197401,0.8141398,0.0786232
0.83921593,0.8231957,0.07739258
0.84698576,0.8563623,0.06714627
0.8400299,0.84213877,0.06724694
0.8406838,0.8402025,0.06754941
0.85309124,0.8396243,0.074992
0.8580531,0.83336675,0.07748874
0.8403728,0.84201616,0.07802584
0.8384834,0.86254394,0.07163715
0.8376063,0.8485539,0.071317896
0.83244145,0.84572417,0.07361981
0.83129793,0.8485133,0.07243659
0.8216286,0.843384,0.06847329
0.8181583,0.84673417,0.06960491
0.8200557,0.84097296,0.06997628
0.8009431,0.83878917,0.069347434
0.80425036,0.84138376,0.06827282
0.801383,0.8370653,0.06869253
0.7990724,0.8407553,0.0687924
0.7923844,0.8368437,0.066103674
0.79163355,0.8347901,0.06656253
0.78996617,0.8505249,0.06876851
0.79170895,0.8493212,0.067136824
0.7907908,0.84917194,0.06658488
0.7875413,0.85261804,0.07047179
0.7993239,0.8566268,0.07298053
0.7887211,0.8429429,0.07700819
0.7890568,0.8435204,0.07604629
0.79629064,0.8380476,0.078816585
0.8042787,0.8358194,0.07902569
0.81141156,0.8330964,0.07990707
0.82291925,0.83840764,0.07565025
0.8346663,0.83155864,0.07973631
0.83314264,0.8370176,0.07755877
0.84408385,0.83979684,0.077194095
0.83099496,0.82982355,0.07791802
0.83282125,0.82438046,0.080071956
0.833758,0.82851005,0.080278225
0.8387605,0.8226565,0.08292629
0.84332275,0.83912235,0.08000621
0.8359122,0.8340151,0.079906434
0.8464273,0.82857585,0.081549056
0.84496486,0.8204119,0.08241342
0.84760696,0.8310816,0.07968817
0.8433437,0.8330391,0.07810417
0.84911203,0.8396343,0.077326655
0.8519575,0.82364607,0.07550901
0.84937,0.83542955,0.0727214
0.8511599,0.83826566,0.07416329
0.8414291,0.85457194,0.07591991
0.83112633,0.8519777,0.07681424
0.83630204,0.8581732,0.076088116
0.8433213,0.8523612,0.07418978
0.8408116,0.847748,0.07365966
0.84450907,0.8477781,0.07909208
0.8625119,0.8565146,0.082223915
0.86109495,0.85642993,0.08211001
0.86183774,0.85623,0.08256204
0.8621121,0.8580898,0.08361566
0.8537224,0.8564705,0.080666155
0.8513582,0.8583177,0.08202975
0.8503772,0.8570717,0.08219049
0.8589915,0.85807765,0.07891509
0.8591662,0.8637058,0.08247076
0.862956,0.86529887,0.083291925
0.8603643,0.866687,0.083272174
0.86905825,0.863604,0.07748211
0.8821068,0.8751598,0.08095663
0.88259983,0.8753508,0.08076267
0.8829317,0.88031083,0.08043138
0.8733303,0.8807408,0.08145282
0.87035644,0.8806667,0.081737645
0.87323475,0.8804082,0.081293434
0.87437963,0.88432765,0.082775526
0.8654727,0.8749036,0.08267772
0.86306727,0.87342805,0.08353097
0.8649722,0.8756288,0.08283805
0.8610054,0.87728655,0.08244341
0.8646647,0.8706289,0.09035279
0.86674535,0.8691977,0.09510984
0.8721221,0.87060577,0.0978695
0.8716428,0.8692387,0.09316755
0.86996233,0.87421584,0.0963233
0.8561426,0.8847156,0.0910419
0.8547398,0.87593156,0.09348012
0.85980177,0.87166286,0.09185892
0.8517739,0.8743635,0.09302407
0.8558062,0.8844617,0.089475244
0.85937345,0.8815944,0.08881374
0.87296104,0.8787755,0.0832463
0.8743281,0.87284684,0.08203055
0.8748604,0.8720857,0.07947724
0.88313705,0.87707627,0.08032731
0.87959194,0.8748021,0.081887335
0.8930201,0.8618434,0.08208794
0.8960714,0.867889,0.07595536
0.8962207,0.86708117,0.07560068
0.89958054,0.87567186,0.0774987
0.9009673,0.8793504,0.07743365
0.89121646,0.87573695,0.07687726
0.8809693,0.88011736,0.07035457
0.8846011,0.88054705,0.07531285
0.8813016,0.88364685,0.07458334
0.88576144,0.8814833,0.07495575
0.8789639,0.87692297,0.069826946
0.8824535,0.8786743,0.07155418
0.86949664,0.87968117,0.07060486
0.8732839,0.87713945,0.0685751
0.86346585,0.8849005,0.069395654
0.8595401,0.8843304,0.07060839
0.8628148,0.8719887,0.071232595
0.85917014,0.8732799,0.07100568
0.8638941,0.8748162,0.07292519
0.8598956,0.875075,0.07032829
0.8728382,0.8716018,0.06876327
0.87226385,0.86836904,0.071037896
0.8740223,0.8721773,0.07032048
0.8676978,0.88013047,0.07570794
0.86382234,0.87721366,0.07728475
0.8548523,0.86245745,0.07416419
0.86418444,0.86173785,0.07572964
0.8655716,0.861979,0.07531765
0.8696693,0.86350524,0.07479124
0.8653485,0.8639058,0.0753379
0.8653652,0.86206645,0.08045512
0.87802356,0.8620516,0.08241054
0.87853706,0.8591336,0.08175222
0.8750951,0.85618144,0.07871101
0.87181544,0.8475073,0.08004703
0.8721728,0.8497644,0.08361502
0.8720364,0.83886415,0.08813935
0.8714451,0.83615434,0.091526486
0.8707022,0.8411352,0.092426814
0.8693585,0.8423527,0.092402585
0.8714282,0.838966,0.091767654
0.87266564,0.84302413,0.09531215
0.8711756,0.8422728,0.09484413
0.87142706,0.82393956,0.09424262
0.8676718,0.8205912,0.093832344
0.86899656,0.8206892,0.09359921
0.8819834,0.8259823,0.09705311
0.8828813,0.83018714,0.09827511
0.90043545,0.81852776,0.1044463
0.8976075,0.82375044,0.10390068
0.90159273,0.8316462,0.100637324
0.9171718,0.832202,0.1044881
0.9213852,0.83051234,0.10356926
0.9236571,0.83839095,0.11235067
0.9295901,0.8375932,0.111372516
0.9324033,0.8421592,0.11033343
0.92750174,0.84299093,0.10869767
0.91921,0.82986015,0.10793689
0.92151594,0.8309436,0.10857697
0.91735226,0.83576715,0.10854322
0.92679256,0.8328502,0.1135878
0.91944945,0.8425933,0.109931014
0.9168818,0.83389074,0.11095144
0.91845006,0.83646077,0.109536596
0.9205167,0.83770996,0.10973933
0.92261595,0.82926047,0.11162231
0.91212755,0.84071845,0.10895136
0.91844815,0.84264547,0.11011314
0.9107787,0.8270799,0.11255256
0.908449,0.8302593,0.11113501
0.8979971,0.82253635,0.104336545
0.9037093,0.82301795,0.10424583
0.9075991,0.83109766,0.107713625
0.90179306,0.827937,0.09849637
0.90183216,0.82533073,0.09793287
0.9077906,0.8348831,0.09574557
0.91268575,0.83958143,0.09877941
0.91097414,0.82988626,0.101475455
0.90298957,0.8267637,0.1035734
0.90869623,0.8429746,0.099356055
0.9015696,0.8372177,0.09861743
0.90097487,0.8462219,0.09900405
0.90216523,0.84442896,0.09862315
0.9046121,0.8409481,0.09772686
0.90129507,0.84994656,0.09664785
0.9038012,0.84563035,0.09733275
0.9121633,0.8283915,0.09457286
0.9102762,0.8269299,0.09161518
0.9014901,0.83268553,0.090747766
0.90271264,0.8373881,0.088125914
0.90158856,0.8333454,0.09107989
0.8999545,0.8287085,0.09307292
0.9000591,0.8321587,0.0908937
0.90387976,0.8222699,0.09316373
0.90384,0.8228501,0.09232021
0.90986586,0.829022,0.092764504
0.91192967,0.82083166,0.0931579
0.91874087,0.8143823,0.091122195
0.92314255,0.8049682,0.08667822
0.9216495,0.8021204,0.08667458
0.9161203,0.8017644,0.0880171
0.9225409,0.78199416,0.09228997
0.9243709,0.78642565,0.097626686
0.9022579,0.7808671,0.09003498
0.8944632,0.7792057,0.088209525
0.88876224,0.7869662,0.08519651
0.87942636,0.7845212,0.084468946
0.88334346,0.79820883,0.08217614
0.88614744,0.8031019,0.08402235
0.8897003,0.81445,0.073700875
0.88611794,0.81779647,0.072278656
0.88746554,0.8194098,0.07006571
0.8823607,0.8306064,0.06814072
0.8850343,0.8223472,0.06792268
0.8837395,0.82842773,0.07221624
0.8828762,0.83354807,0.073623374
0.8811792,0.83138937,0.07293539
0.8787514,0.8404067,0.07825324
0.8814207,0.84165204,0.07976204
0.8812499,0.84186906,0.079111524
0.8847478,0.8347365,0.07900345
0.8810412,0.8329213,0.08041253
0.87961274,0.8242636,0.079432234
0.8812358,0.8369148,0.07959789
0.8848026,0.8321402,0.07910605
0.89973444,0.8301243,0.08304263
0.9006107,0.82970375,0.082997926
0.9048509,0.8308163,0.08338702
0.9005344,0.83541614,0.085313536
0.8980039,0.84408367,0.08039236
0.8983244,0.8424322,0.080204085
0.8848461,0.8429533,0.07429266
0.8739824,0.8313568,0.07902859
0.8713581,0.8265679,0.07581069
0.86877173,0.842119,0.073101744
0.8485456,0.8421498,0.07696995
0.8491076,0.8408276,0.077010274
0.8596021,0.8270044,0.074237026
0.85598403,0.8207261,0.07294634
0.8562026,0.8213958,0.07280911
0.8603805,0.8196331,0.07194734
0.8585551,0.8250885,0.07186906
0.8581915,0.8294063,0.07179921
0.85667783,0.82267535,0.072205044
0.8567331,0.82428986,0.07207968
0.8531437,0.8337392,0.07267452
0.8477869,0.8461649,0.07118433
0.8510707,0.840531,0.068902835
0.8512592,0.84327817,0.06939648
0.8518691,0.83975077,0.06279288
0.8721415,0.8448078,0.06339486
0.8702072,0.84621024,0.06565547
0.86019856,0.8226419,0.06447114
0.85211635,0.8243841,0.064949065
0.8558808,0.8320579,0.05715168
0.85566044,0.8245582,0.058281142
0.8587825,0.82429576,0.05604299
0.8506049,0.8056104,0.053178996
0.84676754,0.7781871,0.053645857
0.8584684,0.7998377,0.059336036
0.84635705,0.7962588,0.057877135
0.8438711,0.8050799,0.05806314
0.84459054,0.80435437,0.05834689
0.84649754,0.8024984,0.05742429
0.84348774,0.8015686,0.058658365
0.84070665,0.8060333,0.06201992
0.82257664,0.81581444,0.058179222
0.8274157,0.84574807,0.06419487
0.83301353,0.84387374,0.06747366
0.84576654,0.8364945,0.06696012
0.82643205,0.8336916,0.061754044
0.8259902,0.8354456,0.06152853
0.828918,0.83487296,0.0611337
