model,combination,relevant_property,sharpness,summary_type,category,observed_proportion,predicted_mean,predicted_q025,predicted_q975,observation_count,posterior_predictive_draws,observed_mean,observed_lower,observed_upper,display_response,context,discriminability
Plan-guided,dimension_color,both,blurred,Exact response,S,0,0.00437940630797773,0,0.0111317254174397,539,4000,0,0,0,TRUE,Both necessary,Low
Plan-guided,dimension_color,both,blurred,Exact response,SC,0.06679035250463822,0.0406038961038961,0.02411873840445269,0.0575139146567718,539,4000,0.06679035250463822,0.03703703703703703,0.1038961038961039,TRUE,Both necessary,Low
Plan-guided,dimension_color,both,blurred,Exact response,SCF,0.313543599257885,0.19996289424860855,0.16512059369202226,0.23562152133580705,539,4000,0.313543599257885,0.2504638218923933,0.378496251491472,TRUE,Both necessary,Low
Plan-guided,dimension_color,both,blurred,Exact response,SF,0.08163265306122448,0.18326020408163263,0.150278293135436,0.2189239332096475,539,4000,0.08163265306122448,0.05400372439478584,0.11131725417439704,TRUE,Both necessary,Low
Plan-guided,dimension_color,both,blurred,Exact response,SFC,0.02968460111317254,0.04500092764378479,0.02782931354359925,0.06307977736549165,539,4000,0.02968460111317254,0.00555555555555555,0.06307977736549165,TRUE,Both necessary,Low
Plan-guided,dimension_color,both,blurred,Exact response,C,0.00927643784786642,0.04078014842300556,0.02592764378478666,0.05936920222634508,539,4000,0.00927643784786642,0,0.02407407407407407,TRUE,Both necessary,Low
Plan-guided,dimension_color,both,blurred,Exact response,CDF,0.05194805194805195,0.01472077922077922,0.00556586270871985,0.02597402597402597,539,4000,0.05194805194805195,0.02411873840445269,0.08348794063079777,TRUE,Both necessary,Low
Plan-guided,dimension_color,both,blurred,Exact response,CF,0.2764378478664193,0.27750556586270875,0.2374768089053803,0.31910946196660483,539,4000,0.2764378478664193,0.2240740740740741,0.32838589981447125,TRUE,Both necessary,Low
Plan-guided,dimension_color,both,blurred,Exact response,F,0.11873840445269015,0.12474350649350648,0.09647495361781076,0.15398886827458255,539,4000,0.11873840445269015,0.0962962962962963,0.1425925925925926,TRUE,Both necessary,Low
Plan-guided,dimension_color,both,blurred,Exact response,FC,0.03710575139146568,0.05409322820037106,0.03525046382189239,0.07235621521335807,539,4000,0.03710575139146568,0.01296296296296296,0.07037037037037037,TRUE,Both necessary,Low
Plan-guided,dimension_color,both,sharp,Exact response,S,0,0.0090609243697479,0.00210084033613445,0.01890756302521008,476,4000,0,0,0,TRUE,Both necessary,High
Plan-guided,dimension_color,both,sharp,Exact response,SC,0.19747899159663865,0.05014810924369747,0.0315126050420168,0.07142857142857142,476,4000,0.19747899159663865,0.13836477987421383,0.26260504201680673,TRUE,Both necessary,High
Plan-guided,dimension_color,both,sharp,Exact response,SCF,0.30462184873949577,0.2085913865546219,0.17016806722689076,0.24579831932773108,476,4000,0.30462184873949577,0.24579831932773108,0.36554621848739494,TRUE,Both necessary,High
Plan-guided,dimension_color,both,sharp,Exact response,SF,0.11134453781512606,0.2022295168067227,0.16806722689075632,0.23949579831932777,476,4000,0.11134453781512606,0.07756813417190776,0.14947368421052631,TRUE,Both necessary,High
Plan-guided,dimension_color,both,sharp,Exact response,SFC,0.0315126050420168,0.05039023109243697,0.0315126050420168,0.07142857142857142,476,4000,0.0315126050420168,0.01052631578947368,0.05672268907563025,TRUE,Both necessary,High
Plan-guided,dimension_color,both,sharp,Exact response,C,0,0.04286712184873949,0.02521008403361344,0.06302521008403361,476,4000,0,0,0,TRUE,Both necessary,High
Plan-guided,dimension_color,both,sharp,Exact response,CDF,0.02941176470588235,0.02091491596638655,0.00840336134453781,0.03366596638655481,476,4000,0.02941176470588235,0.00840336134453781,0.05894736842105263,TRUE,Both necessary,High
Plan-guided,dimension_color,both,sharp,Exact response,CF,0.203781512605042,0.2144873949579832,0.17857142857142858,0.25210084033613445,476,4000,0.203781512605042,0.14705882352941177,0.2620545073375262,TRUE,Both necessary,High
Plan-guided,dimension_color,both,sharp,Exact response,F,0.08403361344537816,0.13029936974789916,0.10084033613445378,0.16176470588235295,476,4000,0.08403361344537816,0.05485232067510549,0.11554621848739496,TRUE,Both necessary,High
Plan-guided,dimension_color,both,sharp,Exact response,FC,0.02310924369747899,0.05116334033613445,0.03361344537815126,0.07142857142857142,476,4000,0.02310924369747899,0.01048218029350104,0.03983228511530398,TRUE,Both necessary,High
Plan-guided,dimension_color,first,blurred,Exact response,S,0.0588235294117647,0.03265085388994307,0.01707779886148007,0.04933586337760911,527,4000,0.0588235294117647,0.02676864244741874,0.09604791395045634,TRUE,Size sufficient,Low
Plan-guided,dimension_color,first,blurred,Exact response,SC,0.04364326375711575,0.0324881404174573,0.01897533206831119,0.04933586337760911,527,4000,0.04364326375711575,0.02268324000428006,0.06705302579036779,TRUE,Size sufficient,Low
Plan-guided,dimension_color,first,blurred,Exact response,SCF,0.3055028462998102,0.17231925996204933,0.13851992409867173,0.206831119544592,527,4000,0.3055028462998102,0.23773351746897195,0.3818525519848771,TRUE,Size sufficient,Low
Plan-guided,dimension_color,first,blurred,Exact response,SF,0.3510436432637571,0.42067314990512333,0.3719165085388994,0.4705882352941176,527,4000,0.3510436432637571,0.2808332725149613,0.4215574815147081,TRUE,Size sufficient,Low
Plan-guided,dimension_color,first,blurred,Exact response,SFC,0.03415559772296015,0.06881404174573055,0.04743833017077799,0.09108159392789374,527,4000,0.03415559772296015,0.00756143667296786,0.06792452830188679,TRUE,Size sufficient,Low
Plan-guided,dimension_color,first,blurred,Exact response,C,0.00569259962049335,0.01319022770398481,0.00379506641366223,0.02466793168880455,527,4000,0.00569259962049335,0,0.01512287334593572,TRUE,Size sufficient,Low
Plan-guided,dimension_color,first,blurred,Exact response,CDF,0.03984819734345351,0.00857115749525616,0.00189753320683111,0.01707779886148007,527,4000,0.03984819734345351,0.01156013783903957,0.07909604519774012,TRUE,Size sufficient,Low
Plan-guided,dimension_color,first,blurred,Exact response,CF,0.08918406072106262,0.1025678368121442,0.0777988614800759,0.12903225806451613,527,4000,0.08918406072106262,0.05639097744360902,0.12810707456978968,TRUE,Size sufficient,Low
Plan-guided,dimension_color,first,blurred,Exact response,F,0.03795066413662239,0.1020009487666034,0.07590132827324478,0.13092979127134724,527,4000,0.03795066413662239,0.02439024390243902,0.05323193916349809,TRUE,Size sufficient,Low
Plan-guided,dimension_color,first,blurred,Exact response,FC,0.01707779886148007,0.03297153700189753,0.01897533206831119,0.04933586337760911,527,4000,0.01707779886148007,0.00188679245283018,0.03831417624521072,TRUE,Size sufficient,Low
Plan-guided,dimension_color,first,sharp,Exact response,S,0.27157894736842103,0.2464,0.20210526315789473,0.292684210526316,475,4000,0.27157894736842103,0.1957894736842105,0.35157894736842105,TRUE,Size sufficient,High
Plan-guided,dimension_color,first,sharp,Exact response,SC,0.04421052631578947,0.0358678947368421,0.01894736842105263,0.05473684210526316,475,4000,0.04421052631578947,0.02531645569620253,0.06512605042016807,TRUE,Size sufficient,High
Plan-guided,dimension_color,first,sharp,Exact response,SCF,0.1936842105263158,0.15329473684210526,0.12,0.18736842105263157,475,4000,0.1936842105263158,0.13444673466871024,0.2578616352201258,TRUE,Size sufficient,High
Plan-guided,dimension_color,first,sharp,Exact response,SF,0.23157894736842105,0.3397926315789474,0.2905263157894737,0.3894736842105263,475,4000,0.23157894736842105,0.17051735957540912,0.3004201680672269,TRUE,Size sufficient,High
Plan-guided,dimension_color,first,sharp,Exact response,SFC,0.0231578947368421,0.06707631578947368,0.04631578947368421,0.09052631578947368,475,4000,0.0231578947368421,0.00632911392405063,0.04219409282700422,TRUE,Size sufficient,High
Plan-guided,dimension_color,first,sharp,Exact response,C,0,0.00814052631578947,0.00210526315789473,0.01684210526315789,475,4000,0,0,0,TRUE,Size sufficient,High
Plan-guided,dimension_color,first,sharp,Exact response,CDF,0.01894736842105263,0.00961578947368421,0.00210526315789473,0.01894736842105263,475,4000,0.01894736842105263,0.00210084033613445,0.04641350210970464,TRUE,Size sufficient,High
Plan-guided,dimension_color,first,sharp,Exact response,CF,0.09894736842105264,0.04529263157894737,0.02736842105263158,0.06526315789473684,475,4000,0.09894736842105264,0.04651162790697674,0.16101694915254236,TRUE,Size sufficient,High
Plan-guided,dimension_color,first,sharp,Exact response,F,0.1031578947368421,0.06271368421052631,0.04210526315789473,0.0863157894736842,475,4000,0.1031578947368421,0.08227848101265822,0.12447257383966244,TRUE,Size sufficient,High
Plan-guided,dimension_color,first,sharp,Exact response,FC,0.01052631578947368,0.01754526315789473,0.00631578947368421,0.02947368421052631,475,4000,0.01052631578947368,0,0.02536997885835095,TRUE,Size sufficient,High
Plan-guided,dimension_color,second,blurred,Exact response,S,0,0.00356388888888888,0,0.00925925925925925,540,4000,0,0,0,TRUE,Colour sufficient,Low
Plan-guided,dimension_color,second,blurred,Exact response,SC,0,0.06205925925925926,0.04259259259259259,0.08333333333333333,540,4000,0,0,0,TRUE,Colour sufficient,Low
Plan-guided,dimension_color,second,blurred,Exact response,SCF,0.02777777777777777,0.03291111111111111,0.01851851851851851,0.04814814814814815,540,4000,0.02777777777777777,0.00921296296296297,0.05185185185185185,TRUE,Colour sufficient,Low
Plan-guided,dimension_color,second,blurred,Exact response,SF,0,0.01648796296296296,0.00555555555555555,0.02777777777777777,540,4000,0,0,0,TRUE,Colour sufficient,Low
Plan-guided,dimension_color,second,blurred,Exact response,SFC,0.01481481481481481,0.00598009259259259,0,0.01296296296296296,540,4000,0.01481481481481481,0,0.04074074074074074,TRUE,Colour sufficient,Low
Plan-guided,dimension_color,second,blurred,Exact response,C,0.6148148148148148,0.734324537037037,0.6962962962962963,0.7703703703703704,540,4000,0.6148148148148148,0.524074074074074,0.7037037037037037,TRUE,Colour sufficient,Low
Plan-guided,dimension_color,second,blurred,Exact response,CDF,0.00555555555555555,0.00318564814814814,0,0.00925925925925925,540,4000,0.00555555555555555,0,0.01481481481481481,TRUE,Colour sufficient,Low
Plan-guided,dimension_color,second,blurred,Exact response,CF,0.27037037037037037,0.10509907407407408,0.07962962962962963,0.13333333333333333,540,4000,0.27037037037037037,0.1907407407407407,0.35555555555555557,TRUE,Colour sufficient,Low
Plan-guided,dimension_color,second,blurred,Exact response,F,0.04629629629629629,0.0175824074074074,0.0074074074074074,0.02962962962962963,540,4000,0.04629629629629629,0.03148148148148148,0.06300925925925942,TRUE,Colour sufficient,Low
Plan-guided,dimension_color,second,blurred,Exact response,FC,0.02037037037037037,0.0135,0.0037037037037037,0.02407407407407407,540,4000,0.02037037037037037,0,0.05740740740740741,TRUE,Colour sufficient,Low
Plan-guided,dimension_color,second,sharp,Exact response,S,0,0.00578039832285115,0,0.01257861635220125,477,4000,0,0,0,TRUE,Colour sufficient,High
Plan-guided,dimension_color,second,sharp,Exact response,SC,0.0020964360587002,0.05904874213836477,0.03773584905660377,0.08176100628930817,477,4000,0.0020964360587002,0,0.00628930817610062,TRUE,Colour sufficient,High
Plan-guided,dimension_color,second,sharp,Exact response,SCF,0.0020964360587002,0.02601781970649895,0.01257861635220125,0.03983228511530398,477,4000,0.0020964360587002,0,0.00628930817610062,TRUE,Colour sufficient,High
Plan-guided,dimension_color,second,sharp,Exact response,SF,0,0.01322274633123689,0.00419287211740041,0.02515723270440251,477,4000,0,0,0,TRUE,Colour sufficient,High
Plan-guided,dimension_color,second,sharp,Exact response,SFC,0.00628930817610062,0.00525262054507337,0,0.01257861635220125,477,4000,0.00628930817610062,0,0.01677148846960167,TRUE,Colour sufficient,High
Plan-guided,dimension_color,second,sharp,Exact response,C,0.7148846960167715,0.7692583857442348,0.7316561844863732,0.8071278825995807,477,4000,0.7148846960167715,0.6247379454926625,0.8029350104821803,TRUE,Colour sufficient,High
Plan-guided,dimension_color,second,sharp,Exact response,CDF,0.00419287211740041,0.00418501048218029,0,0.01048218029350104,477,4000,0.00419287211740041,0,0.01048218029350104,TRUE,Colour sufficient,High
Plan-guided,dimension_color,second,sharp,Exact response,CF,0.22851153039832284,0.08099213836477986,0.05660377358490566,0.1069182389937107,477,4000,0.22851153039832284,0.1509433962264151,0.31236897274633124,TRUE,Colour sufficient,High
Plan-guided,dimension_color,second,sharp,Exact response,F,0.02096436058700209,0.01645230607966457,0.00628930817610062,0.02935010482180293,477,4000,0.02096436058700209,0.01048218029350104,0.03354297693920335,TRUE,Colour sufficient,High
Plan-guided,dimension_color,second,sharp,Exact response,FC,0.02096436058700209,0.01249947589098532,0.00419287211740041,0.0230607966457023,477,4000,0.02096436058700209,0.0020964360587002,0.04407756813417209,TRUE,Colour sufficient,High
