family,context,context_order,discriminability,condition,response,source,proportion
Size-colour,Size sufficient,1,High,Size sufficient · High,S,Observed,0.27157894736842103
Size-colour,Size sufficient,1,High,Size sufficient · High,S,Plan-guided,0.2464
Size-colour,Size sufficient,1,High,Size sufficient · High,SC,Observed,0.04421052631578947
Size-colour,Size sufficient,1,High,Size sufficient · High,SC,Plan-guided,0.0358678947368421
Size-colour,Size sufficient,1,High,Size sufficient · High,SCF,Observed,0.1936842105263158
Size-colour,Size sufficient,1,High,Size sufficient · High,SCF,Plan-guided,0.15329473684210526
Size-colour,Size sufficient,1,High,Size sufficient · High,SF,Observed,0.23157894736842105
Size-colour,Size sufficient,1,High,Size sufficient · High,SF,Plan-guided,0.3397926315789474
Size-colour,Size sufficient,1,High,Size sufficient · High,SFC,Observed,0.0231578947368421
Size-colour,Size sufficient,1,High,Size sufficient · High,SFC,Plan-guided,0.06707631578947368
Size-colour,Size sufficient,1,High,Size sufficient · High,C,Observed,0
Size-colour,Size sufficient,1,High,Size sufficient · High,C,Plan-guided,0.00814052631578947
Size-colour,Size sufficient,1,High,Size sufficient · High,CS,Observed,0
Size-colour,Size sufficient,1,High,Size sufficient · High,CS,Plan-guided,7.1894736842105e-4
Size-colour,Size sufficient,1,High,Size sufficient · High,CSF,Observed,0.01894736842105263
Size-colour,Size sufficient,1,High,Size sufficient · High,CSF,Plan-guided,0.00961578947368421
Size-colour,Size sufficient,1,High,Size sufficient · High,CF,Observed,0.09894736842105264
Size-colour,Size sufficient,1,High,Size sufficient · High,CF,Plan-guided,0.04529263157894737
Size-colour,Size sufficient,1,High,Size sufficient · High,CFS,Observed,0.00210526315789473
Size-colour,Size sufficient,1,High,Size sufficient · High,CFS,Plan-guided,0.00376684210526315
Size-colour,Size sufficient,1,High,Size sufficient · High,F,Observed,0.1031578947368421
Size-colour,Size sufficient,1,High,Size sufficient · High,F,Plan-guided,0.06271368421052631
Size-colour,Size sufficient,1,High,Size sufficient · High,FS,Observed,0.00210526315789473
Size-colour,Size sufficient,1,High,Size sufficient · High,FS,Plan-guided,0.00279052631578947
Size-colour,Size sufficient,1,High,Size sufficient · High,FSC,Observed,0
Size-colour,Size sufficient,1,High,Size sufficient · High,FSC,Plan-guided,0.00517105263157894
Size-colour,Size sufficient,1,High,Size sufficient · High,FC,Observed,0.01052631578947368
Size-colour,Size sufficient,1,High,Size sufficient · High,FC,Plan-guided,0.01754526315789473
Size-colour,Size sufficient,1,High,Size sufficient · High,FCS,Observed,0
Size-colour,Size sufficient,1,High,Size sufficient · High,FCS,Plan-guided,0.00181315789473684
Size-colour,Size sufficient,1,Low,Size sufficient · Low,S,Observed,0.0588235294117647
Size-colour,Size sufficient,1,Low,Size sufficient · Low,S,Plan-guided,0.03265085388994307
Size-colour,Size sufficient,1,Low,Size sufficient · Low,SC,Observed,0.04364326375711575
Size-colour,Size sufficient,1,Low,Size sufficient · Low,SC,Plan-guided,0.0324881404174573
Size-colour,Size sufficient,1,Low,Size sufficient · Low,SCF,Observed,0.3055028462998102
Size-colour,Size sufficient,1,Low,Size sufficient · Low,SCF,Plan-guided,0.17231925996204933
Size-colour,Size sufficient,1,Low,Size sufficient · Low,SF,Observed,0.3510436432637571
Size-colour,Size sufficient,1,Low,Size sufficient · Low,SF,Plan-guided,0.42067314990512333
Size-colour,Size sufficient,1,Low,Size sufficient · Low,SFC,Observed,0.03415559772296015
Size-colour,Size sufficient,1,Low,Size sufficient · Low,SFC,Plan-guided,0.06881404174573055
Size-colour,Size sufficient,1,Low,Size sufficient · Low,C,Observed,0.00569259962049335
Size-colour,Size sufficient,1,Low,Size sufficient · Low,C,Plan-guided,0.01319022770398481
Size-colour,Size sufficient,1,Low,Size sufficient · Low,CS,Observed,0.00189753320683111
Size-colour,Size sufficient,1,Low,Size sufficient · Low,CS,Plan-guided,5.5265654648956e-4
Size-colour,Size sufficient,1,Low,Size sufficient · Low,CSF,Observed,0.03984819734345351
Size-colour,Size sufficient,1,Low,Size sufficient · Low,CSF,Plan-guided,0.00857115749525616
Size-colour,Size sufficient,1,Low,Size sufficient · Low,CF,Observed,0.08918406072106262
Size-colour,Size sufficient,1,Low,Size sufficient · Low,CF,Plan-guided,0.1025678368121442
Size-colour,Size sufficient,1,Low,Size sufficient · Low,CFS,Observed,0
Size-colour,Size sufficient,1,Low,Size sufficient · Low,CFS,Plan-guided,0.00454981024667931
Size-colour,Size sufficient,1,Low,Size sufficient · Low,F,Observed,0.03795066413662239
Size-colour,Size sufficient,1,Low,Size sufficient · Low,F,Plan-guided,0.1020009487666034
Size-colour,Size sufficient,1,Low,Size sufficient · Low,FS,Observed,0.00759013282732447
Size-colour,Size sufficient,1,Low,Size sufficient · Low,FS,Plan-guided,0.00238377609108159
Size-colour,Size sufficient,1,Low,Size sufficient · Low,FSC,Observed,0.00379506641366223
Size-colour,Size sufficient,1,Low,Size sufficient · Low,FSC,Plan-guided,0.00433823529411764
Size-colour,Size sufficient,1,Low,Size sufficient · Low,FC,Observed,0.01707779886148007
Size-colour,Size sufficient,1,Low,Size sufficient · Low,FC,Plan-guided,0.03297153700189753
Size-colour,Size sufficient,1,Low,Size sufficient · Low,FCS,Observed,0.00379506641366223
Size-colour,Size sufficient,1,Low,Size sufficient · Low,FCS,Plan-guided,0.00192836812144212
Size-colour,Both necessary,2,High,Both necessary · High,S,Observed,0
Size-colour,Both necessary,2,High,Both necessary · High,S,Plan-guided,0.0090609243697479
Size-colour,Both necessary,2,High,Both necessary · High,SC,Observed,0.19747899159663865
Size-colour,Both necessary,2,High,Both necessary · High,SC,Plan-guided,0.05014810924369747
Size-colour,Both necessary,2,High,Both necessary · High,SCF,Observed,0.30462184873949577
Size-colour,Both necessary,2,High,Both necessary · High,SCF,Plan-guided,0.2085913865546219
Size-colour,Both necessary,2,High,Both necessary · High,SF,Observed,0.11134453781512606
Size-colour,Both necessary,2,High,Both necessary · High,SF,Plan-guided,0.2022295168067227
Size-colour,Both necessary,2,High,Both necessary · High,SFC,Observed,0.0315126050420168
Size-colour,Both necessary,2,High,Both necessary · High,SFC,Plan-guided,0.05039023109243697
Size-colour,Both necessary,2,High,Both necessary · High,C,Observed,0
Size-colour,Both necessary,2,High,Both necessary · High,C,Plan-guided,0.04286712184873949
Size-colour,Both necessary,2,High,Both necessary · High,CS,Observed,0.00840336134453781
Size-colour,Both necessary,2,High,Both necessary · High,CS,Plan-guided,0.00140808823529411
Size-colour,Both necessary,2,High,Both necessary · High,CSF,Observed,0.02941176470588235
Size-colour,Both necessary,2,High,Both necessary · High,CSF,Plan-guided,0.02091491596638655
Size-colour,Both necessary,2,High,Both necessary · High,CF,Observed,0.203781512605042
Size-colour,Both necessary,2,High,Both necessary · High,CF,Plan-guided,0.2144873949579832
Size-colour,Both necessary,2,High,Both necessary · High,CFS,Observed,0.0042016806722689
Size-colour,Both necessary,2,High,Both necessary · High,CFS,Plan-guided,0.00955514705882353
Size-colour,Both necessary,2,High,Both necessary · High,F,Observed,0.08403361344537816
Size-colour,Both necessary,2,High,Both necessary · High,F,Plan-guided,0.13029936974789916
Size-colour,Both necessary,2,High,Both necessary · High,FS,Observed,0
Size-colour,Both necessary,2,High,Both necessary · High,FS,Plan-guided,0.0017673319327731
Size-colour,Both necessary,2,High,Both necessary · High,FSC,Observed,0
Size-colour,Both necessary,2,High,Both necessary · High,FSC,Plan-guided,0.00432142857142857
Size-colour,Both necessary,2,High,Both necessary · High,FC,Observed,0.02310924369747899
Size-colour,Both necessary,2,High,Both necessary · High,FC,Plan-guided,0.05116334033613445
Size-colour,Both necessary,2,High,Both necessary · High,FCS,Observed,0.00210084033613445
Size-colour,Both necessary,2,High,Both necessary · High,FCS,Plan-guided,0.00279569327731092
Size-colour,Both necessary,2,Low,Both necessary · Low,S,Observed,0
Size-colour,Both necessary,2,Low,Both necessary · Low,S,Plan-guided,0.00437940630797773
Size-colour,Both necessary,2,Low,Both necessary · Low,SC,Observed,0.06679035250463822
Size-colour,Both necessary,2,Low,Both necessary · Low,SC,Plan-guided,0.0406038961038961
Size-colour,Both necessary,2,Low,Both necessary · Low,SCF,Observed,0.313543599257885
Size-colour,Both necessary,2,Low,Both necessary · Low,SCF,Plan-guided,0.19996289424860855
Size-colour,Both necessary,2,Low,Both necessary · Low,SF,Observed,0.08163265306122448
Size-colour,Both necessary,2,Low,Both necessary · Low,SF,Plan-guided,0.18326020408163263
Size-colour,Both necessary,2,Low,Both necessary · Low,SFC,Observed,0.02968460111317254
Size-colour,Both necessary,2,Low,Both necessary · Low,SFC,Plan-guided,0.04500092764378479
Size-colour,Both necessary,2,Low,Both necessary · Low,C,Observed,0.00927643784786642
Size-colour,Both necessary,2,Low,Both necessary · Low,C,Plan-guided,0.04078014842300556
Size-colour,Both necessary,2,Low,Both necessary · Low,CS,Observed,0.00556586270871985
Size-colour,Both necessary,2,Low,Both necessary · Low,CS,Plan-guided,8.7569573283859e-4
Size-colour,Both necessary,2,Low,Both necessary · Low,CSF,Observed,0.05194805194805195
Size-colour,Both necessary,2,Low,Both necessary · Low,CSF,Plan-guided,0.01472077922077922
Size-colour,Both necessary,2,Low,Both necessary · Low,CF,Observed,0.2764378478664193
Size-colour,Both necessary,2,Low,Both necessary · Low,CF,Plan-guided,0.27750556586270875
Size-colour,Both necessary,2,Low,Both necessary · Low,CFS,Observed,0.00371057513914656
Size-colour,Both necessary,2,Low,Both necessary · Low,CFS,Plan-guided,0.00792115027829313
Size-colour,Both necessary,2,Low,Both necessary · Low,F,Observed,0.11873840445269015
Size-colour,Both necessary,2,Low,Both necessary · Low,F,Plan-guided,0.12474350649350648
Size-colour,Both necessary,2,Low,Both necessary · Low,FS,Observed,0.00185528756957328
Size-colour,Both necessary,2,Low,Both necessary · Low,FS,Plan-guided,0.00105148423005565
Size-colour,Both necessary,2,Low,Both necessary · Low,FSC,Observed,0.00371057513914656
Size-colour,Both necessary,2,Low,Both necessary · Low,FSC,Plan-guided,0.002930426716141
Size-colour,Both necessary,2,Low,Both necessary · Low,FC,Observed,0.03710575139146568
Size-colour,Both necessary,2,Low,Both necessary · Low,FC,Plan-guided,0.05409322820037106
Size-colour,Both necessary,2,Low,Both necessary · Low,FCS,Observed,0
Size-colour,Both necessary,2,Low,Both necessary · Low,FCS,Plan-guided,0.00217068645640074
Size-colour,Colour sufficient,3,High,Colour sufficient · High,S,Observed,0
Size-colour,Colour sufficient,3,High,Colour sufficient · High,S,Plan-guided,0.00578039832285115
Size-colour,Colour sufficient,3,High,Colour sufficient · High,SC,Observed,0.0020964360587002
Size-colour,Colour sufficient,3,High,Colour sufficient · High,SC,Plan-guided,0.05904874213836477
Size-colour,Colour sufficient,3,High,Colour sufficient · High,SCF,Observed,0.0020964360587002
Size-colour,Colour sufficient,3,High,Colour sufficient · High,SCF,Plan-guided,0.02601781970649895
Size-colour,Colour sufficient,3,High,Colour sufficient · High,SF,Observed,0
Size-colour,Colour sufficient,3,High,Colour sufficient · High,SF,Plan-guided,0.01322274633123689
Size-colour,Colour sufficient,3,High,Colour sufficient · High,SFC,Observed,0.00628930817610062
Size-colour,Colour sufficient,3,High,Colour sufficient · High,SFC,Plan-guided,0.00525262054507337
Size-colour,Colour sufficient,3,High,Colour sufficient · High,C,Observed,0.7148846960167715
Size-colour,Colour sufficient,3,High,Colour sufficient · High,C,Plan-guided,0.7692583857442348
Size-colour,Colour sufficient,3,High,Colour sufficient · High,CS,Observed,0
Size-colour,Colour sufficient,3,High,Colour sufficient · High,CS,Plan-guided,0.00266142557651991
Size-colour,Colour sufficient,3,High,Colour sufficient · High,CSF,Observed,0.00419287211740041
Size-colour,Colour sufficient,3,High,Colour sufficient · High,CSF,Plan-guided,0.00418501048218029
Size-colour,Colour sufficient,3,High,Colour sufficient · High,CF,Observed,0.22851153039832284
Size-colour,Colour sufficient,3,High,Colour sufficient · High,CF,Plan-guided,0.08099213836477986
Size-colour,Colour sufficient,3,High,Colour sufficient · High,CFS,Observed,0
Size-colour,Colour sufficient,3,High,Colour sufficient · High,CFS,Plan-guided,0.00291666666666666
Size-colour,Colour sufficient,3,High,Colour sufficient · High,F,Observed,0.02096436058700209
Size-colour,Colour sufficient,3,High,Colour sufficient · High,F,Plan-guided,0.01645230607966457
Size-colour,Colour sufficient,3,High,Colour sufficient · High,FS,Observed,0
Size-colour,Colour sufficient,3,High,Colour sufficient · High,FS,Plan-guided,3.149895178197e-4
Size-colour,Colour sufficient,3,High,Colour sufficient · High,FSC,Observed,0
Size-colour,Colour sufficient,3,High,Colour sufficient · High,FSC,Plan-guided,6.8186582809224e-4
Size-colour,Colour sufficient,3,High,Colour sufficient · High,FC,Observed,0.02096436058700209
Size-colour,Colour sufficient,3,High,Colour sufficient · High,FC,Plan-guided,0.01249947589098532
Size-colour,Colour sufficient,3,High,Colour sufficient · High,FCS,Observed,0
Size-colour,Colour sufficient,3,High,Colour sufficient · High,FCS,Plan-guided,7.1540880503144e-4
Size-colour,Colour sufficient,3,Low,Colour sufficient · Low,S,Observed,0
Size-colour,Colour sufficient,3,Low,Colour sufficient · Low,S,Plan-guided,0.00356388888888888
Size-colour,Colour sufficient,3,Low,Colour sufficient · Low,SC,Observed,0
Size-colour,Colour sufficient,3,Low,Colour sufficient · Low,SC,Plan-guided,0.06205925925925926
Size-colour,Colour sufficient,3,Low,Colour sufficient · Low,SCF,Observed,0.02777777777777777
Size-colour,Colour sufficient,3,Low,Colour sufficient · Low,SCF,Plan-guided,0.03291111111111111
Size-colour,Colour sufficient,3,Low,Colour sufficient · Low,SF,Observed,0
Size-colour,Colour sufficient,3,Low,Colour sufficient · Low,SF,Plan-guided,0.01648796296296296
Size-colour,Colour sufficient,3,Low,Colour sufficient · Low,SFC,Observed,0.01481481481481481
Size-colour,Colour sufficient,3,Low,Colour sufficient · Low,SFC,Plan-guided,0.00598009259259259
Size-colour,Colour sufficient,3,Low,Colour sufficient · Low,C,Observed,0.6148148148148148
Size-colour,Colour sufficient,3,Low,Colour sufficient · Low,C,Plan-guided,0.734324537037037
Size-colour,Colour sufficient,3,Low,Colour sufficient · Low,CS,Observed,0
Size-colour,Colour sufficient,3,Low,Colour sufficient · Low,CS,Plan-guided,0.00148518518518518
Size-colour,Colour sufficient,3,Low,Colour sufficient · Low,CSF,Observed,0.00555555555555555
Size-colour,Colour sufficient,3,Low,Colour sufficient · Low,CSF,Plan-guided,0.00318564814814814
Size-colour,Colour sufficient,3,Low,Colour sufficient · Low,CF,Observed,0.27037037037037037
Size-colour,Colour sufficient,3,Low,Colour sufficient · Low,CF,Plan-guided,0.10509907407407408
Size-colour,Colour sufficient,3,Low,Colour sufficient · Low,CFS,Observed,0
Size-colour,Colour sufficient,3,Low,Colour sufficient · Low,CFS,Plan-guided,0.00248611111111111
Size-colour,Colour sufficient,3,Low,Colour sufficient · Low,F,Observed,0.04629629629629629
Size-colour,Colour sufficient,3,Low,Colour sufficient · Low,F,Plan-guided,0.0175824074074074
Size-colour,Colour sufficient,3,Low,Colour sufficient · Low,FS,Observed,0
Size-colour,Colour sufficient,3,Low,Colour sufficient · Low,FS,Plan-guided,2.6481481481481e-4
Size-colour,Colour sufficient,3,Low,Colour sufficient · Low,FSC,Observed,0
Size-colour,Colour sufficient,3,Low,Colour sufficient · Low,FSC,Plan-guided,5.1018518518518e-4
Size-colour,Colour sufficient,3,Low,Colour sufficient · Low,FC,Observed,0.02037037037037037
Size-colour,Colour sufficient,3,Low,Colour sufficient · Low,FC,Plan-guided,0.0135
Size-colour,Colour sufficient,3,Low,Colour sufficient · Low,FCS,Observed,0
Size-colour,Colour sufficient,3,Low,Colour sufficient · Low,FCS,Plan-guided,5.5972222222222e-4
Size-form,Size sufficient,1,High,Size sufficient · High,S,Observed,0.25473684210526315
Size-form,Size sufficient,1,High,Size sufficient · High,S,Plan-guided,0.27638999999999997
Size-form,Size sufficient,1,High,Size sufficient · High,SC,Observed,0.06526315789473684
Size-form,Size sufficient,1,High,Size sufficient · High,SC,Plan-guided,0.10416
Size-form,Size sufficient,1,High,Size sufficient · High,SCF,Observed,0.21052631578947367
Size-form,Size sufficient,1,High,Size sufficient · High,SCF,Plan-guided,0.2770889473684211
Size-form,Size sufficient,1,High,Size sufficient · High,SF,Observed,0.21473684210526317
Size-form,Size sufficient,1,High,Size sufficient · High,SF,Plan-guided,0.08984526315789473
Size-form,Size sufficient,1,High,Size sufficient · High,SFC,Observed,0.02736842105263158
Size-form,Size sufficient,1,High,Size sufficient · High,SFC,Plan-guided,0.03656473684210526
Size-form,Size sufficient,1,High,Size sufficient · High,C,Observed,0.07789473684210527
Size-form,Size sufficient,1,High,Size sufficient · High,C,Plan-guided,0.0405957894736842
Size-form,Size sufficient,1,High,Size sufficient · High,CS,Observed,0
Size-form,Size sufficient,1,High,Size sufficient · High,CS,Plan-guided,0.00304421052631578
Size-form,Size sufficient,1,High,Size sufficient · High,CSF,Observed,0.01684210526315789
Size-form,Size sufficient,1,High,Size sufficient · High,CSF,Plan-guided,0.03136684210526316
Size-form,Size sufficient,1,High,Size sufficient · High,CF,Observed,0.1031578947368421
Size-form,Size sufficient,1,High,Size sufficient · High,CF,Plan-guided,0.09021157894736842
Size-form,Size sufficient,1,High,Size sufficient · High,CFS,Observed,0
Size-form,Size sufficient,1,High,Size sufficient · High,CFS,Plan-guided,0.0067857894736842
Size-form,Size sufficient,1,High,Size sufficient · High,F,Observed,0.00631578947368421
Size-form,Size sufficient,1,High,Size sufficient · High,F,Plan-guided,0.02328368421052631
Size-form,Size sufficient,1,High,Size sufficient · High,FS,Observed,0.00210526315789473
Size-form,Size sufficient,1,High,Size sufficient · High,FS,Plan-guided,8.8842105263157e-4
Size-form,Size sufficient,1,High,Size sufficient · High,FSC,Observed,0.00631578947368421
Size-form,Size sufficient,1,High,Size sufficient · High,FSC,Plan-guided,0.00277842105263157
Size-form,Size sufficient,1,High,Size sufficient · High,FC,Observed,0.01263157894736842
Size-form,Size sufficient,1,High,Size sufficient · High,FC,Plan-guided,0.01543315789473684
Size-form,Size sufficient,1,High,Size sufficient · High,FCS,Observed,0.00210526315789473
Size-form,Size sufficient,1,High,Size sufficient · High,FCS,Plan-guided,0.00156315789473684
Size-form,Size sufficient,1,Low,Size sufficient · Low,S,Observed,0.07364341085271318
Size-form,Size sufficient,1,Low,Size sufficient · Low,S,Plan-guided,0.03746802325581395
Size-form,Size sufficient,1,Low,Size sufficient · Low,SC,Observed,0.05813953488372093
Size-form,Size sufficient,1,Low,Size sufficient · Low,SC,Plan-guided,0.09822141472868216
Size-form,Size sufficient,1,Low,Size sufficient · Low,SCF,Observed,0.27906976744186046
Size-form,Size sufficient,1,Low,Size sufficient · Low,SCF,Plan-guided,0.31683478682170546
Size-form,Size sufficient,1,Low,Size sufficient · Low,SF,Observed,0.19767441860465115
Size-form,Size sufficient,1,Low,Size sufficient · Low,SF,Plan-guided,0.11821850775193796
Size-form,Size sufficient,1,Low,Size sufficient · Low,SFC,Observed,0.02906976744186046
Size-form,Size sufficient,1,Low,Size sufficient · Low,SFC,Plan-guided,0.03814728682170543
Size-form,Size sufficient,1,Low,Size sufficient · Low,C,Observed,0.13953488372093023
Size-form,Size sufficient,1,Low,Size sufficient · Low,C,Plan-guided,0.06049418604651162
Size-form,Size sufficient,1,Low,Size sufficient · Low,CS,Observed,0.00193798449612403
Size-form,Size sufficient,1,Low,Size sufficient · Low,CS,Plan-guided,0.00228536821705426
Size-form,Size sufficient,1,Low,Size sufficient · Low,CSF,Observed,0.0251937984496124
Size-form,Size sufficient,1,Low,Size sufficient · Low,CSF,Plan-guided,0.03051937984496124
Size-form,Size sufficient,1,Low,Size sufficient · Low,CF,Observed,0.16666666666666666
Size-form,Size sufficient,1,Low,Size sufficient · Low,CF,Plan-guided,0.2213575581395349
Size-form,Size sufficient,1,Low,Size sufficient · Low,CFS,Observed,0.00193798449612403
Size-form,Size sufficient,1,Low,Size sufficient · Low,CFS,Plan-guided,0.00892684108527131
Size-form,Size sufficient,1,Low,Size sufficient · Low,F,Observed,0.00581395348837209
Size-form,Size sufficient,1,Low,Size sufficient · Low,F,Plan-guided,0.03722141472868217
Size-form,Size sufficient,1,Low,Size sufficient · Low,FS,Observed,0
Size-form,Size sufficient,1,Low,Size sufficient · Low,FS,Plan-guided,6.6521317829457e-4
Size-form,Size sufficient,1,Low,Size sufficient · Low,FSC,Observed,0
Size-form,Size sufficient,1,Low,Size sufficient · Low,FSC,Plan-guided,0.00198013565891472
Size-form,Size sufficient,1,Low,Size sufficient · Low,FC,Observed,0.02131782945736434
Size-form,Size sufficient,1,Low,Size sufficient · Low,FC,Plan-guided,0.02612839147286821
Size-form,Size sufficient,1,Low,Size sufficient · Low,FCS,Observed,0
Size-form,Size sufficient,1,Low,Size sufficient · Low,FCS,Plan-guided,0.00153149224806201
Size-form,Both necessary,2,High,Both necessary · High,S,Observed,0.0020964360587002
Size-form,Both necessary,2,High,Both necessary · High,S,Plan-guided,0.00921383647798742
Size-form,Both necessary,2,High,Both necessary · High,SC,Observed,0.05870020964360587
Size-form,Both necessary,2,High,Both necessary · High,SC,Plan-guided,0.06189046121593292
Size-form,Both necessary,2,High,Both necessary · High,SCF,Observed,0.220125786163522
Size-form,Both necessary,2,High,Both necessary · High,SCF,Plan-guided,0.20351205450733753
Size-form,Both necessary,2,High,Both necessary · High,SF,Observed,0.29559748427672955
Size-form,Both necessary,2,High,Both necessary · High,SF,Plan-guided,0.13701205450733756
Size-form,Both necessary,2,High,Both necessary · High,SFC,Observed,0.01886792452830188
Size-form,Both necessary,2,High,Both necessary · High,SFC,Plan-guided,0.03870178197064989
Size-form,Both necessary,2,High,Both necessary · High,C,Observed,0.10272536687631029
Size-form,Both necessary,2,High,Both necessary · High,C,Plan-guided,0.0723485324947589
Size-form,Both necessary,2,High,Both necessary · High,CS,Observed,0
Size-form,Both necessary,2,High,Both necessary · High,CS,Plan-guided,0.00206865828092243
Size-form,Both necessary,2,High,Both necessary · High,CSF,Observed,0.03563941299790356
Size-form,Both necessary,2,High,Both necessary · High,CSF,Plan-guided,0.02721436058700209
Size-form,Both necessary,2,High,Both necessary · High,CF,Observed,0.220125786163522
Size-form,Both necessary,2,High,Both necessary · High,CF,Plan-guided,0.2946357442348008
Size-form,Both necessary,2,High,Both necessary · High,CFS,Observed,0.00419287211740041
Size-form,Both necessary,2,High,Both necessary · High,CFS,Plan-guided,0.01201939203354297
Size-form,Both necessary,2,High,Both necessary · High,F,Observed,0.01048218029350104
Size-form,Both necessary,2,High,Both necessary · High,F,Plan-guided,0.08897117400419285
Size-form,Both necessary,2,High,Both necessary · High,FS,Observed,0.0020964360587002
Size-form,Both necessary,2,High,Both necessary · High,FS,Plan-guided,0.00112893081761006
Size-form,Both necessary,2,High,Both necessary · High,FSC,Observed,0.0020964360587002
Size-form,Both necessary,2,High,Both necessary · High,FSC,Plan-guided,0.00316614255765199
Size-form,Both necessary,2,High,Both necessary · High,FC,Observed,0.0230607966457023
Size-form,Both necessary,2,High,Both necessary · High,FC,Plan-guided,0.04566352201257862
Size-form,Both necessary,2,High,Both necessary · High,FCS,Observed,0.00419287211740041
Size-form,Both necessary,2,High,Both necessary · High,FCS,Plan-guided,0.00245335429769392
Size-form,Both necessary,2,Low,Both necessary · Low,S,Observed,0.00376647834274952
Size-form,Both necessary,2,Low,Both necessary · Low,S,Plan-guided,0.00384981167608286
Size-form,Both necessary,2,Low,Both necessary · Low,SC,Observed,0.01694915254237288
Size-form,Both necessary,2,Low,Both necessary · Low,SC,Plan-guided,0.04946092278719398
Size-form,Both necessary,2,Low,Both necessary · Low,SCF,Observed,0.2900188323917137
Size-form,Both necessary,2,Low,Both necessary · Low,SCF,Plan-guided,0.20259934086629003
Size-form,Both necessary,2,Low,Both necessary · Low,SF,Observed,0.4067796610169492
Size-form,Both necessary,2,Low,Both necessary · Low,SF,Plan-guided,0.10007627118644068
Size-form,Both necessary,2,Low,Both necessary · Low,SFC,Observed,0.03389830508474576
Size-form,Both necessary,2,Low,Both necessary · Low,SFC,Plan-guided,0.03142325800376647
Size-form,Both necessary,2,Low,Both necessary · Low,C,Observed,0.01129943502824858
Size-form,Both necessary,2,Low,Both necessary · Low,C,Plan-guided,0.06712994350282486
Size-form,Both necessary,2,Low,Both necessary · Low,CS,Observed,0.00188323917137476
Size-form,Both necessary,2,Low,Both necessary · Low,CS,Plan-guided,0.00121939736346516
Size-form,Both necessary,2,Low,Both necessary · Low,CSF,Observed,0.04143126177024482
Size-form,Both necessary,2,Low,Both necessary · Low,CSF,Plan-guided,0.02037570621468926
Size-form,Both necessary,2,Low,Both necessary · Low,CF,Observed,0.15065913370998116
Size-form,Both necessary,2,Low,Both necessary · Low,CF,Plan-guided,0.3864618644067797
Size-form,Both necessary,2,Low,Both necessary · Low,CFS,Observed,0.00564971751412429
Size-form,Both necessary,2,Low,Both necessary · Low,CFS,Plan-guided,0.01010546139359698
Size-form,Both necessary,2,Low,Both necessary · Low,F,Observed,0.01694915254237288
Size-form,Both necessary,2,Low,Both necessary · Low,F,Plan-guided,0.07710216572504708
Size-form,Both necessary,2,Low,Both necessary · Low,FS,Observed,0.00188323917137476
Size-form,Both necessary,2,Low,Both necessary · Low,FS,Plan-guided,6.0922787193973e-4
Size-form,Both necessary,2,Low,Both necessary · Low,FSC,Observed,0
Size-form,Both necessary,2,Low,Both necessary · Low,FSC,Plan-guided,0.0018954802259887
Size-form,Both necessary,2,Low,Both necessary · Low,FC,Observed,0.01694915254237288
Size-form,Both necessary,2,Low,Both necessary · Low,FC,Plan-guided,0.04589265536723164
Size-form,Both necessary,2,Low,Both necessary · Low,FCS,Observed,0.00188323917137476
Size-form,Both necessary,2,Low,Both necessary · Low,FCS,Plan-guided,0.0017984934086629
Size-form,Form sufficient,3,High,Form sufficient · High,S,Observed,0
Size-form,Form sufficient,3,High,Form sufficient · High,S,Plan-guided,0.00221533613445378
Size-form,Form sufficient,3,High,Form sufficient · High,SC,Observed,0.00210084033613445
Size-form,Form sufficient,3,High,Form sufficient · High,SC,Plan-guided,0.01373266806722689
Size-form,Form sufficient,3,High,Form sufficient · High,SCF,Observed,0.00840336134453781
Size-form,Form sufficient,3,High,Form sufficient · High,SCF,Plan-guided,0.06614758403361344
Size-form,Form sufficient,3,High,Form sufficient · High,SF,Observed,0
Size-form,Form sufficient,3,High,Form sufficient · High,SF,Plan-guided,0.05730409663865547
Size-form,Form sufficient,3,High,Form sufficient · High,SFC,Observed,0.01050420168067227
Size-form,Form sufficient,3,High,Form sufficient · High,SFC,Plan-guided,0.01698949579831932
Size-form,Form sufficient,3,High,Form sufficient · High,C,Observed,0.1092436974789916
Size-form,Form sufficient,3,High,Form sufficient · High,C,Plan-guided,0.03445745798319328
Size-form,Form sufficient,3,High,Form sufficient · High,CS,Observed,0.00210084033613445
Size-form,Form sufficient,3,High,Form sufficient · High,CS,Plan-guided,6.423319327731e-4
Size-form,Form sufficient,3,High,Form sufficient · High,CSF,Observed,0.0042016806722689
Size-form,Form sufficient,3,High,Form sufficient · High,CSF,Plan-guided,0.00921428571428571
Size-form,Form sufficient,3,High,Form sufficient · High,CF,Observed,0.18907563025210083
Size-form,Form sufficient,3,High,Form sufficient · High,CF,Plan-guided,0.23325157563025212
Size-form,Form sufficient,3,High,Form sufficient · High,CFS,Observed,0
Size-form,Form sufficient,3,High,Form sufficient · High,CFS,Plan-guided,0.00699474789915966
Size-form,Form sufficient,3,High,Form sufficient · High,F,Observed,0.6407563025210085
Size-form,Form sufficient,3,High,Form sufficient · High,F,Plan-guided,0.513735294117647
Size-form,Form sufficient,3,High,Form sufficient · High,FS,Observed,0
Size-form,Form sufficient,3,High,Form sufficient · High,FS,Plan-guided,7.3581932773109e-4
Size-form,Form sufficient,3,High,Form sufficient · High,FSC,Observed,0.00210084033613445
Size-form,Form sufficient,3,High,Form sufficient · High,FSC,Plan-guided,0.00186449579831932
Size-form,Form sufficient,3,High,Form sufficient · High,FC,Observed,0.0315126050420168
Size-form,Form sufficient,3,High,Form sufficient · High,FC,Plan-guided,0.04091071428571428
Size-form,Form sufficient,3,High,Form sufficient · High,FCS,Observed,0
Size-form,Form sufficient,3,High,Form sufficient · High,FCS,Plan-guided,0.00180409663865546
Size-form,Form sufficient,3,Low,Form sufficient · Low,S,Observed,0
Size-form,Form sufficient,3,Low,Form sufficient · Low,S,Plan-guided,0.00134444444444444
Size-form,Form sufficient,3,Low,Form sufficient · Low,SC,Observed,0.00185185185185185
Size-form,Form sufficient,3,Low,Form sufficient · Low,SC,Plan-guided,0.01344537037037037
Size-form,Form sufficient,3,Low,Form sufficient · Low,SCF,Observed,0.01666666666666666
Size-form,Form sufficient,3,Low,Form sufficient · Low,SCF,Plan-guided,0.07808657407407406
Size-form,Form sufficient,3,Low,Form sufficient · Low,SF,Observed,0
Size-form,Form sufficient,3,Low,Form sufficient · Low,SF,Plan-guided,0.06180462962962963
Size-form,Form sufficient,3,Low,Form sufficient · Low,SFC,Observed,0.01111111111111111
Size-form,Form sufficient,3,Low,Form sufficient · Low,SFC,Plan-guided,0.01728148148148148
Size-form,Form sufficient,3,Low,Form sufficient · Low,C,Observed,0.04814814814814815
Size-form,Form sufficient,3,Low,Form sufficient · Low,C,Plan-guided,0.02985879629629629
Size-form,Form sufficient,3,Low,Form sufficient · Low,CS,Observed,0
Size-form,Form sufficient,3,Low,Form sufficient · Low,CS,Plan-guided,4.5601851851851e-4
Size-form,Form sufficient,3,Low,Form sufficient · Low,CSF,Observed,0
Size-form,Form sufficient,3,Low,Form sufficient · Low,CSF,Plan-guided,0.0067537037037037
Size-form,Form sufficient,3,Low,Form sufficient · Low,CF,Observed,0.24814814814814817
Size-form,Form sufficient,3,Low,Form sufficient · Low,CF,Plan-guided,0.27537453703703707
Size-form,Form sufficient,3,Low,Form sufficient · Low,CFS,Observed,0
Size-form,Form sufficient,3,Low,Form sufficient · Low,CFS,Plan-guided,0.00562824074074074
Size-form,Form sufficient,3,Low,Form sufficient · Low,F,Observed,0.6481481481481481
Size-form,Form sufficient,3,Low,Form sufficient · Low,F,Plan-guided,0.4661023148148148
Size-form,Form sufficient,3,Low,Form sufficient · Low,FS,Observed,0
Size-form,Form sufficient,3,Low,Form sufficient · Low,FS,Plan-guided,5.1018518518518e-4
Size-form,Form sufficient,3,Low,Form sufficient · Low,FSC,Observed,0
Size-form,Form sufficient,3,Low,Form sufficient · Low,FSC,Plan-guided,0.00123518518518518
Size-form,Form sufficient,3,Low,Form sufficient · Low,FC,Observed,0.02592592592592592
Size-form,Form sufficient,3,Low,Form sufficient · Low,FC,Plan-guided,0.04085185185185185
Size-form,Form sufficient,3,Low,Form sufficient · Low,FCS,Observed,0
Size-form,Form sufficient,3,Low,Form sufficient · Low,FCS,Plan-guided,0.00126666666666666
Colour-form,Colour sufficient,1,High,Colour sufficient · High,S,Observed,0.00838574423480083
Colour-form,Colour sufficient,1,High,Colour sufficient · High,S,Plan-guided,0.00415251572327044
Colour-form,Colour sufficient,1,High,Colour sufficient · High,SC,Observed,0.01048218029350104
Colour-form,Colour sufficient,1,High,Colour sufficient · High,SC,Plan-guided,0.05978039832285115
Colour-form,Colour sufficient,1,High,Colour sufficient · High,SCF,Observed,0.03144654088050314
Colour-form,Colour sufficient,1,High,Colour sufficient · High,SCF,Plan-guided,0.01737735849056603
Colour-form,Colour sufficient,1,High,Colour sufficient · High,SF,Observed,0.01048218029350104
Colour-form,Colour sufficient,1,High,Colour sufficient · High,SF,Plan-guided,0.00404140461215932
Colour-form,Colour sufficient,1,High,Colour sufficient · High,SFC,Observed,0.00838574423480083
Colour-form,Colour sufficient,1,High,Colour sufficient · High,SFC,Plan-guided,0.00212788259958071
Colour-form,Colour sufficient,1,High,Colour sufficient · High,C,Observed,0.6918238993710691
Colour-form,Colour sufficient,1,High,Colour sufficient · High,C,Plan-guided,0.8314889937106918
Colour-form,Colour sufficient,1,High,Colour sufficient · High,CS,Observed,0
Colour-form,Colour sufficient,1,High,Colour sufficient · High,CS,Plan-guided,0.00334171907756813
Colour-form,Colour sufficient,1,High,Colour sufficient · High,CSF,Observed,0.01467505241090146
Colour-form,Colour sufficient,1,High,Colour sufficient · High,CSF,Plan-guided,0.00368396226415094
Colour-form,Colour sufficient,1,High,Colour sufficient · High,CF,Observed,0.20335429769392033
Colour-form,Colour sufficient,1,High,Colour sufficient · High,CF,Plan-guided,0.05985953878406708
Colour-form,Colour sufficient,1,High,Colour sufficient · High,CFS,Observed,0
Colour-form,Colour sufficient,1,High,Colour sufficient · High,CFS,Plan-guided,0.00204979035639413
Colour-form,Colour sufficient,1,High,Colour sufficient · High,F,Observed,0
Colour-form,Colour sufficient,1,High,Colour sufficient · High,F,Plan-guided,0.00530293501048218
Colour-form,Colour sufficient,1,High,Colour sufficient · High,FS,Observed,0
Colour-form,Colour sufficient,1,High,Colour sufficient · High,FS,Plan-guided,2.1540880503144e-4
Colour-form,Colour sufficient,1,High,Colour sufficient · High,FSC,Observed,0
Colour-form,Colour sufficient,1,High,Colour sufficient · High,FSC,Plan-guided,3.3333333333333e-4
Colour-form,Colour sufficient,1,High,Colour sufficient · High,FC,Observed,0.02096436058700209
Colour-form,Colour sufficient,1,High,Colour sufficient · High,FC,Plan-guided,0.00580398322851153
Colour-form,Colour sufficient,1,High,Colour sufficient · High,FCS,Observed,0
Colour-form,Colour sufficient,1,High,Colour sufficient · High,FCS,Plan-guided,4.4077568134171e-4
Colour-form,Colour sufficient,1,Low,Colour sufficient · Low,S,Observed,0.00555555555555555
Colour-form,Colour sufficient,1,Low,Colour sufficient · Low,S,Plan-guided,0.00335555555555555
Colour-form,Colour sufficient,1,Low,Colour sufficient · Low,SC,Observed,0.01666666666666666
Colour-form,Colour sufficient,1,Low,Colour sufficient · Low,SC,Plan-guided,0.08526342592592592
Colour-form,Colour sufficient,1,Low,Colour sufficient · Low,SCF,Observed,0.05185185185185185
Colour-form,Colour sufficient,1,Low,Colour sufficient · Low,SCF,Plan-guided,0.02911666666666666
Colour-form,Colour sufficient,1,Low,Colour sufficient · Low,SF,Observed,0.0074074074074074
Colour-form,Colour sufficient,1,Low,Colour sufficient · Low,SF,Plan-guided,0.00628564814814814
Colour-form,Colour sufficient,1,Low,Colour sufficient · Low,SFC,Observed,0.00925925925925925
Colour-form,Colour sufficient,1,Low,Colour sufficient · Low,SFC,Plan-guided,0.00305324074074074
Colour-form,Colour sufficient,1,Low,Colour sufficient · Low,C,Observed,0.6314814814814815
Colour-form,Colour sufficient,1,Low,Colour sufficient · Low,C,Plan-guided,0.7867874999999999
Colour-form,Colour sufficient,1,Low,Colour sufficient · Low,CS,Observed,0
Colour-form,Colour sufficient,1,Low,Colour sufficient · Low,CS,Plan-guided,0.00246342592592592
Colour-form,Colour sufficient,1,Low,Colour sufficient · Low,CSF,Observed,0.0074074074074074
Colour-form,Colour sufficient,1,Low,Colour sufficient · Low,CSF,Plan-guided,0.00360046296296296
Colour-form,Colour sufficient,1,Low,Colour sufficient · Low,CF,Observed,0.2518518518518518
Colour-form,Colour sufficient,1,Low,Colour sufficient · Low,CF,Plan-guided,0.06671064814814816
Colour-form,Colour sufficient,1,Low,Colour sufficient · Low,CFS,Observed,0
Colour-form,Colour sufficient,1,Low,Colour sufficient · Low,CFS,Plan-guided,0.00177453703703703
Colour-form,Colour sufficient,1,Low,Colour sufficient · Low,F,Observed,0
Colour-form,Colour sufficient,1,Low,Colour sufficient · Low,F,Plan-guided,0.00521481481481481
Colour-form,Colour sufficient,1,Low,Colour sufficient · Low,FS,Observed,0
Colour-form,Colour sufficient,1,Low,Colour sufficient · Low,FS,Plan-guided,2.1898148148148e-4
Colour-form,Colour sufficient,1,Low,Colour sufficient · Low,FSC,Observed,0.00185185185185185
Colour-form,Colour sufficient,1,Low,Colour sufficient · Low,FSC,Plan-guided,3.2222222222222e-4
Colour-form,Colour sufficient,1,Low,Colour sufficient · Low,FC,Observed,0.01666666666666666
Colour-form,Colour sufficient,1,Low,Colour sufficient · Low,FC,Plan-guided,0.0054449074074074
Colour-form,Colour sufficient,1,Low,Colour sufficient · Low,FCS,Observed,0
Colour-form,Colour sufficient,1,Low,Colour sufficient · Low,FCS,Plan-guided,3.8796296296296e-4
Colour-form,Both necessary,2,High,Both necessary · High,S,Observed,0.00419287211740041
Colour-form,Both necessary,2,High,Both necessary · High,S,Plan-guided,0.00432180293501048
Colour-form,Both necessary,2,High,Both necessary · High,SC,Observed,0.01467505241090146
Colour-form,Both necessary,2,High,Both necessary · High,SC,Plan-guided,0.02569025157232704
Colour-form,Both necessary,2,High,Both necessary · High,SCF,Observed,0.1090146750524109
Colour-form,Both necessary,2,High,Both necessary · High,SCF,Plan-guided,0.09877672955974842
Colour-form,Both necessary,2,High,Both necessary · High,SF,Observed,0.05031446540880503
Colour-form,Both necessary,2,High,Both necessary · High,SF,Plan-guided,0.08358542976939203
Colour-form,Both necessary,2,High,Both necessary · High,SFC,Observed,0.0230607966457023
Colour-form,Both necessary,2,High,Both necessary · High,SFC,Plan-guided,0.0238590146750524
Colour-form,Both necessary,2,High,Both necessary · High,C,Observed,0.0020964360587002
Colour-form,Both necessary,2,High,Both necessary · High,C,Plan-guided,0.0813422431865828
Colour-form,Both necessary,2,High,Both necessary · High,CS,Observed,0
Colour-form,Both necessary,2,High,Both necessary · High,CS,Plan-guided,0.0010607966457023
Colour-form,Both necessary,2,High,Both necessary · High,CSF,Observed,0.0020964360587002
Colour-form,Both necessary,2,High,Both necessary · High,CSF,Plan-guided,0.01278616352201257
Colour-form,Both necessary,2,High,Both necessary · High,CF,Observed,0.7253668763102725
Colour-form,Both necessary,2,High,Both necessary · High,CF,Plan-guided,0.4146027253668763
Colour-form,Both necessary,2,High,Both necessary · High,CFS,Observed,0
Colour-form,Both necessary,2,High,Both necessary · High,CFS,Plan-guided,0.01041090146750524
Colour-form,Both necessary,2,High,Both necessary · High,F,Observed,0.00419287211740041
Colour-form,Both necessary,2,High,Both necessary · High,F,Plan-guided,0.16538102725366874
Colour-form,Both necessary,2,High,Both necessary · High,FS,Observed,0
Colour-form,Both necessary,2,High,Both necessary · High,FS,Plan-guided,0.00100943396226415
Colour-form,Both necessary,2,High,Both necessary · High,FSC,Observed,0
Colour-form,Both necessary,2,High,Both necessary · High,FSC,Plan-guided,0.00245230607966457
Colour-form,Both necessary,2,High,Both necessary · High,FC,Observed,0.0649895178197065
Colour-form,Both necessary,2,High,Both necessary · High,FC,Plan-guided,0.07221593291404611
Colour-form,Both necessary,2,High,Both necessary · High,FCS,Observed,0
Colour-form,Both necessary,2,High,Both necessary · High,FCS,Plan-guided,0.00250524109014675
Colour-form,Both necessary,2,Low,Both necessary · Low,S,Observed,0.0037037037037037
Colour-form,Both necessary,2,Low,Both necessary · Low,S,Plan-guided,0.00345555555555555
Colour-form,Both necessary,2,Low,Both necessary · Low,SC,Observed,0.02592592592592592
Colour-form,Both necessary,2,Low,Both necessary · Low,SC,Plan-guided,0.03177777777777777
Colour-form,Both necessary,2,Low,Both necessary · Low,SCF,Observed,0.08148148148148149
Colour-form,Both necessary,2,Low,Both necessary · Low,SCF,Plan-guided,0.1400912037037037
Colour-form,Both necessary,2,Low,Both necessary · Low,SF,Observed,0.02222222222222222
Colour-form,Both necessary,2,Low,Both necessary · Low,SF,Plan-guided,0.11323888888888888
Colour-form,Both necessary,2,Low,Both necessary · Low,SFC,Observed,0.01111111111111111
Colour-form,Both necessary,2,Low,Both necessary · Low,SFC,Plan-guided,0.03001111111111111
Colour-form,Both necessary,2,Low,Both necessary · Low,C,Observed,0.0074074074074074
Colour-form,Both necessary,2,Low,Both necessary · Low,C,Plan-guided,0.06178842592592592
Colour-form,Both necessary,2,Low,Both necessary · Low,CS,Observed,0
Colour-form,Both necessary,2,Low,Both necessary · Low,CS,Plan-guided,8.2129629629629e-4
Colour-form,Both necessary,2,Low,Both necessary · Low,CSF,Observed,0.0074074074074074
Colour-form,Both necessary,2,Low,Both necessary · Low,CSF,Plan-guided,0.01155277777777777
Colour-form,Both necessary,2,Low,Both necessary · Low,CF,Observed,0.7592592592592593
Colour-form,Both necessary,2,Low,Both necessary · Low,CF,Plan-guided,0.4020203703703704
Colour-form,Both necessary,2,Low,Both necessary · Low,CFS,Observed,0.0037037037037037
Colour-form,Both necessary,2,Low,Both necessary · Low,CFS,Plan-guided,0.00826712962962963
Colour-form,Both necessary,2,Low,Both necessary · Low,F,Observed,0.01296296296296296
Colour-form,Both necessary,2,Low,Both necessary · Low,F,Plan-guided,0.13116064814814815
Colour-form,Both necessary,2,Low,Both necessary · Low,FS,Observed,0.00185185185185185
Colour-form,Both necessary,2,Low,Both necessary · Low,FS,Plan-guided,7.8009259259259e-4
Colour-form,Both necessary,2,Low,Both necessary · Low,FSC,Observed,0
Colour-form,Both necessary,2,Low,Both necessary · Low,FSC,Plan-guided,0.00202777777777777
Colour-form,Both necessary,2,Low,Both necessary · Low,FC,Observed,0.06296296296296296
Colour-form,Both necessary,2,Low,Both necessary · Low,FC,Plan-guided,0.06109398148148148
Colour-form,Both necessary,2,Low,Both necessary · Low,FCS,Observed,0
Colour-form,Both necessary,2,Low,Both necessary · Low,FCS,Plan-guided,0.00191296296296296
Colour-form,Form sufficient,3,High,Form sufficient · High,S,Observed,0
Colour-form,Form sufficient,3,High,Form sufficient · High,S,Plan-guided,0.00236949685534591
Colour-form,Form sufficient,3,High,Form sufficient · High,SC,Observed,0
Colour-form,Form sufficient,3,High,Form sufficient · High,SC,Plan-guided,0.00747169811320754
Colour-form,Form sufficient,3,High,Form sufficient · High,SCF,Observed,0.02096436058700209
Colour-form,Form sufficient,3,High,Form sufficient · High,SCF,Plan-guided,0.04206970649895179
Colour-form,Form sufficient,3,High,Form sufficient · High,SF,Observed,0.03354297693920335
Colour-form,Form sufficient,3,High,Form sufficient · High,SF,Plan-guided,0.12114465408805032
Colour-form,Form sufficient,3,High,Form sufficient · High,SFC,Observed,0.00628930817610062
Colour-form,Form sufficient,3,High,Form sufficient · High,SFC,Plan-guided,0.0217248427672956
Colour-form,Form sufficient,3,High,Form sufficient · High,C,Observed,0
Colour-form,Form sufficient,3,High,Form sufficient · High,C,Plan-guided,0.00964937106918239
Colour-form,Form sufficient,3,High,Form sufficient · High,CS,Observed,0
Colour-form,Form sufficient,3,High,Form sufficient · High,CS,Plan-guided,3.2494758909853e-4
Colour-form,Form sufficient,3,High,Form sufficient · High,CSF,Observed,0.00419287211740041
Colour-form,Form sufficient,3,High,Form sufficient · High,CSF,Plan-guided,0.00343238993710691
Colour-form,Form sufficient,3,High,Form sufficient · High,CF,Observed,0.16771488469601678
Colour-form,Form sufficient,3,High,Form sufficient · High,CF,Plan-guided,0.08853459119496855
Colour-form,Form sufficient,3,High,Form sufficient · High,CFS,Observed,0
Colour-form,Form sufficient,3,High,Form sufficient · High,CFS,Plan-guided,0.00319758909853249
Colour-form,Form sufficient,3,High,Form sufficient · High,F,Observed,0.7379454926624738
Colour-form,Form sufficient,3,High,Form sufficient · High,F,Plan-guided,0.6609156184486372
Colour-form,Form sufficient,3,High,Form sufficient · High,FS,Observed,0
Colour-form,Form sufficient,3,High,Form sufficient · High,FS,Plan-guided,0.00143186582809224
Colour-form,Form sufficient,3,High,Form sufficient · High,FSC,Observed,0.00628930817610062
Colour-form,Form sufficient,3,High,Form sufficient · High,FSC,Plan-guided,0.00243920335429769
Colour-form,Form sufficient,3,High,Form sufficient · High,FC,Observed,0.0230607966457023
Colour-form,Form sufficient,3,High,Form sufficient · High,FC,Plan-guided,0.03380345911949686
Colour-form,Form sufficient,3,High,Form sufficient · High,FCS,Observed,0
Colour-form,Form sufficient,3,High,Form sufficient · High,FCS,Plan-guided,0.00149056603773584
Colour-form,Form sufficient,3,Low,Form sufficient · Low,S,Observed,0
Colour-form,Form sufficient,3,Low,Form sufficient · Low,S,Plan-guided,0.00139351851851851
Colour-form,Form sufficient,3,Low,Form sufficient · Low,SC,Observed,0
Colour-form,Form sufficient,3,Low,Form sufficient · Low,SC,Plan-guided,0.00677129629629629
Colour-form,Form sufficient,3,Low,Form sufficient · Low,SCF,Observed,0.04259259259259259
Colour-form,Form sufficient,3,Low,Form sufficient · Low,SCF,Plan-guided,0.04717129629629629
Colour-form,Form sufficient,3,Low,Form sufficient · Low,SF,Observed,0.01666666666666666
Colour-form,Form sufficient,3,Low,Form sufficient · Low,SF,Plan-guided,0.11920138888888888
Colour-form,Form sufficient,3,Low,Form sufficient · Low,SFC,Observed,0.00925925925925925
Colour-form,Form sufficient,3,Low,Form sufficient · Low,SFC,Plan-guided,0.02133842592592592
Colour-form,Form sufficient,3,Low,Form sufficient · Low,C,Observed,0.00185185185185185
Colour-form,Form sufficient,3,Low,Form sufficient · Low,C,Plan-guided,0.00917175925925926
Colour-form,Form sufficient,3,Low,Form sufficient · Low,CS,Observed,0
Colour-form,Form sufficient,3,Low,Form sufficient · Low,CS,Plan-guided,2.6388888888888e-4
Colour-form,Form sufficient,3,Low,Form sufficient · Low,CSF,Observed,0
Colour-form,Form sufficient,3,Low,Form sufficient · Low,CSF,Plan-guided,0.00248333333333333
Colour-form,Form sufficient,3,Low,Form sufficient · Low,CF,Observed,0.2148148148148148
Colour-form,Form sufficient,3,Low,Form sufficient · Low,CF,Plan-guided,0.1070601851851852
Colour-form,Form sufficient,3,Low,Form sufficient · Low,CFS,Observed,0.00185185185185185
Colour-form,Form sufficient,3,Low,Form sufficient · Low,CFS,Plan-guided,0.00256342592592592
Colour-form,Form sufficient,3,Low,Form sufficient · Low,F,Observed,0.6722222222222223
Colour-form,Form sufficient,3,Low,Form sufficient · Low,F,Plan-guided,0.644538888888889
Colour-form,Form sufficient,3,Low,Form sufficient · Low,FS,Observed,0.00185185185185185
Colour-form,Form sufficient,3,Low,Form sufficient · Low,FS,Plan-guided,9.1203703703703e-4
Colour-form,Form sufficient,3,Low,Form sufficient · Low,FSC,Observed,0
Colour-form,Form sufficient,3,Low,Form sufficient · Low,FSC,Plan-guided,0.0017949074074074
Colour-form,Form sufficient,3,Low,Form sufficient · Low,FC,Observed,0.03888888888888889
Colour-form,Form sufficient,3,Low,Form sufficient · Low,FC,Plan-guided,0.0341662037037037
Colour-form,Form sufficient,3,Low,Form sufficient · Low,FCS,Observed,0
Colour-form,Form sufficient,3,Low,Form sufficient · Low,FCS,Plan-guided,0.00116944444444444
