combination,relevant_property,sharpness,category,Fully incremental,Global,Plan-guided,architecture_spread,endpoint_difference,plan_guided_minus_endpoint_midpoint,summary_type
color_form,both,sharp,F,0.1688039832285115,0.3038233752620545,0.2435639412997903,0.135019392033543,-0.135019392033543,0.007250262054507295,Initial adjective
dimension_form,both,blurred,C,0.5130819209039548,0.3911365348399247,0.4852923728813559,0.12194538606403005,0.12194538606403005,0.03318314500941616,Initial adjective
color_form,both,blurred,F,0.1382685185185185,0.2532407407407407,0.1969754629629629,0.1149722222222222,-0.1149722222222222,0.0012208333333332821,Initial adjective
dimension_form,both,sharp,C,0.443877358490566,0.3315780922431866,0.4082866876310272,0.1122992662473794,0.1122992662473794,0.020558962264150937,Initial adjective
color_form,both,sharp,C,0.5617431865828092,0.4535204402515723,0.5202028301886792,0.10822274633123691,0.10822274633123691,0.012571016771488419,Initial adjective
dimension_form,first,blurred,C,0.3534951550387597,0.2488798449612402,0.3235833333333334,0.10461531007751954,0.10461531007751954,0.022395833333333448,Initial adjective
color_form,both,sharp,1,0.156520964360587,0.2562222222222223,0.251045073375262,0.0997012578616353,-0.0997012578616353,0.04467348008385735,Response length
color_form,both,sharp,CF,0.4577353249475891,0.3616446540880503,0.4146027253668763,0.09609067085953882,0.09609067085953882,0.004912735849056604,Exact response
dimension_form,both,blurred,CF,0.4044755178907721,0.3101412429378531,0.3864618644067797,0.09433427495291896,0.09433427495291896,0.029153483992467144,Exact response
color_form,both,blurred,C,0.5106189814814815,0.4229699074074073,0.48445,0.08764907407407424,0.08764907407407424,0.01765555555555559,Initial adjective
dimension_form,first,blurred,DFC,0.016000968992248,0.1034345930232557,0.0381472868217054,0.0874336240310077,-0.0874336240310077,-0.021570494186046445,Exact response
dimension_form,first,sharp,DCF,0.2812868421052631,0.1964463157894737,0.2770889473684211,0.08484052631578942,0.08484052631578942,0.0382223684210527,Exact response
dimension_form,both,sharp,CF,0.3214229559748428,0.243272536687631,0.2946357442348008,0.07815041928721178,0.07815041928721178,0.01228799790356394,Exact response
color_form,both,blurred,CF,0.4250402777777777,0.3480486111111111,0.4020203703703703,0.07699166666666662,0.07699166666666662,0.015475925925925949,Exact response
color_form,both,blurred,1,0.1333680555555555,0.207524537037037,0.1964046296296296,0.07415648148148149,-0.07415648148148149,0.025958333333333333,Response length
dimension_form,both,blurred,F,0.0985084745762711,0.1716671374764595,0.12729802259887,0.07315866290018841,-0.07315866290018841,-0.0077897834274953115,Initial adjective
color_form,both,sharp,F,0.1029544025157232,0.1746011530398322,0.1653810272536687,0.071646750524109,-0.071646750524109,0.026603249475891017,Exact response
dimension_form,first,sharp,DFC,0.0168963157894736,0.0876878947368421,0.0365647368421052,0.07079157894736851,-0.07079157894736851,-0.01572736842105265,Exact response
dimension_form,first,blurred,CF,0.2379147286821705,0.1689762596899224,0.2213575581395348,0.06893846899224812,0.06893846899224812,0.01791206395348835,Exact response
dimension_color,both,sharp,C,0.3234028361344537,0.2558560924369747,0.2892326680672268,0.06754674369747898,0.06754674369747898,-0.0003967962184874274,Initial adjective
dimension_form,both,sharp,F,0.1139281970649895,0.1783993710691823,0.1413831236897274,0.0644711740041928,-0.0644711740041928,-0.004780660377358498,Initial adjective
dimension_form,first,blurred,DCF,0.2943536821705426,0.2529685077519379,0.3168347868217054,0.0638662790697675,0.041385174418604675,0.04317369186046516,Exact response
dimension_color,both,blurred,F,0.148121521335807,0.2115839517625231,0.1849893320964749,0.0634624304267161,-0.0634624304267161,0.00513659554730983,Initial adjective
dimension_form,first,blurred,D,0.5910891472868217,0.6538095930232558,0.608890019379845,0.0627204457364341,-0.0627204457364341,-0.013559350775193768,Initial adjective
color_form,both,sharp,FC,0.0583537735849056,0.1207384696016771,0.0722159329140461,0.0623846960167715,-0.0623846960167715,-0.017330188679245254,Exact response
dimension_color,both,blurred,C,0.3628228200371057,0.3008051948051948,0.3418033395176252,0.0620176252319109,0.0620176252319109,0.009989332096474957,Initial adjective
color_form,both,sharp,2,0.6563128930817611,0.5964706498951782,0.598164570230608,0.05984224318658293,0.05984224318658293,-0.02822720125786171,Response length
dimension_form,both,blurred,DFC,0.0162749529190207,0.0746831450094162,0.0314232580037664,0.058408192090395494,-0.058408192090395494,-0.01405579096045205,Exact response
color_form,both,blurred,FC,0.0457111111111111,0.1040333333333333,0.0610939814814814,0.0583222222222222,-0.0583222222222222,-0.0137782407407408,Exact response
dimension_form,both,sharp,DFC,0.0234308176100628,0.081256289308176,0.0387017819706498,0.057825471698113196,-0.057825471698113196,-0.013641771488469595,Exact response
dimension_form,first,sharp,C,0.1986063157894737,0.1408284210526316,0.1720042105263158,0.057777894736842084,0.057777894736842084,0.0022868421052631427,Initial adjective
color_form,first,blurred,CF,0.0965527777777777,0.0390777777777777,0.0667106481481481,0.057475,0.057475,-0.0011046296296295943,Exact response
color_form,first,sharp,CF,0.0920990566037735,0.0360691823899371,0.059859538784067,0.0560298742138364,0.0560298742138364,-0.004224580712788299,Exact response
color_form,both,blurred,2,0.6541125,0.5984175925925925,0.6097324074074074,0.05569490740740746,0.05569490740740746,-0.016532638888888784,Response length
dimension_color,both,blurred,2,0.6055519480519481,0.5506433209647494,0.5573900742115028,0.05490862708719868,0.05490862708719868,-0.02070756029684606,Response length
color_form,both,blurred,F,0.0871814814814814,0.1420560185185185,0.1311606481481481,0.05487453703703711,-0.05487453703703711,0.016541898148148132,Exact response
dimension_form,first,sharp,2,0.3008215789473684,0.3555894736842105,0.3035826315789474,0.054767894736842127,-0.054767894736842127,-0.024622894736842094,Response length
dimension_form,both,blurred,FC,0.0327269303201506,0.0852796610169491,0.0458926553672316,0.0525527306967985,-0.0525527306967985,-0.013110640301318255,Exact response
dimension_form,first,sharp,DC,0.0857731578947368,0.1376221052631578,0.10416,0.051848947368420994,-0.051848947368420994,-0.007537631578947296,Exact response
dimension_color,both,sharp,2,0.5714159663865545,0.5266680672268906,0.521203781512605,0.050212184873949406,0.04474789915966382,-0.02783823529411744,Response length
dimension_form,both,blurred,D,0.388409604519774,0.4371963276836158,0.387409604519774,0.049786723163841806,-0.048786723163841805,-0.025393361581920904,Initial adjective
dimension_color,both,sharp,F,0.1615147058823529,0.2109669117647059,0.1903471638655462,0.049452205882352995,-0.049452205882352995,0.004106355042016813,Initial adjective
color_form,first,blurred,C,0.880100462962963,0.8312115740740741,0.861336574074074,0.04888888888888887,0.04888888888888887,0.0056805555555555776,Initial adjective
color_form,first,blurred,DC,0.0643523148148148,0.1129861111111111,0.0852634259259259,0.0486337962962963,-0.0486337962962963,-0.0034057870370370613,Exact response
dimension_form,both,sharp,D,0.4421944444444444,0.490022536687631,0.4503301886792452,0.047828092243186626,-0.047828092243186626,-0.015778301886792523,Initial adjective
dimension_form,first,sharp,3,0.3598084210526315,0.3132315789473684,0.3561478947368421,0.04657684210526308,0.04657684210526308,0.019627894736842177,Response length
dimension_form,both,blurred,2,0.6142730696798494,0.5681699623352165,0.5837203389830509,0.046103107344632854,0.046103107344632854,-0.007501177024482053,Response length
dimension_color,first,blurred,F,0.1165374762808349,0.1615322580645161,0.1436228652751423,0.0449947817836812,-0.0449947817836812,0.004587998102466795,Initial adjective
dimension_color,both,sharp,DFC,0.0353466386554621,0.0800241596638655,0.0503902310924369,0.0446775210084034,-0.0446775210084034,-0.007295168067226902,Exact response
dimension_color,both,blurred,DFC,0.0297857142857142,0.0741762523191094,0.0450009276437847,0.044390538033395203,-0.044390538033395203,-0.006980055658627096,Exact response
dimension_form,first,blurred,D,0.0723110465116279,0.0284297480620155,0.0374680232558139,0.043881298449612395,0.043881298449612395,-0.012902374031007802,Exact response
dimension_form,second,blurred,C,0.2999157407407407,0.2749958333333333,0.3180712962962962,0.04307546296296294,0.024919907407407405,0.03061550925925921,Initial adjective
dimension_form,first,blurred,DC,0.0850988372093023,0.1280499031007752,0.0982214147286821,0.04295106589147289,-0.04295106589147289,-0.00835295542635664,Exact response
color_form,first,blurred,D,0.1093314814814814,0.1519388888888889,0.127074537037037,0.0426074074074075,-0.0426074074074075,-0.00356064814814816,Initial adjective
dimension_form,second,sharp,C,0.2743792016806722,0.2419558823529411,0.2845603991596638,0.0426045168067227,0.0324233193277311,0.026392857142857162,Initial adjective
dimension_color,first,blurred,D,0.750045540796964,0.707634724857685,0.7269454459203036,0.04241081593927898,0.04241081593927898,-0.0018946869070207706,Initial adjective
dimension_form,first,blurred,F,0.0554156976744186,0.0973105620155038,0.0675266472868217,0.0418948643410852,-0.0418948643410852,-0.0088364825581395,Initial adjective
dimension_form,both,sharp,1,0.128751572327044,0.161730607966457,0.1705335429769392,0.041781970649895195,-0.032979035639412985,0.02529245283018869,Response length
color_form,second,blurred,DF,0.1411513888888888,0.1005518518518518,0.1192013888888888,0.04059953703703702,0.04059953703703702,-0.0016502314814815094,Exact response
dimension_form,both,sharp,FC,0.0371001048218029,0.0776472746331236,0.0456635220125786,0.0405471698113207,-0.0405471698113207,-0.011710167714884645,Exact response
dimension_color,both,blurred,CF,0.288219387755102,0.2481284786641929,0.2775055658627087,0.040090909090909066,0.040090909090909066,0.00933163265306125,Exact response
color_form,both,sharp,3,0.187166142557652,0.1473071278825995,0.1507903563941299,0.039859014675052484,0.039859014675052484,-0.016446278825995836,Response length
dimension_form,first,blurred,CDF,0.053140988372093,0.0134825581395348,0.0305193798449612,0.0396584302325582,0.0396584302325582,-0.0027923934108526997,Exact response
dimension_color,first,blurred,D,0.0652338709677419,0.0255958254269449,0.032650853889943,0.039638045540797,0.039638045540797,-0.012763994307400398,Exact response
dimension_color,both,sharp,CF,0.237032037815126,0.1974159663865546,0.2144873949579832,0.0396160714285714,0.0396160714285714,-0.002736607142857117,Exact response
dimension_form,first,sharp,D,0.7601963157894736,0.7985794736842106,0.7840489473684211,0.03838315789473701,-0.03838315789473701,0.004661052631579121,Initial adjective
dimension_form,second,blurred,FC,0.0280555555555555,0.0662023148148148,0.0408518518518518,0.0381467592592593,-0.0381467592592593,-0.00627708333333335,Exact response
color_form,first,sharp,C,0.912322327044025,0.8742117400419287,0.900424004192872,0.03811058700209635,0.03811058700209635,0.007156970649895178,Initial adjective
color_form,first,sharp,DC,0.0446451781970649,0.0822924528301886,0.0597803983228511,0.0376472746331237,-0.0376472746331237,-0.0036884171907756516,Exact response
dimension_form,first,sharp,CDF,0.0518326315789473,0.0142310526315789,0.0313668421052631,0.037601578947368396,0.037601578947368396,-0.0016649999999999929,Exact response
dimension_color,both,sharp,1,0.1456139705882352,0.172500525210084,0.1822274159663865,0.03661344537815131,-0.0268865546218488,0.02317016806722691,Response length
dimension_color,both,blurred,1,0.1334332096474954,0.1649067717996289,0.1699030612244898,0.03646985157699442,-0.03147356215213351,0.02073307050092768,Response length
color_form,second,blurred,D,0.2158157407407407,0.1799273148148148,0.1958759259259259,0.03588842592592589,0.03588842592592589,-0.0019956018518518526,Initial adjective
color_form,both,blurred,DFC,0.0189351851851851,0.0539708333333333,0.0300111111111111,0.035035648148148205,-0.035035648148148205,-0.006441898148148099,Exact response
dimension_color,first,blurred,F,0.0761370967741935,0.1108358633776091,0.1020009487666034,0.0346987666034156,-0.0346987666034156,0.008514468690702104,Exact response
dimension_form,first,blurred,FC,0.0174360465116279,0.0514835271317829,0.0261283914728682,0.034047480620155,-0.034047480620155,-0.008331395348837197,Exact response
dimension_form,second,blurred,CF,0.2535087962962963,0.2417421296296296,0.275374537037037,0.033632407407407416,0.011766666666666703,0.027749074074074065,Exact response
color_form,both,sharp,D,0.2694528301886792,0.2426561844863732,0.2362332285115304,0.033219601677148825,0.026796645702306027,-0.019821278825995825,Initial adjective
color_form,both,sharp,C,0.0483768343815513,0.0783480083857442,0.0813422431865828,0.0329654088050315,-0.0299711740041929,0.017979821802935045,Exact response
dimension_form,both,blurred,1,0.1153997175141242,0.1457448210922787,0.1480819209039548,0.032682203389830605,-0.03034510357815451,0.01750965160075335,Response length
color_form,both,blurred,D,0.3511124999999999,0.3237893518518518,0.318574537037037,0.03253796296296291,0.02732314814814807,-0.018876388888888873,Initial adjective
color_form,first,sharp,D,0.0760246331236897,0.1082783018867924,0.0874795597484276,0.03225366876310269,-0.03225366876310269,-0.004671907756813462,Initial adjective
color_form,second,blurred,F,0.6640597222222223,0.6961453703703703,0.6825814814814815,0.03208564814814796,-0.03208564814814796,0.0024789351851851604,Initial adjective
color_form,second,blurred,2,0.2897657407407407,0.2577115740740741,0.268375,0.032054166666666606,0.032054166666666606,-0.005363657407407407,Response length
color_form,first,sharp,C,0.8013422431865829,0.8333825995807128,0.8314889937106918,0.03204035639412994,-0.03204035639412994,0.014126572327043951,Exact response
dimension_color,both,blurred,FC,0.0469188311688311,0.07866280148423,0.054093228200371,0.03174397031539889,-0.03174397031539889,-0.008697588126159554,Exact response
dimension_form,second,sharp,FC,0.0311901260504201,0.0628860294117647,0.0409107142857142,0.031695903361344605,-0.031695903361344605,-0.006127363445378196,Exact response
dimension_form,both,sharp,CDF,0.046291928721174,0.0147405660377358,0.027214360587002,0.031551362683438194,0.031551362683438194,-0.0033018867924529023,Exact response
dimension_color,both,blurred,DF,0.2140120593692022,0.182580241187384,0.1832602040816326,0.0314318181818182,0.0314318181818182,-0.015035946196660516,Exact response
dimension_color,second,blurred,C,0.8541541666666667,0.8231731481481481,0.8465805555555556,0.030981018518518533,0.030981018518518533,0.007916898148148221,Initial adjective
dimension_color,both,blurred,F,0.0938789424860853,0.1244243970315398,0.1247435064935064,0.030864564007421103,-0.0305454545454545,0.015591836734693859,Exact response
dimension_form,second,sharp,CF,0.2213077731092437,0.2029957983193277,0.2332515756302521,0.03025577731092438,0.018311974789916002,0.021099789915966366,Exact response
dimension_form,second,blurred,F,0.5228273148148148,0.5399282407407408,0.5099662037037037,0.029962037037037037,-0.017100925925925936,-0.021411574074074013,Initial adjective
dimension_color,both,sharp,F,0.1006827731092437,0.12890756302521,0.1302993697478991,0.0296165966386554,-0.028224789915966303,0.01550420168067225,Exact response
dimension_color,first,blurred,3,0.2354264705882353,0.2648031309297913,0.2605208728652751,0.029376660341556005,-0.029376660341556005,0.010406072106261821,Response length
dimension_form,both,sharp,2,0.5705718029350104,0.5452589098532494,0.5423993710691823,0.028172431865828074,0.02531289308176099,-0.015515985324947579,Response length
color_form,first,sharp,1,0.8133254716981132,0.8406588050314466,0.8409444444444445,0.027618972746331294,-0.02733333333333343,0.013952306079664578,Response length
dimension_color,second,sharp,CF,0.0914753668763102,0.0639266247379454,0.0809921383647798,0.027548742138364793,0.027548742138364793,0.003291142557651991,Exact response
dimension_form,first,blurred,1,0.1522218992248062,0.1248396317829457,0.1351836240310077,0.027382267441860494,0.027382267441860494,-0.0033471414728682425,Response length
color_form,second,sharp,F,0.6830041928721174,0.7097741090146751,0.7000807127882599,0.026769916142557637,-0.026769916142557637,0.0036915618448636334,Initial adjective
color_form,both,sharp,CFD,0.0311158280922431,0.0043694968553459,0.0104109014675052,0.0267463312368972,0.0267463312368972,-0.0073317610062893,Exact response
color_form,second,blurred,F,0.6265851851851852,0.6532949074074075,0.644538888888889,0.026709722222222232,-0.026709722222222232,0.004598842592592689,Exact response
color_form,both,blurred,DF,0.1391972222222222,0.1128143518518518,0.1132388888888888,0.02638287037037039,0.02638287037037039,-0.012766898148148187,Exact response
dimension_form,second,sharp,F,0.5591565126050421,0.5850709033613446,0.5590504201680672,0.026020483193277433,-0.02591439075630253,-0.013063287815126112,Initial adjective
dimension_form,second,blurred,F,0.4916328703703703,0.4693796296296297,0.4661023148148148,0.0255305555555555,0.022253240740740587,-0.014403935185185235,Exact response
dimension_form,first,blurred,2,0.4683095930232558,0.492342054263566,0.4668764534883721,0.025465600775193886,-0.024032461240310166,-0.013449370155038831,Response length
color_form,both,sharp,DFC,0.0162830188679245,0.0416650943396226,0.0238590146750524,0.0253820754716981,-0.0253820754716981,-0.005115041928721149,Exact response
color_form,both,sharp,DCF,0.111107966457023,0.0859654088050314,0.0987767295597484,0.02514255765199161,0.02514255765199161,0.00024004192872119356,Exact response
dimension_color,second,sharp,C,0.8605393081761006,0.8354392033542978,0.8600136268343815,0.025100104821802804,0.025100104821802804,0.012024371069182416,Initial adjective
color_form,second,sharp,F,0.6417175052410901,0.6667216981132076,0.6609156184486372,0.025004192872117526,-0.025004192872117526,0.0066960167714883445,Exact response
color_form,second,sharp,D,0.2078102725366876,0.1829292452830188,0.1947803983228511,0.024881027253668808,0.024881027253668808,-0.0005893605870020968,Initial adjective
dimension_color,second,blurred,CF,0.1096629629629629,0.084861574074074,0.105099074074074,0.0248013888888889,0.0248013888888889,0.007836805555555534,Exact response
dimension_color,first,sharp,1,0.30788,0.3325984210526316,0.3172542105263157,0.02471842105263161,-0.02471842105263161,-0.002985000000000071,Response length
dimension_color,first,blurred,DFC,0.0562528462998102,0.0808534155597723,0.0688140417457305,0.024600569259962096,-0.024600569259962096,0.0002609108159392498,Exact response
color_form,second,blurred,1,0.6374263888888889,0.6618976851851852,0.6551041666666666,0.024471296296296297,-0.024471296296296297,0.005442129629629533,Response length
dimension_color,first,blurred,2,0.6099786527514232,0.5857163187855787,0.5916370967741935,0.02426233396584443,0.02426233396584443,-0.006210388994307481,Response length
color_form,both,blurred,DCF,0.1467726851851851,0.1226638888888888,0.1400912037037037,0.02410879629629631,0.02410879629629631,0.005372916666666755,Exact response
dimension_form,both,blurred,CDF,0.035228813559322,0.0114411487758945,0.0203757062146892,0.023787664783427503,0.023787664783427503,-0.0029592749529190505,Exact response
dimension_color,both,blurred,3,0.2610148423005565,0.2844499072356214,0.2727068645640074,0.02343506493506492,-0.02343506493506492,-2.5510204081591326e-05,Response length
dimension_color,first,sharp,F,0.0807457894736842,0.1039263157894736,0.0900336842105263,0.0231805263157894,-0.0231805263157894,-0.0023023684210526085,Initial adjective
color_form,second,sharp,DF,0.1324486373165618,0.1094538784067085,0.1211446540880503,0.022994758909853308,0.022994758909853308,0.0001933962264151351,Exact response
dimension_form,both,sharp,C,0.0495288259958071,0.0664481132075471,0.0723485324947589,0.02281970649895179,-0.01691928721173999,0.014360062893081796,Exact response
dimension_form,first,blurred,DF,0.1233246124031007,0.1409268410852713,0.1182185077519379,0.022708333333333386,-0.01760222868217058,-0.013907218992248088,Exact response
dimension_color,first,sharp,D,0.8475794736842105,0.8250131578947368,0.8424315789473684,0.022566315789473657,0.022566315789473657,0.00613526315789481,Initial adjective
dimension_form,first,sharp,CF,0.1012905263157894,0.0787884210526315,0.0902115789473684,0.022502105263157907,0.022502105263157907,0.0001721052631579595,Exact response
color_form,second,sharp,1,0.653703354297694,0.6761567085953878,0.6729344863731656,0.022453354297693795,-0.022453354297693795,0.008004454926624605,Response length
color_form,second,sharp,2,0.2707997903563942,0.2485146750524109,0.252711215932914,0.022285115303983277,0.022285115303983277,-0.006946016771488539,Response length
dimension_form,second,blurred,DFC,0.0101435185185185,0.0321837962962963,0.0172814814814814,0.0220402777777778,-0.0220402777777778,-0.0038821759259260007,Exact response
dimension_form,both,sharp,DCF,0.2030005241090146,0.1816519916142557,0.2035120545073375,0.021860062893081816,0.021348532494758904,0.01118579664570235,Exact response
dimension_color,first,blurred,DF,0.4284392789373815,0.4068842504743833,0.4206731499051233,0.02155502846299817,0.02155502846299817,0.003011385199240879,Exact response
dimension_form,second,blurred,1,0.516986574074074,0.4955874999999999,0.4973055555555555,0.021399074074074098,0.021399074074074098,-0.008981481481481424,Response length
color_form,both,blurred,C,0.0417226851851851,0.0628337962962962,0.0617884259259259,0.021111111111111094,-0.021111111111111094,0.009510185185185253,Exact response
color_form,first,blurred,C,0.7676041666666668,0.7880356481481482,0.7867874999999999,0.02043148148148144,-0.02043148148148144,0.008967592592592388,Exact response
dimension_color,both,sharp,FC,0.0499248949579832,0.0703240546218487,0.0511633403361344,0.020399159663865497,-0.020399159663865497,-0.00896113445378155,Exact response
dimension_color,first,sharp,DCF,0.1529599999999999,0.1329547368421052,0.1532947368421052,0.020339999999999997,0.020005263157894693,0.01033736842105265,Exact response
color_form,both,sharp,DF,0.1032809224318658,0.085880503144654,0.083585429769392,0.019695492662473807,0.01740041928721181,-0.010995283018867902,Exact response
dimension_form,first,sharp,F,0.0411973684210526,0.0605921052631578,0.0439468421052631,0.0193947368421052,-0.0193947368421052,-0.006947894736842104,Initial adjective
dimension_form,both,sharp,F,0.0700440251572327,0.0894203354297693,0.0889711740041928,0.019376310272536598,-0.019376310272536598,0.009238993710691812,Exact response
color_form,both,blurred,CFD,0.0229194444444444,0.0036393518518518,0.0082671296296296,0.0192800925925926,0.0192800925925926,-0.005012268518518499,Exact response
dimension_form,second,sharp,DFC,0.0109185924369747,0.0301811974789915,0.0169894957983193,0.0192626050420168,-0.0192626050420168,-0.003560399159663802,Exact response
color_form,both,blurred,3,0.2125194444444444,0.1940578703703704,0.1938629629629629,0.018656481481481496,0.018461574074074005,-0.009425694444444493,Response length
dimension_form,both,blurred,DF,0.1186073446327683,0.1128328625235404,0.1000762711864406,0.018531073446327706,0.005774482109227902,-0.015643832391713755,Exact response
dimension_form,both,blurred,C,0.0486224105461393,0.0644326741996233,0.0671299435028248,0.018507532956685495,-0.015810263653484,0.010602401129943498,Exact response
dimension_form,first,blurred,3,0.3794685077519379,0.3828183139534883,0.3979399224806201,0.01847141472868219,-0.003349806201550398,0.016796511627907018,Response length
dimension_form,both,blurred,CFD,0.0223347457627118,0.0041426553672316,0.0101054613935969,0.018192090395480198,0.018192090395480198,-0.003133239171374801,Exact response
dimension_color,both,sharp,DF,0.220390231092437,0.2088692226890756,0.2022295168067227,0.018160714285714308,0.011521008403361399,-0.012400210084033608,Exact response
dimension_color,both,sharp,D,0.5150824579831932,0.5331769957983192,0.5204201680672268,0.018094537815126044,-0.018094537815126044,-0.003709558823529413,Initial adjective
dimension_form,both,blurred,3,0.2703272128060264,0.2860852165725047,0.2681977401129943,0.017887476459510387,-0.01575800376647829,-0.010008474576271242,Response length
dimension_color,both,sharp,3,0.28297006302521,0.3008314075630252,0.2965688025210083,0.017861344537815182,-0.017861344537815182,0.004668067226890726,Response length
dimension_form,second,blurred,3,0.1046550925925925,0.1224578703703703,0.1102518518518518,0.017802777777777806,-0.017802777777777806,-0.003304629629629602,Response length
color_form,first,sharp,2,0.1507762054507337,0.1371294549266247,0.1330424528301886,0.017733752620545107,0.013646750524108991,-0.010910377358490625,Response length
dimension_form,first,sharp,DF,0.0965873684210526,0.1075626315789473,0.0898452631578947,0.017717368421052593,-0.010975263157894696,-0.012229736842105238,Exact response
dimension_color,both,sharp,DCF,0.1910703781512605,0.1919012605042016,0.2085913865546218,0.01752100840336132,-0.000830882352941098,0.017105567226890772,Exact response
dimension_color,second,sharp,D,0.1122169811320754,0.1267976939203354,0.1093223270440251,0.017475366876310308,-0.014580712788260008,-0.010185010482180304,Initial adjective
dimension_color,both,sharp,CDF,0.0316801470588235,0.0143681722689075,0.0209149159663865,0.017311974789916,0.017311974789916,-0.0021092436974789984,Exact response
dimension_form,both,sharp,CFD,0.0227699161425576,0.0055613207547169,0.0120193920335429,0.017208595387840697,0.017208595387840697,-0.0021462264150943506,Exact response
dimension_color,first,blurred,DCF,0.1552784629981024,0.1653510436432637,0.1723192599620493,0.01704079696394689,-0.010072580645161283,0.012004506641366236,Exact response
dimension_form,both,blurred,F,0.0615494350282485,0.0785522598870056,0.077102165725047,0.017002824858757093,-0.017002824858757093,0.007051318267419948,Exact response
color_form,first,blurred,1,0.7784342592592592,0.7945976851851853,0.7953578703703704,0.01692361111111118,-0.01616342592592601,0.008841898148148175,Response length
dimension_color,second,sharp,C,0.7523909853249475,0.7652510482180294,0.7692583857442348,0.01686740041928725,-0.012860062893081836,0.010437368972746386,Exact response
dimension_color,first,sharp,F,0.0537215789473684,0.0705252631578947,0.0627136842105263,0.016803684210526304,-0.016803684210526304,0.0005902631578947465,Exact response
dimension_form,second,sharp,D,0.1664642857142856,0.1729732142857142,0.1563891806722688,0.016584033613445376,-0.006508928571428596,-0.013329569327731078,Initial adjective
dimension_form,second,blurred,DF,0.0761032407407407,0.0598912037037037,0.0618046296296296,0.01621203703703699,0.01621203703703699,-0.006192592592592597,Exact response
dimension_color,first,sharp,2,0.4579873684210526,0.4421984210526316,0.4420078947368421,0.015979473684210488,0.015788947368421014,-0.008085000000000009,Response length
dimension_color,second,blurred,D,0.1194138888888888,0.1353162037037037,0.1210023148148148,0.015902314814814897,-0.015902314814814897,-0.006362731481481448,Initial adjective
dimension_color,first,blurred,DC,0.0448410815939278,0.0289501897533206,0.0324881404174573,0.0158908918406072,0.0158908918406072,-0.0044074952561669045,Exact response
dimension_color,both,blurred,D,0.4890556586270872,0.487610853432282,0.4732073283858998,0.015848330241187425,0.001444805194805221,-0.015125927643784787,Initial adjective
dimension_color,first,sharp,3,0.2341326315789473,0.2252031578947368,0.2407378947368421,0.015534736842105296,0.008929473684210487,0.011070000000000052,Response length
dimension_form,first,sharp,FC,0.0119894736842105,0.0275068421052631,0.0154331578947368,0.015517368421052601,-0.015517368421052601,-0.004315000000000001,Exact response
dimension_form,first,blurred,C,0.0450872093023255,0.0600552325581395,0.0604941860465116,0.015406976744186097,-0.014968023255813999,0.007922965116279095,Exact response
dimension_color,second,sharp,1,0.7761158280922432,0.7845110062893081,0.7914910901467505,0.015375262054507233,-0.008395178197064923,0.011177672955974716,Response length
dimension_color,second,blurred,FC,0.0087708333333333,0.0239541666666666,0.0135,0.015183333333333299,-0.015183333333333299,-0.00286249999999995,Exact response
dimension_color,second,blurred,F,0.0264319444444444,0.0415106481481481,0.0324171296296296,0.015078703703703702,-0.015078703703703702,-0.0015541666666666482,Initial adjective
dimension_form,both,sharp,DF,0.1445959119496855,0.1517992662473794,0.1370120545073375,0.014787211740041911,-0.00720335429769392,-0.011185534591194951,Exact response
dimension_color,second,sharp,DC,0.0583941299790356,0.0728721174004192,0.0590487421383647,0.0144779874213836,-0.0144779874213836,-0.006584381551362699,Exact response
color_form,both,sharp,CDF,0.0225267295597484,0.0082190775681341,0.0127861635220125,0.014307651991614299,0.014307651991614299,-0.0025867400419287492,Exact response
dimension_form,second,blurred,2,0.3783583333333333,0.3819546296296296,0.3924425925925926,0.014084259259259324,-0.0035962962962963196,0.012286111111111164,Response length
dimension_color,both,blurred,DC,0.0531349721706864,0.0392207792207792,0.0406038961038961,0.0139141929499072,0.0139141929499072,-0.0055739795918366974,Exact response
dimension_color,both,blurred,DCF,0.1861029684601113,0.1886461038961038,0.1999628942486085,0.013859925788497207,-0.002543135435992522,0.012588358070500932,Exact response
dimension_form,both,blurred,DCF,0.1930560263653484,0.1888780602636534,0.20259934086629,0.01372128060263661,0.004177966101695019,0.0116322975517891,Exact response
color_form,first,sharp,3,0.035898322851153,0.0222117400419287,0.0260131027253668,0.013686582809224298,0.013686582809224298,-0.003041928721174047,Response length
dimension_form,both,sharp,3,0.3006766247379455,0.2930104821802934,0.2870670859538784,0.013609538784067066,0.007666142557652078,-0.009776467505241027,Response length
dimension_color,first,sharp,DC,0.0465568421052631,0.0330852631578947,0.0358678947368421,0.013471578947368397,0.013471578947368397,-0.003953157894736797,Exact response
dimension_form,second,blurred,D,0.1772569444444444,0.1850759259259259,0.1719625,0.013113425925925903,-0.007818981481481496,-0.00920393518518517,Initial adjective
dimension_form,second,sharp,DF,0.069814075630252,0.0603161764705882,0.0573040966386554,0.012509978991596608,0.009497899159663807,-0.007761029411764701,Exact response
dimension_color,both,blurred,CFD,0.0162351576994434,0.0037393320964749,0.0079211502782931,0.0124958256029685,0.0124958256029685,-0.0020660946196660486,Exact response
dimension_color,second,sharp,2,0.1812216981132075,0.1741158280922431,0.1687395178197065,0.01248218029350101,0.007105870020964411,-0.008929245283018805,Response length
dimension_color,both,blurred,CDF,0.0231103896103896,0.0107444341372912,0.0147207792207792,0.012365955473098399,0.012365955473098399,-0.002206632653061199,Exact response
dimension_color,both,sharp,CFD,0.0168272058823529,0.00497006302521,0.0095551470588235,0.0118571428571429,0.0118571428571429,-0.0013434873949579509,Exact response
color_form,both,blurred,CDF,0.0194703703703703,0.0077138888888888,0.0115527777777777,0.011756481481481501,0.011756481481481501,-0.0020393518518518512,Exact response
color_form,first,blurred,3,0.045211574074074,0.0335134259259259,0.0382550925925925,0.011698148148148103,0.011698148148148103,-0.0011074074074074527,Response length
dimension_form,second,sharp,CFD,0.0148103991596638,0.003141281512605,0.0069947478991596,0.0116691176470588,0.0116691176470588,-0.0019810924369748004,Exact response
dimension_color,both,sharp,DC,0.0583991596638655,0.046859768907563,0.0501481092436974,0.011539390756302503,0.011539390756302503,-0.002481355042016853,Exact response
dimension_color,first,sharp,DFC,0.0599468421052631,0.0714647368421052,0.0670763157894736,0.011517894736842109,-0.011517894736842109,0.001370526315789447,Exact response
dimension_color,second,sharp,FC,0.0093485324947589,0.0205822851153039,0.0124994758909853,0.011233752620545,-0.011233752620545,-0.0024659329140460998,Exact response
dimension_form,second,blurred,CFD,0.0132157407407407,0.0022055555555555,0.0056282407407407,0.0110101851851852,0.0110101851851852,-0.0020824074074074,Exact response
dimension_color,first,blurred,FC,0.0302329222011385,0.0407604364326375,0.0329715370018975,0.010527514231498999,-0.010527514231498999,-0.0025251423149905,Exact response
dimension_color,second,sharp,F,0.0272437106918239,0.0377631027253668,0.0306640461215932,0.0105193920335429,-0.0105193920335429,-0.0018393605870021465,Initial adjective
dimension_color,second,blurred,DFC,0.0027847222222222,0.0132819444444444,0.0059800925925925,0.0104972222222222,-0.0104972222222222,-0.0020532407407408007,Exact response
dimension_form,first,sharp,D,0.2796526315789474,0.2692605263157895,0.2763899999999999,0.01039210526315787,0.01039210526315787,0.001933421052631501,Exact response
dimension_form,second,sharp,C,0.0241586134453781,0.0284196428571428,0.0344574579831932,0.010298844537815096,-0.004261029411764698,0.008168329831932747,Exact response
color_form,both,blurred,DC,0.0417435185185185,0.0317055555555555,0.0317777777777777,0.010037962962962999,0.010037962962962999,-0.0049467592592592965,Exact response
color_form,first,blurred,2,0.1763541666666666,0.1718888888888889,0.166387037037037,0.00996712962962959,0.004465277777777693,-0.007734490740740729,Response length
dimension_color,second,blurred,DC,0.0614643518518518,0.071174074074074,0.0620592592592592,0.009709722222222203,-0.009709722222222203,-0.004259953703703689,Exact response
dimension_color,first,sharp,DF,0.3432310526315789,0.3335942105263158,0.3397926315789474,0.009636842105263055,0.009636842105263055,0.0013800000000000479,Exact response
dimension_form,second,sharp,F,0.5232762605042016,0.516186449579832,0.513735294117647,0.009540966386554661,0.007089810924369666,-0.005996060924369884,Exact response
color_form,first,blurred,DCF,0.0308125,0.0213439814814814,0.0291166666666666,0.009468518518518598,0.009468518518518598,0.0030384259259258993,Exact response
dimension_form,second,blurred,DCF,0.0695861111111111,0.0789393518518518,0.078086574074074,0.009353240740740704,-0.009353240740740704,0.0038238425925925523,Exact response
dimension_form,first,sharp,1,0.33937,0.3311789473684211,0.3402694736842105,0.009090526315789438,0.008191052631578932,0.004994999999999972,Response length
dimension_form,first,blurred,CFD,0.0135915697674418,0.0045290697674418,0.0089268410852713,0.009062500000000001,0.009062500000000001,-0.00013347868217050002,Exact response
dimension_color,first,sharp,D,0.2448847368421052,0.2539142105263158,0.2464,0.009029473684210587,-0.009029473684210587,-0.0029994736842104963,Exact response
dimension_form,second,sharp,3,0.1060525210084033,0.111891281512605,0.1030147058823529,0.008876575630252098,-0.005838760504201693,-0.005957195378151259,Response length
color_form,second,blurred,CF,0.1028509259259259,0.1115791666666666,0.1070601851851851,0.008728240740740703,-0.008728240740740703,-0.00015486111111114031,Exact response
dimension_form,both,blurred,DC,0.0552434086629001,0.0580423728813559,0.0494609227871939,0.008581450094162002,-0.002798964218455803,-0.007181967984934104,Exact response
dimension_color,second,sharp,DFC,0.0027557651991614,0.0111556603773584,0.0052526205450733,0.008399895178197,-0.008399895178197,-0.0017030922431865991,Exact response
color_form,both,sharp,DC,0.0335911949685534,0.0258721174004192,0.025690251572327,0.007900943396226403,0.007719077568134201,-0.004041404612159304,Exact response
dimension_color,both,sharp,C,0.0350551470588235,0.0380703781512605,0.0428671218487394,0.007811974789915896,-0.0030152310924369957,0.006304359243697398,Exact response
color_form,first,blurred,FC,0.0035259259259259,0.0112337962962962,0.0054449074074074,0.007707870370370301,-0.007707870370370301,-0.0019349537037036497,Exact response
color_form,first,sharp,FC,0.0039381551362683,0.011627358490566,0.0058039832285115,0.0076892033542977,-0.0076892033542977,-0.0019787735849056496,Exact response
color_form,second,blurred,DCF,0.0418763888888888,0.0495277777777777,0.0471712962962962,0.007651388888888895,-0.007651388888888895,0.001469212962962943,Exact response
color_form,first,blurred,DFC,0.0012194444444444,0.0088259259259259,0.0030532407407407,0.0076064814814815005,-0.0076064814814815005,-0.00196944444444445,Exact response
color_form,second,blurred,3,0.0728078703703703,0.0803907407407407,0.0765208333333333,0.007582870370370393,-0.007582870370370393,-7.847222222219508e-05,Response length
dimension_form,both,sharp,DC,0.0619884696016771,0.0694528301886792,0.0618904612159329,0.007562368972746307,-0.007464360587002103,-0.0038301886792452486,Exact response
dimension_color,both,blurred,C,0.0335343228200371,0.0374948979591836,0.0407801484230055,0.007245825602968402,-0.003960575139146501,0.005265538033395155,Exact response
dimension_color,second,blurred,3,0.043211574074074,0.0502902777777777,0.0456328703703703,0.007078703703703698,-0.007078703703703698,-0.0011180555555555458,Response length
color_form,first,sharp,DCF,0.0198013626834381,0.0128763102725366,0.017377358490566,0.006925052410901501,0.006925052410901501,0.00103852201257865,Exact response
color_form,first,sharp,CDF,0.0082002096436058,0.0013820754716981,0.0036839622641509,0.006818134171907701,0.006818134171907701,-0.0011071802935010504,Exact response
dimension_color,first,blurred,1,0.1545948766603415,0.14948055028463,0.1478420303605313,0.0067528462998101835,0.005114326375711492,-0.0041956831119544236,Response length
dimension_form,first,sharp,C,0.03401,0.03976,0.0405957894736842,0.006585789473684205,-0.005749999999999998,0.003710789473684202,Exact response
color_form,second,blurred,DC,0.0118069444444444,0.0052333333333333,0.0067712962962962,0.0065736111111110995,0.0065736111111110995,-0.0017488425925926499,Exact response
color_form,second,blurred,FC,0.0325208333333333,0.0390796296296296,0.0341662037037037,0.006558796296296306,-0.006558796296296306,-0.001634027777777755,Exact response
dimension_form,second,blurred,C,0.0233555555555555,0.0252064814814814,0.0298587962962962,0.006503240740740698,-0.0018509259259258982,0.0055777777777777475,Exact response
dimension_form,second,blurred,DC,0.0194259259259259,0.0130601851851851,0.0134453703703703,0.0063657407407407985,0.0063657407407407985,-0.0027976851851852,Exact response
color_form,first,blurred,F,0.0105680555555555,0.016849537037037,0.0115888888888888,0.006281481481481499,-0.006281481481481499,-0.0021199074074074505,Initial adjective
color_form,first,blurred,CDF,0.0076504629629629,0.0014157407407407,0.0036004629629629,0.0062347222222222,0.0062347222222222,-0.0009326388888889004,Exact response
dimension_form,second,sharp,CDF,0.012953781512605,0.006797794117647,0.0092142857142857,0.006155987394957999,0.006155987394957999,-0.000661502100840301,Exact response
dimension_form,first,sharp,FDC,0.0014347368421052,0.0073484210526315,0.0027784210526315,0.0059136842105263,-0.0059136842105263,-0.0016131578947368498,Exact response
color_form,second,sharp,DC,0.011940251572327,0.0060309224318658,0.0074716981132075,0.0059093291404612005,0.0059093291404612005,-0.0015138888888889005,Exact response
color_form,first,sharp,F,0.0116530398322851,0.0175099580712788,0.0120964360587002,0.005856918238993701,-0.005856918238993701,-0.0024850628930817506,Initial adjective
dimension_color,second,blurred,2,0.2034212962962963,0.1977782407407407,0.1988962962962963,0.005643055555555582,0.005643055555555582,-0.0017034722222222243,Response length
dimension_form,second,sharp,DC,0.0192289915966386,0.0141628151260504,0.0137326680672268,0.0054963235294118,0.005066176470588201,-0.0029632352941177005,Exact response
dimension_form,first,blurred,FDC,0.0010566860465116,0.0064733527131782,0.0019801356589147,0.005416666666666599,-0.005416666666666599,-0.0017848837209301998,Exact response
color_form,first,sharp,CFD,0.0061561844863731,0.0008238993710691,0.0020497903563941,0.005332285115304,0.005332285115304,-0.001440251572327,Exact response
dimension_form,both,sharp,FDC,0.0022589098532494,0.0073820754716981,0.0031661425576519,0.0051231656184487,-0.0051231656184487,-0.0016543501048218502,Exact response
dimension_color,second,blurred,DF,0.021049074074074,0.0160643518518518,0.0164879629629629,0.004984722222222203,0.004984722222222203,-0.002068750000000001,Exact response
dimension_color,second,sharp,CFD,0.0061719077568134,0.0012636268343815,0.0029166666666666,0.0049082809224319,0.0049082809224319,-0.00080110062893085,Exact response
dimension_color,first,sharp,FC,0.0168357894736842,0.0217363157894736,0.0175452631578947,0.0049005263157894,-0.0049005263157894,-0.001740789473684199,Exact response
color_form,first,sharp,DFC,0.0010246331236897,0.0058694968553459,0.0021278825995807,0.0048448637316562005,-0.0048448637316562005,-0.0013191823899370999,Exact response
color_form,second,sharp,CF,0.0898574423480083,0.0933763102725366,0.0885345911949685,0.004841719077568099,-0.003518867924528296,-0.003082285115303951,Exact response
dimension_color,second,sharp,DF,0.017922431865828,0.0140230607966457,0.0132227463312368,0.004699685534591198,0.003899371069182299,-0.0027500000000000493,Exact response
dimension_form,second,sharp,2,0.3436108193277311,0.3419065126050419,0.3465772058823529,0.004670693277311011,0.001704306722689175,0.0038185399159664235,Response length
color_form,second,blurred,DFC,0.0190203703703703,0.0236175925925925,0.0213384259259259,0.0045972222222222005,-0.0045972222222222005,1.944444444450244e-05,Exact response
dimension_color,second,blurred,CFD,0.0056134259259259,0.0010212962962962,0.0024861111111111,0.0045921296296297,0.0045921296296297,-0.0008312499999999501,Exact response
dimension_color,both,sharp,D,0.009876050420168,0.0055225840336134,0.0090609243697479,0.0043534663865546,0.0043534663865546,0.0013616071428572008,Exact response
dimension_color,first,sharp,CF,0.0468568421052631,0.0495384210526315,0.0452926315789473,0.004245789473684203,-0.002681578947368403,-0.002904999999999998,Exact response
dimension_form,second,sharp,1,0.5503366596638655,0.5462022058823528,0.5504080882352941,0.004205882352941281,0.00413445378151267,0.0021386554621849463,Response length
color_form,first,blurred,CFD,0.004899537037037,0.0007074074074074,0.001774537037037,0.0041921296296296,0.0041921296296296,-0.0010289351851851998,Exact response
dimension_color,first,sharp,C,0.0716747368421052,0.0710605263157894,0.0675347368421052,0.004139999999999991,0.0006142105263158004,-0.0038328947368420907,Initial adjective
color_form,second,sharp,CFD,0.0060812368972746,0.0019816561844863,0.0031975890985324,0.004099580712788301,0.004099580712788301,-0.00083385744234805,Exact response
dimension_color,second,sharp,CDF,0.0067541928721174,0.0026787211740041,0.0041850104821802,0.0040754716981133005,0.0040754716981133005,-0.0005314465408805501,Exact response
dimension_form,both,blurred,FDC,0.0011859698681732,0.0052514124293785,0.0018954802259887,0.0040654425612053,-0.0040654425612053,-0.0013232109227871503,Exact response
color_form,second,sharp,C,0.1091855345911949,0.107296645702306,0.1051388888888888,0.004046645702306104,0.0018888888888888983,-0.0031022012578616615,Initial adjective
dimension_color,first,blurred,C,0.1334169829222011,0.1308330170777988,0.129431688804554,0.003985294117647115,0.0025839658444023195,-0.002693311195445941,Initial adjective
color_form,second,sharp,FC,0.0342106918238993,0.037775681341719,0.0338034591194968,0.0039722222222221965,-0.0035649895178197014,-0.0021897274633123423,Exact response
color_form,second,blurred,CFD,0.0053101851851851,0.001486574074074,0.0025634259259259,0.0038236111111111,0.0038236111111111,-0.0008349537037036499,Exact response
color_form,second,blurred,C,0.120124537037037,0.1239273148148148,0.1215425925925926,0.003802777777777794,-0.003802777777777794,-0.000483333333333294,Initial adjective
dimension_color,second,blurred,DCF,0.0291962962962962,0.0321282407407407,0.0329111111111111,0.0037148148148149,-0.002931944444444501,0.0022488425925926495,Exact response
dimension_form,second,blurred,CDF,0.0091069444444444,0.0054300925925925,0.0067537037037037,0.0036768518518519,0.0036768518518519,-0.0005148148148147501,Exact response
dimension_color,first,blurred,CF,0.1022599620493358,0.105811669829222,0.1025678368121442,0.0035517077798861985,-0.0035517077798861985,-0.0014679791271346998,Exact response
dimension_form,first,sharp,F,0.0257073684210526,0.0221584210526315,0.0232836842105263,0.0035489473684210994,0.0035489473684210994,-0.0006492105263157487,Exact response
dimension_color,second,blurred,1,0.7533671296296296,0.7519314814814815,0.7554708333333333,0.003539351851851835,0.0014356481481481165,0.002821527777777777,Response length
dimension_form,both,sharp,D,0.0091787211740041,0.0058621593291404,0.0092138364779874,0.003351677148846999,0.0033165618448637,0.0016933962264151486,Exact response
color_form,both,sharp,FDC,0.0018286163522012,0.0050770440251572,0.0024523060796645,0.0032484276729560003,-0.0032484276729560003,-0.0010005241090147005,Exact response
dimension_color,first,blurred,CFD,0.0063723908918406,0.0031285578747628,0.0045498102466793,0.0032438330170778,0.0032438330170778,-0.0002006641366224006,Exact response
color_form,second,sharp,DCF,0.0397678197064989,0.0429643605870021,0.0420697064989517,0.003196540880503203,-0.003196540880503203,0.0007036163522012029,Exact response
dimension_color,both,sharp,FDC,0.0040646008403361,0.0072379201680672,0.0043214285714285,0.0031733193277311,-0.0031733193277311,-0.0013298319327731496,Exact response
dimension_form,second,sharp,DCF,0.0636008403361344,0.0667169117647058,0.0661475840336134,0.0031160714285713986,-0.0031160714285713986,0.000988707983193296,Exact response
dimension_color,both,blurred,D,0.0060199443413729,0.0029874768089053,0.0043794063079777,0.0030324675324675996,0.0030324675324675996,-0.00012430426716139933,Exact response
color_form,both,blurred,FDC,0.0014388888888888,0.004436574074074,0.0020277777777777,0.0029976851851852,-0.0029976851851852,-0.0009099537037036997,Exact response
dimension_color,both,blurred,FDC,0.0025046382189239,0.0054489795918367,0.002930426716141,0.0029443413729128,-0.0029443413729128,-0.0010463821892393002,Exact response
dimension_color,second,sharp,3,0.0426624737945492,0.0413731656184486,0.0397693920335429,0.0028930817610062984,0.0012893081761005953,-0.0022484276729560007,Response length
dimension_color,second,sharp,D,0.0074067085953878,0.0045251572327044,0.0057803983228511,0.0028815513626834002,0.0028815513626834002,-0.0001855345911950003,Exact response
dimension_form,both,blurred,D,0.0052278719397363,0.0027598870056497,0.0038498116760828,0.0024679849340866005,0.0024679849340866005,-0.0001440677966102,Exact response
dimension_color,second,blurred,CDF,0.0046384259259259,0.0022180555555555,0.0031856481481481,0.0024203703703704,0.0024203703703704,-0.00024259259259260023,Exact response
dimension_form,first,blurred,F,0.0348236434108527,0.0363546511627906,0.0372214147286821,0.0023977713178294016,-0.0015310077519379017,0.0016322674418604508,Exact response
color_form,first,sharp,F,0.0067489517819706,0.0043705450733752,0.0053029350104821,0.0023784067085954,0.0023784067085954,-0.00025681341719079997,Exact response
dimension_color,first,blurred,CDF,0.0106413662239089,0.0082998102466793,0.0085711574952561,0.0023415559772295997,0.0023415559772295997,-0.0008994307400379993,Exact response
dimension_form,second,sharp,FDC,0.0013040966386554,0.0036344537815126,0.0018644957983193,0.0023303571428572,-0.0023303571428572,-0.0006047794117647,Exact response
color_form,first,sharp,D,0.0052342767295597,0.0029056603773584,0.0041525157232704,0.0023286163522013,0.0023286163522013,8.254716981134953e-05,Exact response
dimension_form,both,sharp,CD,0.0038637316561844,0.0015555555555555,0.0020686582809224,0.0023081761006288996,0.0023081761006288996,-0.0006409853249475499,Exact response
color_form,both,sharp,FCD,0.0043039832285115,0.0020110062893081,0.0025052410901467,0.0022929769392033995,0.0022929769392033995,-0.0006522536687630998,Exact response
dimension_color,second,blurred,C,0.7320370370370369,0.7336541666666667,0.734324537037037,0.002287500000000109,-0.0016171296296297877,0.0014789351851851595,Exact response
dimension_color,second,blurred,D,0.0049194444444444,0.0026675925925925,0.0035638888888888,0.0022518518518519,0.0022518518518519,-0.00022962962962964992,Exact response
color_form,first,blurred,D,0.0046481481481481,0.0024106481481481,0.0033555555555555,0.0022375,0.0022375,-0.0001738425925926,Exact response
color_form,second,sharp,DFC,0.0207484276729559,0.0228238993710691,0.0217248427672956,0.0020754716981132015,-0.0020754716981132015,-6.132075471690021e-05,Exact response
dimension_form,first,sharp,CFD,0.0072415789473684,0.0051763157894736,0.0067857894736842,0.0020652631578948,0.0020652631578948,0.0005768421052632002,Exact response
color_form,first,blurred,F,0.0061819444444444,0.0041513888888888,0.0052148148148148,0.0020305555555555996,0.0020305555555555996,4.81481481481999e-05,Exact response
color_form,first,blurred,DF,0.008299074074074,0.0063722222222222,0.0062856481481481,0.0020134259259259003,0.0019268518518518003,-0.0010499999999999997,Exact response
dimension_color,second,blurred,F,0.0164106481481481,0.0156097222222222,0.0175824074074074,0.0019726851851852006,0.0008009259259259011,0.0015722222222222491,Exact response
color_form,first,sharp,CD,0.0045246331236897,0.0025539832285115,0.0033417190775681,0.0019706498951782,0.0019706498951782,-0.00019758909853250005,Exact response
dimension_form,first,blurred,CD,0.0037606589147286,0.0018367248062015,0.0022853682170542,0.0019239341085271003,0.0019239341085271003,-0.0005133236434108502,Exact response
color_form,both,sharp,D,0.0051897274633123,0.0032730607966457,0.0043218029350104,0.0019166666666666,0.0019166666666666,9.04088050314002e-05,Exact response
dimension_color,first,sharp,CDF,0.0108757894736842,0.0089715789473684,0.0096157894736842,0.0019042105263158,0.0019042105263158,-0.000307894736842099,Exact response
dimension_form,second,blurred,FDC,0.0008513888888888,0.0027300925925925,0.0012351851851851,0.0018787037037037001,-0.0018787037037037001,-0.00055555555555555,Exact response
color_form,second,sharp,C,0.0090807127882599,0.0077788259958071,0.0096493710691823,0.0018705450733752012,0.0013018867924528,0.0012196016771488013,Exact response
color_form,both,blurred,D,0.0044638888888888,0.0026347222222222,0.0034555555555555,0.0018291666666666,0.0018291666666666,-9.375000000000008e-05,Exact response
dimension_color,second,sharp,DCF,0.0257379454926624,0.0242216981132075,0.0260178197064989,0.0017961215932913999,0.0015162473794548999,0.0010379979035639517,Exact response
dimension_color,both,sharp,CD,0.0028082983193277,0.001031512605042,0.0014080882352941,0.0017767857142857,0.0017767857142857,-0.00051181722689075,Exact response
dimension_color,second,sharp,F,0.0163181341719077,0.0147348008385744,0.0164523060796645,0.0017175052410901004,0.0015833333333333012,0.0009258385744234498,Exact response
dimension_color,both,sharp,FCD,0.0039810924369747,0.0023298319327731,0.0027956932773109,0.0016512605042015996,0.0016512605042015996,-0.0003597689075629999,Exact response
dimension_color,both,blurred,FCD,0.003275974025974,0.0016948051948051,0.0021706864564007,0.0015811688311689,0.0015811688311689,-0.00031470315398884983,Exact response
color_form,second,blurred,C,0.0088805555555555,0.0076060185185185,0.0091717592592592,0.001565740740740701,0.0012745370370369994,0.0009284722222222003,Exact response
color_form,second,sharp,FCD,0.0025408805031446,0.0010062893081761,0.0014905660377358,0.0015345911949685,0.0015345911949685,-0.00028301886792455005,Exact response
dimension_form,both,blurred,CD,0.0024204331450094,0.000978813559322,0.0012193973634651,0.0014416195856874,0.0014416195856874,-0.00048022598870060005,Exact response
dimension_color,second,sharp,CD,0.0037468553459119,0.0023191823899371,0.0026614255765199,0.0014276729559748002,0.0014276729559748002,-0.0003715932914045996,Exact response
color_form,first,blurred,CD,0.0033935185185185,0.001975,0.0024634259259259,0.0014185185185185,0.0014185185185185,-0.00022083333333334978,Exact response
dimension_form,first,sharp,CD,0.0042315789473684,0.0028726315789473,0.0030442105263157,0.0013589473684210997,0.0013589473684210997,-0.0005078947368421494,Exact response
color_form,both,blurred,FCD,0.0029828703703703,0.0016333333333333,0.0019129629629629,0.0013495370370369998,0.0013495370370369998,-0.00039513888888889994,Exact response
dimension_form,second,sharp,D,0.0029017857142857,0.0015961134453781,0.0022153361344537,0.0013056722689076,0.0013056722689076,-3.361344537820008e-05,Exact response
color_form,first,sharp,DF,0.0053191823899371,0.0043343815513626,0.0040414046121593,0.0012777777777778004,0.0009848008385745007,-0.00078537735849055,Exact response
dimension_color,first,blurred,FDC,0.0046271347248576,0.0056129032258064,0.0043382352941176,0.0012746679316888,-0.0009857685009488004,-0.0007817836812143994,Exact response
color_form,second,blurred,FCD,0.002049074074074,0.0007833333333333,0.0011694444444444,0.0012657407407407001,0.0012657407407407001,-0.00024675925925924996,Exact response
color_form,second,sharp,D,0.0029051362683438,0.0016561844863731,0.0023694968553459,0.0012489517819706999,0.0012489517819706999,8.883647798745009e-05,Exact response
dimension_form,first,sharp,FCD,0.0011163157894736,0.0023415789473684,0.0015631578947368,0.0012252631578947998,-0.0012252631578947998,-0.0001657894736842001,Exact response
color_form,second,sharp,3,0.0754968553459119,0.0753286163522012,0.0743542976939203,0.001142557651991602,0.00016823899371069817,-0.0010584381551362598,Response length
dimension_color,first,sharp,C,0.0092736842105263,0.008158947368421,0.0081405263157894,0.0011331578947369001,0.0011147368421053003,-0.00057578947368425,Exact response
dimension_color,both,sharp,FD,0.0028613445378151,0.0021675420168067,0.0017673319327731,0.0010940126050419997,0.0006938025210083999,-0.0007471113445377997,Exact response
dimension_color,first,sharp,FDC,0.0052063157894736,0.0062510526315789,0.0051710526315789,0.0010800000000000002,-0.0010447368421053005,-0.0005576315789473504,Exact response
color_form,both,sharp,CD,0.0019884696016771,0.0009392033542976,0.0010607966457023,0.0010492662473795002,0.0010492662473795002,-0.0004030398322850501,Exact response
dimension_form,second,sharp,FCD,0.0024648109243697,0.0014196428571428,0.0018040966386554,0.0010451680672269002,0.0010451680672269002,-0.00013813025210084994,Exact response
dimension_color,both,blurred,CD,0.0017235621521335,0.0006980519480519,0.0008756957328385,0.0010255102040816,0.0010255102040816,-0.00033511131725419993,Exact response
dimension_form,second,blurred,D,0.0019981481481481,0.0010013888888888,0.0013444444444444,0.0009967592592593,0.0009967592592593,-0.00015532407407404993,Exact response
dimension_color,second,sharp,FDC,0.0004339622641509,0.0014004192872117,0.0006818658280922,0.0009664570230607999,-0.0009664570230607999,-0.00023532494758910004,Exact response
color_form,second,blurred,D,0.0019606481481481,0.0009967592592592,0.0013935185185185,0.0009638888888888998,0.0009638888888888998,-8.518518518515019e-05,Exact response
dimension_color,first,blurred,FD,0.0032860531309297,0.0027656546489563,0.0023837760910815,0.0009022770398481998,0.0005203984819734,-0.0006420777988614995,Exact response
dimension_color,second,blurred,FDC,0.0003375,0.0011393518518518,0.0005101851851851,0.0008018518518518,-0.0008018518518518,-0.00022824074074079997,Exact response
dimension_color,second,blurred,CD,0.0022023148148148,0.0014180555555555,0.0014851851851851,0.0007842592592593003,0.0007842592592593003,-0.00032500000000004986,Exact response
dimension_form,second,blurred,FCD,0.0017513888888888,0.0009689814814814,0.0012666666666666,0.0007824074074074,0.0007824074074074,-9.351851851849995e-05,Exact response
color_form,both,blurred,CD,0.0014662037037037,0.0007342592592592,0.0008212962962962,0.0007319444444445001,0.0007319444444445001,-0.00027893518518524985,Exact response
dimension_color,first,sharp,FD,0.0034621052631578,0.0034936842105263,0.0027905263157894,0.0007031578947368998,-3.157894736850004e-05,-0.0006873684210526496,Exact response
dimension_color,first,blurred,FCD,0.0022542694497153,0.0015574003795066,0.0019283681214421,0.0006968690702086999,0.0006968690702086999,2.2533206831150225e-05,Exact response
dimension_form,first,blurred,FCD,0.0013246124031007,0.0019302325581395,0.001531492248062,0.0006056201550388,-0.0006056201550388,-9.59302325581001e-05,Exact response
color_form,first,blurred,FDC,0.0002421296296296,0.0008078703703703,0.0003222222222222,0.0005657407407407,-0.0005657407407407,-0.00020277777777775,Exact response
dimension_form,both,blurred,FCD,0.00224670433145,0.0016887947269303,0.0017984934086629,0.0005579096045196998,0.0005579096045196998,-0.00016925612052725008,Exact response
dimension_form,second,sharp,CD,0.0011486344537815,0.0006013655462184,0.0006423319327731,0.0005472689075630999,0.0005472689075630999,-0.00023266806722685007,Exact response
color_form,first,sharp,FDC,0.0002583857442348,0.0007987421383647,0.0003333333333333,0.0005403563941299,-0.0005403563941299,-0.00019523060796644998,Exact response
color_form,second,blurred,CDF,0.0027333333333333,0.0029949074074074,0.0024833333333333,0.0005115740740741,-0.00026157407407410025,-0.00038078703703705013,Exact response
dimension_form,both,sharp,FCD,0.0029245283018867,0.0024182389937106,0.0024533542976939,0.0005062893081761001,0.0005062893081761001,-0.0002180293501047501,Exact response
dimension_color,both,blurred,FD,0.0015431354359925,0.0013529684601113,0.0010514842300556,0.0004916512059369,0.00019016697588120014,-0.0003965677179963,Exact response
dimension_form,both,sharp,FD,0.0016006289308176,0.0015314465408805,0.00112893081761,0.0004716981132076,6.918238993710007e-05,-0.00043710691823904994,Exact response
color_form,second,sharp,FD,0.0018894129979035,0.001566037735849,0.0014318658280922,0.0004575471698113002,0.00032337526205450016,-0.00029585953878405024,Exact response
color_form,second,sharp,CDF,0.003712788259958,0.0038480083857442,0.0034323899371069,0.00041561844863730003,-0.00013522012578620016,-0.00034800838574419995,Exact response
dimension_form,first,blurred,FD,0.0007747093023255,0.0010687984496124,0.0006652131782945,0.00040358527131789993,-0.0002940891472869,-0.0002565406976744499,Exact response
dimension_color,first,sharp,FCD,0.0015199999999999,0.0019199999999999,0.0018131578947368,0.0004000000000000002,-0.0004000000000000002,9.315789473689998e-05,Exact response
color_form,both,sharp,FD,0.0013632075471698,0.0013957023060796,0.0010094339622641,0.0003862683438155001,-3.24947589097999e-05,-0.00037002096436060026,Exact response
dimension_color,first,blurred,CD,0.0009193548387096,0.0005441176470588,0.0005526565464895,0.0003752371916508,0.0003752371916508,-0.0001790796963946999,Exact response
dimension_form,first,sharp,FD,0.0009494736842105,0.0012368421052631,0.0008884210526315,0.00034842105263160005,-0.0002873684210526,-0.00020473684210530006,Exact response
dimension_color,first,sharp,CD,0.0010447368421052,0.0007505263157894,0.000718947368421,0.0003257894736841999,0.0002942105263157999,-0.00017868421052629987,Exact response
dimension_form,second,blurred,CD,0.0007287037037037,0.000411574074074,0.0004560185185185,0.0003171296296297,0.0003171296296297,-0.00011412037037035011,Exact response
color_form,both,blurred,FD,0.0009541666666666,0.0010814814814814,0.0007800925925925,0.00030138888888889986,-0.00012731481481479995,-0.0002377314814815,Exact response
dimension_form,both,blurred,FD,0.0007994350282485,0.0008950094161958,0.0006092278719397,0.0002857815442561001,-9.557438794730001e-05,-0.00023799435028245013,Exact response
color_form,second,sharp,FDC,0.0026457023060796,0.0027044025157232,0.0024392033542976,0.00026519916142560013,-5.8700209643600294e-05,-0.0002358490566038,Exact response
dimension_form,second,sharp,FD,0.0009212184873949,0.0009443277310924,0.000735819327731,0.0002085084033614,-2.3109243697500004e-05,-0.00019695378151265,Exact response
color_form,second,blurred,FDC,0.0018185185185185,0.0019805555555555,0.0017949074074074,0.0001856481481481002,-0.00016203703703700028,-0.00010462962962959994,Exact response
dimension_color,first,blurred,C,0.013223908918406,0.0130488614800759,0.0131902277039848,0.00017504743833010074,0.00017504743833010074,5.384250474384927e-05,Exact response
color_form,second,blurred,FD,0.0010861111111111,0.0010069444444444,0.000912037037037,0.00017407407407410002,7.916666666670001e-05,-0.00013449074074075,Exact response
dimension_color,second,sharp,FCD,0.0008087002096436,0.0006530398322851,0.0007154088050314,0.00015566037735849998,0.00015566037735849998,-1.546121593295005e-05,Exact response
dimension_color,first,sharp,CFD,0.0036236842105263,0.0036410526315789,0.0037668421052631,0.00014315789473680037,-1.736842105260015e-05,0.0001344736842105003,Exact response
color_form,second,sharp,CD,0.0004533542976939,0.0003118448637316,0.0003249475890985,0.00014150943396230002,0.00014150943396230002,-5.765199161425e-05,Exact response
dimension_color,second,blurred,FCD,0.0006412037037037,0.0005013888888888,0.0005597222222222,0.00013981481481490005,0.00013981481481490005,-1.1574074074050043e-05,Exact response
dimension_form,second,blurred,FD,0.0005361111111111,0.0006472222222222,0.0005101851851851,0.00013703703703709996,-0.00011111111111110003,-8.148148148154994e-05,Exact response
color_form,second,blurred,CD,0.000349537037037,0.0002606481481481,0.0002638888888888,8.88888888889e-05,8.88888888889e-05,-4.120370370374997e-05,Exact response
dimension_color,second,sharp,FD,0.0003343815513626,0.0003925576519916,0.0003149895178197,7.756813417190002e-05,-5.8176100628999985e-05,-4.8480083857400024e-05,Exact response
dimension_color,second,blurred,FD,0.0002717592592592,0.0003060185185185,0.0002648148148148,4.120370370370004e-05,-3.4259259259300035e-05,-2.4074074074050022e-05,Exact response
color_form,first,sharp,FD,0.00025,0.0002520964360587,0.0002154088050314,3.66876310273e-05,-2.0964360586999873e-06,-3.5639412997950036e-05,Exact response
color_form,first,blurred,FCD,0.0003874999999999,0.0004125,0.0003879629629629,2.5000000000099975e-05,-2.5000000000099975e-05,-1.2037037037049975e-05,Exact response
color_form,first,blurred,FD,0.0002305555555555,0.0002439814814814,0.0002189814814814,2.4999999999999984e-05,-1.3425925925899986e-05,-1.828703703704999e-05,Exact response
color_form,first,sharp,FCD,0.0004575471698113,0.000461215932914,0.0004407756813417,2.0440251572300034e-05,-3.6687631027000275e-06,-1.860587002095002e-05,Exact response
