combination,relevant_property,sharpness,category,observed_mean,observed_lower,observed_upper,summary_type
color_form,both,blurred,C,0.007407407407407408,0,0.016666666666666666,Exact response
color_form,both,blurred,CD,0,0,0,Exact response
color_form,both,blurred,CDF,0.007407407407407408,0,0.016666666666666666,Exact response
color_form,both,blurred,CF,0.7592592592592593,0.7018518518518518,0.812962962962963,Exact response
color_form,both,blurred,CFD,0.003703703703703704,0,0.009259259259259259,Exact response
color_form,both,blurred,D,0.003703703703703704,0,0.009259259259259259,Exact response
color_form,both,blurred,DC,0.025925925925925925,0.011111111111111112,0.044444444444444446,Exact response
color_form,both,blurred,DCF,0.08148148148148149,0.05185185185185185,0.11851851851851852,Exact response
color_form,both,blurred,DF,0.022222222222222223,0.011111111111111112,0.03518518518518519,Exact response
color_form,both,blurred,DFC,0.011111111111111112,0,0.03148148148148148,Exact response
color_form,both,blurred,F,0.012962962962962963,0.003703703703703704,0.024074074074074074,Exact response
color_form,both,blurred,FC,0.06296296296296296,0.03148148148148148,0.10740740740740741,Exact response
color_form,both,blurred,FCD,0,0,0,Exact response
color_form,both,blurred,FD,0.001851851851851852,0,0.005555555555555556,Exact response
color_form,both,blurred,FDC,0,0,0,Exact response
color_form,both,sharp,C,0.0020964360587002098,0,0.006289308176100629,Exact response
color_form,both,sharp,CD,0,0,0,Exact response
color_form,both,sharp,CDF,0.0020964360587002098,0,0.006289308176100629,Exact response
color_form,both,sharp,CF,0.7253668763102725,0.6519916142557652,0.7966457023060797,Exact response
color_form,both,sharp,CFD,0,0,0,Exact response
color_form,both,sharp,D,0.0041928721174004195,0,0.010482180293501049,Exact response
color_form,both,sharp,DC,0.014675052410901468,0.0041928721174004195,0.027253668763102725,Exact response
color_form,both,sharp,DCF,0.1090146750524109,0.06079664570230608,0.16352201257861634,Exact response
color_form,both,sharp,DF,0.050314465408805034,0.027253668763102725,0.07756813417190776,Exact response
color_form,both,sharp,DFC,0.023060796645702306,0.006289308176100629,0.0440251572327044,Exact response
color_form,both,sharp,F,0.0041928721174004195,0,0.010482180293501049,Exact response
color_form,both,sharp,FC,0.0649895178197065,0.033542976939203356,0.10272536687631027,Exact response
color_form,both,sharp,FCD,0,0,0,Exact response
color_form,both,sharp,FD,0,0,0,Exact response
color_form,both,sharp,FDC,0,0,0,Exact response
color_form,first,blurred,C,0.6314814814814815,0.5351851851851852,0.7203703703703703,Exact response
color_form,first,blurred,CD,0,0,0,Exact response
color_form,first,blurred,CDF,0.007407407407407408,0,0.022222222222222223,Exact response
color_form,first,blurred,CF,0.2518518518518518,0.17407407407407408,0.337037037037037,Exact response
color_form,first,blurred,CFD,0,0,0,Exact response
color_form,first,blurred,D,0.005555555555555556,0,0.012962962962962963,Exact response
color_form,first,blurred,DC,0.016666666666666666,0.005555555555555556,0.02962962962962963,Exact response
color_form,first,blurred,DCF,0.05185185185185185,0.024074074074074074,0.08703703703703704,Exact response
color_form,first,blurred,DF,0.007407407407407408,0,0.016666666666666666,Exact response
color_form,first,blurred,DFC,0.009259259259259259,0,0.027777777777777776,Exact response
color_form,first,blurred,F,0,0,0,Exact response
color_form,first,blurred,FC,0.016666666666666666,0,0.05,Exact response
color_form,first,blurred,FCD,0,0,0,Exact response
color_form,first,blurred,FD,0,0,0,Exact response
color_form,first,blurred,FDC,0.001851851851851852,0,0.005555555555555556,Exact response
color_form,first,sharp,C,0.6918238993710691,0.59958071278826,0.7777777777777778,Exact response
color_form,first,sharp,CD,0,0,0,Exact response
color_form,first,sharp,CDF,0.014675052410901468,0.0020964360587002098,0.033542976939203356,Exact response
color_form,first,sharp,CF,0.20335429769392033,0.13626834381551362,0.27882599580712786,Exact response
color_form,first,sharp,CFD,0,0,0,Exact response
color_form,first,sharp,D,0.008385744234800839,0.0020964360587002098,0.016771488469601678,Exact response
color_form,first,sharp,DC,0.010482180293501049,0.0020964360587002098,0.023060796645702306,Exact response
color_form,first,sharp,DCF,0.031446540880503145,0.012578616352201259,0.05450733752620545,Exact response
color_form,first,sharp,DF,0.010482180293501049,0.0020964360587002098,0.023060796645702306,Exact response
color_form,first,sharp,DFC,0.008385744234800839,0,0.020964360587002098,Exact response
color_form,first,sharp,F,0,0,0,Exact response
color_form,first,sharp,FC,0.020964360587002098,0.0041928721174004195,0.041928721174004195,Exact response
color_form,first,sharp,FCD,0,0,0,Exact response
color_form,first,sharp,FD,0,0,0,Exact response
color_form,first,sharp,FDC,0,0,0,Exact response
color_form,second,blurred,C,0.001851851851851852,0,0.005555555555555556,Exact response
color_form,second,blurred,CD,0,0,0,Exact response
color_form,second,blurred,CDF,0,0,0,Exact response
color_form,second,blurred,CF,0.21481481481481482,0.14629629629629629,0.28888888888888886,Exact response
color_form,second,blurred,CFD,0.001851851851851852,0,0.005555555555555556,Exact response
color_form,second,blurred,D,0,0,0,Exact response
color_form,second,blurred,DC,0,0,0,Exact response
color_form,second,blurred,DCF,0.04259259259259259,0.016666666666666666,0.07592592592592592,Exact response
color_form,second,blurred,DF,0.016666666666666666,0.003703703703703704,0.03518518518518519,Exact response
color_form,second,blurred,DFC,0.009259259259259259,0,0.027777777777777776,Exact response
color_form,second,blurred,F,0.6722222222222223,0.5851851851851851,0.7537037037037037,Exact response
color_form,second,blurred,FC,0.03888888888888889,0.009259259259259259,0.08148148148148149,Exact response
color_form,second,blurred,FCD,0,0,0,Exact response
color_form,second,blurred,FD,0.001851851851851852,0,0.005555555555555556,Exact response
color_form,second,blurred,FDC,0,0,0,Exact response
color_form,second,sharp,C,0,0,0,Exact response
color_form,second,sharp,CD,0,0,0,Exact response
color_form,second,sharp,CDF,0.0041928721174004195,0,0.010482180293501049,Exact response
color_form,second,sharp,CF,0.16771488469601678,0.10272536687631027,0.2431865828092243,Exact response
color_form,second,sharp,CFD,0,0,0,Exact response
color_form,second,sharp,D,0,0,0,Exact response
color_form,second,sharp,DC,0,0,0,Exact response
color_form,second,sharp,DCF,0.020964360587002098,0.0041928721174004195,0.0440251572327044,Exact response
color_form,second,sharp,DF,0.033542976939203356,0.014675052410901468,0.05660377358490566,Exact response
color_form,second,sharp,DFC,0.006289308176100629,0,0.016771488469601678,Exact response
color_form,second,sharp,F,0.7379454926624738,0.6519916142557652,0.8134171907756813,Exact response
color_form,second,sharp,FC,0.023060796645702306,0.008385744234800839,0.039832285115303984,Exact response
color_form,second,sharp,FCD,0,0,0,Exact response
color_form,second,sharp,FD,0,0,0,Exact response
color_form,second,sharp,FDC,0.006289308176100629,0,0.016771488469601678,Exact response
dimension_color,both,blurred,C,0.00927643784786642,0,0.024074074074074074,Exact response
dimension_color,both,blurred,CD,0.0055658627087198514,0,0.014842300556586271,Exact response
dimension_color,both,blurred,CDF,0.05194805194805195,0.02411873840445269,0.08348794063079777,Exact response
dimension_color,both,blurred,CF,0.2764378478664193,0.22407407407407406,0.32838589981447125,Exact response
dimension_color,both,blurred,CFD,0.0037105751391465678,0,0.00929368029739777,Exact response
dimension_color,both,blurred,D,0,0,0,Exact response
dimension_color,both,blurred,DC,0.06679035250463822,0.037037037037037035,0.1038961038961039,Exact response
dimension_color,both,blurred,DCF,0.313543599257885,0.2504638218923933,0.378496251491472,Exact response
dimension_color,both,blurred,DF,0.08163265306122448,0.054003724394785846,0.11131725417439703,Exact response
dimension_color,both,blurred,DFC,0.029684601113172542,0.005555555555555556,0.06307977736549165,Exact response
dimension_color,both,blurred,F,0.11873840445269017,0.0962962962962963,0.1425925925925926,Exact response
dimension_color,both,blurred,FC,0.03710575139146568,0.012962962962962963,0.07037037037037037,Exact response
dimension_color,both,blurred,FCD,0,0,0,Exact response
dimension_color,both,blurred,FD,0.0018552875695732839,0,0.0055762081784386614,Exact response
dimension_color,both,blurred,FDC,0.0037105751391465678,0,0.00927643784786642,Exact response
dimension_color,both,sharp,C,0,0,0,Exact response
dimension_color,both,sharp,CD,0.008403361344537815,0,0.02100840336134454,Exact response
dimension_color,both,sharp,CDF,0.029411764705882353,0.008403361344537815,0.05894736842105263,Exact response
dimension_color,both,sharp,CF,0.20378151260504201,0.14705882352941177,0.2620545073375262,Exact response
dimension_color,both,sharp,CFD,0.004201680672268907,0,0.01263157894736842,Exact response
dimension_color,both,sharp,D,0,0,0,Exact response
dimension_color,both,sharp,DC,0.19747899159663865,0.13836477987421383,0.26260504201680673,Exact response
dimension_color,both,sharp,DCF,0.30462184873949577,0.24579831932773108,0.36554621848739494,Exact response
dimension_color,both,sharp,DF,0.11134453781512606,0.07756813417190776,0.14947368421052631,Exact response
dimension_color,both,sharp,DFC,0.031512605042016806,0.010526315789473684,0.05672268907563025,Exact response
dimension_color,both,sharp,F,0.08403361344537816,0.05485232067510549,0.11554621848739496,Exact response
dimension_color,both,sharp,FC,0.023109243697478993,0.010482180293501049,0.039832285115303984,Exact response
dimension_color,both,sharp,FCD,0.0021008403361344537,0,0.00631578947368421,Exact response
dimension_color,both,sharp,FD,0,0,0,Exact response
dimension_color,both,sharp,FDC,0,0,0,Exact response
dimension_color,first,blurred,C,0.0056925996204933585,0,0.015122873345935728,Exact response
dimension_color,first,blurred,CD,0.0018975332068311196,0,0.0057251908396946565,Exact response
dimension_color,first,blurred,CDF,0.03984819734345351,0.011560137839039574,0.07909604519774012,Exact response
dimension_color,first,blurred,CF,0.08918406072106262,0.05639097744360902,0.12810707456978968,Exact response
dimension_color,first,blurred,CFD,0,0,0,Exact response
dimension_color,first,blurred,D,0.058823529411764705,0.02676864244741874,0.09604791395045634,Exact response
dimension_color,first,blurred,DC,0.04364326375711575,0.02268324000428006,0.06705302579036779,Exact response
dimension_color,first,blurred,DCF,0.3055028462998102,0.23773351746897195,0.3818525519848771,Exact response
dimension_color,first,blurred,DF,0.3510436432637571,0.2808332725149613,0.4215574815147081,Exact response
dimension_color,first,blurred,DFC,0.03415559772296015,0.007561436672967864,0.06792452830188679,Exact response
dimension_color,first,blurred,F,0.03795066413662239,0.024390243902439025,0.053231939163498096,Exact response
dimension_color,first,blurred,FC,0.017077798861480076,0.0018867924528301887,0.038314176245210725,Exact response
dimension_color,first,blurred,FCD,0.003795066413662239,0,0.009523809523809525,Exact response
dimension_color,first,blurred,FD,0.007590132827324478,0.0018832391713747645,0.015209125475285171,Exact response
dimension_color,first,blurred,FDC,0.003795066413662239,0,0.009523809523809525,Exact response
dimension_color,first,sharp,C,0,0,0,Exact response
dimension_color,first,sharp,CD,0,0,0,Exact response
dimension_color,first,sharp,CDF,0.018947368421052633,0.0021008403361344537,0.046413502109704644,Exact response
dimension_color,first,sharp,CF,0.09894736842105263,0.046511627906976744,0.16101694915254236,Exact response
dimension_color,first,sharp,CFD,0.002105263157894737,0,0.006342494714587738,Exact response
dimension_color,first,sharp,D,0.27157894736842103,0.1957894736842105,0.35157894736842105,Exact response
dimension_color,first,sharp,DC,0.04421052631578947,0.02531645569620253,0.06512605042016807,Exact response
dimension_color,first,sharp,DCF,0.1936842105263158,0.13444673466871024,0.2578616352201258,Exact response
dimension_color,first,sharp,DF,0.23157894736842105,0.17051735957540912,0.3004201680672269,Exact response
dimension_color,first,sharp,DFC,0.023157894736842106,0.006329113924050633,0.04219409282700422,Exact response
dimension_color,first,sharp,F,0.1031578947368421,0.08227848101265822,0.12447257383966245,Exact response
dimension_color,first,sharp,FC,0.010526315789473684,0,0.02536997885835095,Exact response
dimension_color,first,sharp,FCD,0,0,0,Exact response
dimension_color,first,sharp,FD,0.002105263157894737,0,0.006329113924050633,Exact response
dimension_color,first,sharp,FDC,0,0,0,Exact response
dimension_color,second,blurred,C,0.6148148148148148,0.524074074074074,0.7037037037037037,Exact response
dimension_color,second,blurred,CD,0,0,0,Exact response
dimension_color,second,blurred,CDF,0.005555555555555556,0,0.014814814814814815,Exact response
dimension_color,second,blurred,CF,0.27037037037037037,0.19074074074074074,0.35555555555555557,Exact response
dimension_color,second,blurred,CFD,0,0,0,Exact response
dimension_color,second,blurred,D,0,0,0,Exact response
dimension_color,second,blurred,DC,0,0,0,Exact response
dimension_color,second,blurred,DCF,0.027777777777777776,0.009212962962962978,0.05185185185185185,Exact response
dimension_color,second,blurred,DF,0,0,0,Exact response
dimension_color,second,blurred,DFC,0.014814814814814815,0,0.040740740740740744,Exact response
dimension_color,second,blurred,F,0.046296296296296294,0.03148148148148148,0.06300925925925942,Exact response
dimension_color,second,blurred,FC,0.020370370370370372,0,0.05740740740740741,Exact response
dimension_color,second,blurred,FCD,0,0,0,Exact response
dimension_color,second,blurred,FD,0,0,0,Exact response
dimension_color,second,blurred,FDC,0,0,0,Exact response
dimension_color,second,sharp,C,0.7148846960167715,0.6247379454926625,0.8029350104821803,Exact response
dimension_color,second,sharp,CD,0,0,0,Exact response
dimension_color,second,sharp,CDF,0.0041928721174004195,0,0.010482180293501049,Exact response
dimension_color,second,sharp,CF,0.22851153039832284,0.1509433962264151,0.31236897274633124,Exact response
dimension_color,second,sharp,CFD,0,0,0,Exact response
dimension_color,second,sharp,D,0,0,0,Exact response
dimension_color,second,sharp,DC,0.0020964360587002098,0,0.006289308176100629,Exact response
dimension_color,second,sharp,DCF,0.0020964360587002098,0,0.006289308176100629,Exact response
dimension_color,second,sharp,DF,0,0,0,Exact response
dimension_color,second,sharp,DFC,0.006289308176100629,0,0.016771488469601678,Exact response
dimension_color,second,sharp,F,0.020964360587002098,0.010482180293501049,0.033542976939203356,Exact response
dimension_color,second,sharp,FC,0.020964360587002098,0.0020964360587002098,0.044077568134172095,Exact response
dimension_color,second,sharp,FCD,0,0,0,Exact response
dimension_color,second,sharp,FD,0,0,0,Exact response
dimension_color,second,sharp,FDC,0,0,0,Exact response
dimension_form,both,blurred,C,0.011299435028248588,0.001893939393939394,0.022598870056497175,Exact response
dimension_form,both,blurred,CD,0.0018832391713747645,0,0.005671346021653207,Exact response
dimension_form,both,blurred,CDF,0.04143126177024482,0.011235955056179775,0.08630393996247655,Exact response
dimension_form,both,blurred,CF,0.15065913370998116,0.11487758945386065,0.18879131848135258,Exact response
dimension_form,both,blurred,CFD,0.005649717514124294,0,0.013108614232209739,Exact response
dimension_form,both,blurred,D,0.003766478342749529,0,0.009433962264150943,Exact response
dimension_form,both,blurred,DC,0.01694915254237288,0.00571401412275937,0.02835538752362949,Exact response
dimension_form,both,blurred,DCF,0.2900188323917137,0.2222222222222222,0.3646660957687224,Exact response
dimension_form,both,blurred,DF,0.4067796610169492,0.33586337760910817,0.4773606185274507,Exact response
dimension_form,both,blurred,DFC,0.03389830508474576,0.003766478342749529,0.07532956685499058,Exact response
dimension_form,both,blurred,F,0.01694915254237288,0.003780718336483932,0.03377110694183865,Exact response
dimension_form,both,blurred,FC,0.01694915254237288,0.0037593984962406013,0.033707865168539325,Exact response
dimension_form,both,blurred,FCD,0.0018832391713747645,0,0.005681818181818182,Exact response
dimension_form,both,blurred,FD,0.0018832391713747645,0,0.005681818181818182,Exact response
dimension_form,both,blurred,FDC,0,0,0,Exact response
dimension_form,both,sharp,C,0.10272536687631027,0.07337526205450734,0.1320754716981132,Exact response
dimension_form,both,sharp,CD,0,0,0,Exact response
dimension_form,both,sharp,CDF,0.03563941299790356,0.010482180293501049,0.07547169811320754,Exact response
dimension_form,both,sharp,CF,0.22012578616352202,0.1719077568134172,0.27044025157232704,Exact response
dimension_form,both,sharp,CFD,0.0041928721174004195,0,0.010482180293501049,Exact response
dimension_form,both,sharp,D,0.0020964360587002098,0,0.006289308176100629,Exact response
dimension_form,both,sharp,DC,0.05870020964360587,0.033542976939203356,0.0880503144654088,Exact response
dimension_form,both,sharp,DCF,0.22012578616352202,0.16352201257861634,0.27882599580712786,Exact response
dimension_form,both,sharp,DF,0.29559748427672955,0.22426624737945494,0.3689727463312369,Exact response
dimension_form,both,sharp,DFC,0.018867924528301886,0.0041928721174004195,0.03563941299790356,Exact response
dimension_form,both,sharp,F,0.010482180293501049,0.0020964360587002098,0.023060796645702306,Exact response
dimension_form,both,sharp,FC,0.023060796645702306,0.008385744234800839,0.039832285115303984,Exact response
dimension_form,both,sharp,FCD,0.0041928721174004195,0,0.012578616352201259,Exact response
dimension_form,both,sharp,FD,0.0020964360587002098,0,0.006289308176100629,Exact response
dimension_form,both,sharp,FDC,0.0020964360587002098,0,0.006289308176100629,Exact response
dimension_form,first,blurred,C,0.13953488372093023,0.11372435679474102,0.16635595920968774,Exact response
dimension_form,first,blurred,CD,0.001937984496124031,0,0.005940594059405941,Exact response
dimension_form,first,blurred,CDF,0.025193798449612403,0.003883495145631068,0.05827305374330769,Exact response
dimension_form,first,blurred,CF,0.16666666666666666,0.1183373712901272,0.2194186800563255,Exact response
dimension_form,first,blurred,CFD,0.001937984496124031,0,0.005929147262552343,Exact response
dimension_form,first,blurred,D,0.07364341085271318,0.0380952380952381,0.11456464177443494,Exact response
dimension_form,first,blurred,DC,0.05813953488372093,0.03428198508318991,0.08398801610301149,Exact response
dimension_form,first,blurred,DCF,0.27906976744186046,0.21314191901595142,0.3461557059961315,Exact response
dimension_form,first,blurred,DF,0.19767441860465115,0.14671814671814673,0.25189430083275505,Exact response
dimension_form,first,blurred,DFC,0.029069767441860465,0.007722007722007722,0.05720052847915444,Exact response
dimension_form,first,blurred,F,0.005813953488372093,0,0.012049331437549306,Exact response
dimension_form,first,blurred,FC,0.02131782945736434,0.005825242718446602,0.04191078270388617,Exact response
dimension_form,first,blurred,FCD,0,0,0,Exact response
dimension_form,first,blurred,FD,0,0,0,Exact response
dimension_form,first,blurred,FDC,0,0,0,Exact response
dimension_form,first,sharp,C,0.07789473684210527,0.05894736842105263,0.09663865546218488,Exact response
dimension_form,first,sharp,CD,0,0,0,Exact response
dimension_form,first,sharp,CDF,0.016842105263157894,0,0.0440251572327044,Exact response
dimension_form,first,sharp,CF,0.1031578947368421,0.05719735571765716,0.15756302521008403,Exact response
dimension_form,first,sharp,CFD,0,0,0,Exact response
dimension_form,first,sharp,D,0.25473684210526315,0.182763529940278,0.33122362869198313,Exact response
dimension_form,first,sharp,DC,0.06526315789473684,0.0379746835443038,0.09894736842105263,Exact response
dimension_form,first,sharp,DCF,0.21052631578947367,0.14767932489451477,0.2779093937375084,Exact response
dimension_form,first,sharp,DF,0.21473684210526317,0.16033755274261605,0.2689075630252101,Exact response
dimension_form,first,sharp,DFC,0.02736842105263158,0.00631578947368421,0.05473684210526316,Exact response
dimension_form,first,sharp,F,0.00631578947368421,0,0.016842105263157894,Exact response
dimension_form,first,sharp,FC,0.01263157894736842,0,0.03368421052631579,Exact response
dimension_form,first,sharp,FCD,0.002105263157894737,0,0.006329113924050633,Exact response
dimension_form,first,sharp,FD,0.002105263157894737,0,0.006342494714587738,Exact response
dimension_form,first,sharp,FDC,0.00631578947368421,0,0.014705882352941176,Exact response
dimension_form,second,blurred,C,0.04814814814814815,0.03333333333333333,0.06296296296296296,Exact response
dimension_form,second,blurred,CD,0,0,0,Exact response
dimension_form,second,blurred,CDF,0,0,0,Exact response
dimension_form,second,blurred,CF,0.24814814814814815,0.17222222222222222,0.32592592592592595,Exact response
dimension_form,second,blurred,CFD,0,0,0,Exact response
dimension_form,second,blurred,D,0,0,0,Exact response
dimension_form,second,blurred,DC,0.001851851851851852,0,0.005555555555555556,Exact response
dimension_form,second,blurred,DCF,0.016666666666666666,0.001851851851851852,0.037037037037037035,Exact response
dimension_form,second,blurred,DF,0,0,0,Exact response
dimension_form,second,blurred,DFC,0.011111111111111112,0,0.03333333333333333,Exact response
dimension_form,second,blurred,F,0.6481481481481481,0.5666666666666667,0.725925925925926,Exact response
dimension_form,second,blurred,FC,0.025925925925925925,0.003703703703703704,0.06296296296296296,Exact response
dimension_form,second,blurred,FCD,0,0,0,Exact response
dimension_form,second,blurred,FD,0,0,0,Exact response
dimension_form,second,blurred,FDC,0,0,0,Exact response
dimension_form,second,sharp,C,0.1092436974789916,0.0759493670886076,0.14105263157894737,Exact response
dimension_form,second,sharp,CD,0.0021008403361344537,0,0.00631578947368421,Exact response
dimension_form,second,sharp,CDF,0.004201680672268907,0,0.01263157894736842,Exact response
dimension_form,second,sharp,CF,0.18907563025210083,0.11974789915966387,0.2641509433962264,Exact response
dimension_form,second,sharp,CFD,0,0,0,Exact response
dimension_form,second,sharp,D,0,0,0,Exact response
dimension_form,second,sharp,DC,0.0021008403361344537,0,0.00631578947368421,Exact response
dimension_form,second,sharp,DCF,0.008403361344537815,0,0.02100840336134454,Exact response
dimension_form,second,sharp,DF,0,0,0,Exact response
dimension_form,second,sharp,DFC,0.01050420168067227,0,0.031578947368421054,Exact response
dimension_form,second,sharp,F,0.6407563025210085,0.5599937106918239,0.7152048634243838,Exact response
dimension_form,second,sharp,FC,0.031512605042016806,0.012684989429175475,0.05241090146750524,Exact response
dimension_form,second,sharp,FCD,0,0,0,Exact response
dimension_form,second,sharp,FD,0,0,0,Exact response
dimension_form,second,sharp,FDC,0.0021008403361344537,0,0.00631578947368421,Exact response
color_form,both,blurred,C,0.7777777777777778,0.7203703703703703,0.8278240740740742,Initial adjective
color_form,both,blurred,D,0.14444444444444443,0.1037037037037037,0.18888888888888888,Initial adjective
color_form,both,blurred,F,0.07777777777777778,0.040740740740740744,0.12222222222222222,Initial adjective
color_form,both,sharp,C,0.7295597484276729,0.6540880503144654,0.7987421383647799,Initial adjective
color_form,both,sharp,D,0.20125786163522014,0.13626834381551362,0.27253668763102723,Initial adjective
color_form,both,sharp,F,0.06918238993710692,0.03563941299790356,0.1111111111111111,Initial adjective
color_form,first,blurred,C,0.8907407407407407,0.837037037037037,0.937037037037037,Initial adjective
color_form,first,blurred,D,0.09074074074074075,0.05185185185185185,0.13703703703703704,Initial adjective
color_form,first,blurred,F,0.018518518518518517,0,0.05555555555555555,Initial adjective
color_form,first,sharp,C,0.909853249475891,0.8658280922431866,0.949685534591195,Initial adjective
color_form,first,sharp,D,0.06918238993710692,0.033542976939203356,0.11320754716981132,Initial adjective
color_form,first,sharp,F,0.020964360587002098,0.0041928721174004195,0.041928721174004195,Initial adjective
color_form,second,blurred,C,0.21851851851851853,0.14814814814814814,0.2962962962962963,Initial adjective
color_form,second,blurred,D,0.06851851851851852,0.03148148148148148,0.1111111111111111,Initial adjective
color_form,second,blurred,F,0.7129629629629629,0.6314814814814815,0.7888888888888889,Initial adjective
color_form,second,sharp,C,0.1719077568134172,0.1069182389937107,0.24528301886792453,Initial adjective
color_form,second,sharp,D,0.06079664570230608,0.031446540880503145,0.09643605870020965,Initial adjective
color_form,second,sharp,F,0.7672955974842768,0.6876310272536688,0.8364779874213837,Initial adjective
dimension_color,both,blurred,C,0.3469387755102041,0.29074074074074074,0.4070718022855569,Initial adjective
dimension_color,both,blurred,D,0.49165120593692024,0.4256505576208178,0.5611111111111111,Initial adjective
dimension_color,both,blurred,F,0.1614100185528757,0.12430426716141002,0.20037105751391465,Initial adjective
dimension_color,both,sharp,C,0.24579831932773108,0.18736842105263157,0.31092436974789917,Initial adjective
dimension_color,both,sharp,D,0.6449579831932774,0.5681341719077568,0.7205882352941176,Initial adjective
dimension_color,both,sharp,F,0.1092436974789916,0.07752766499482527,0.14465408805031446,Initial adjective
dimension_color,first,blurred,C,0.1366223908918406,0.08670329730141624,0.19093323381538096,Initial adjective
dimension_color,first,blurred,D,0.793168880455408,0.7272727272727273,0.8514304511278196,Initial adjective
dimension_color,first,blurred,F,0.07020872865275142,0.043560606060606064,0.10000472589792063,Initial adjective
dimension_color,first,sharp,C,0.12,0.061052631578947365,0.18736842105263157,Initial adjective
dimension_color,first,sharp,D,0.7642105263157895,0.6926315789473684,0.8252631578947368,Initial adjective
dimension_color,first,sharp,F,0.11578947368421053,0.09433962264150944,0.14105263157894737,Initial adjective
dimension_color,second,blurred,C,0.8907407407407407,0.8388888888888889,0.9333333333333333,Initial adjective
dimension_color,second,blurred,D,0.04259259259259259,0.011111111111111112,0.08148148148148149,Initial adjective
dimension_color,second,blurred,F,0.06666666666666667,0.03888888888888889,0.10740740740740741,Initial adjective
dimension_color,second,sharp,C,0.9475890985324947,0.9161425576519916,0.9727463312368972,Initial adjective
dimension_color,second,sharp,D,0.010482180293501049,0,0.027253668763102725,Initial adjective
dimension_color,second,sharp,F,0.041928721174004195,0.018867924528301886,0.07127882599580712,Initial adjective
dimension_form,both,blurred,C,0.21092278719397364,0.1641509433962264,0.26276987364441357,Initial adjective
dimension_form,both,blurred,D,0.751412429378531,0.687382297551789,0.8105065666041276,Initial adjective
dimension_form,both,blurred,F,0.03766478342749529,0.015122873345935728,0.06641681878197128,Initial adjective
dimension_form,both,sharp,C,0.36268343815513626,0.3039832285115304,0.42348008385744235,Initial adjective
dimension_form,both,sharp,D,0.5953878406708596,0.5283018867924528,0.6582809224318659,Initial adjective
dimension_form,both,sharp,F,0.041928721174004195,0.020964360587002098,0.06708595387840671,Initial adjective
dimension_form,first,blurred,C,0.33527131782945735,0.2868001728195323,0.38899440059945645,Initial adjective
dimension_form,first,blurred,D,0.6375968992248062,0.5795655069908646,0.690251967201059,Initial adjective
dimension_form,first,blurred,F,0.027131782945736434,0.009671179883945842,0.050387596899224806,Initial adjective
dimension_form,first,sharp,C,0.19789473684210526,0.14675052410901468,0.2573959079691108,Initial adjective
dimension_form,first,sharp,D,0.7726315789473684,0.7052631578947368,0.8305174329021393,Initial adjective
dimension_form,first,sharp,F,0.029473684210526315,0.008403361344537815,0.056842105263157895,Initial adjective
dimension_form,second,blurred,C,0.2962962962962963,0.22962962962962963,0.37037037037037035,Initial adjective
dimension_form,second,blurred,D,0.02962962962962963,0.005555555555555556,0.06111111111111111,Initial adjective
dimension_form,second,blurred,F,0.674074074074074,0.5962962962962963,0.7444444444444445,Initial adjective
dimension_form,second,sharp,C,0.30462184873949577,0.23628691983122363,0.37818385215721523,Initial adjective
dimension_form,second,sharp,D,0.02100840336134454,0,0.05672268907563025,Initial adjective
dimension_form,second,sharp,F,0.6743697478991597,0.5974842767295597,0.7457983193277311,Initial adjective
