combination,relevant_property,sharpness,model,response,response_mean,order_given_set_mean,observed_response,observed_order_given_set,n,observed_set_n
color_form,both,blurred,K-HKO,D,0.002660657582418514,1.0,0.003703703703703704,1.0,540,2
color_form,both,blurred,K-HKO,DC,0.03085167937606837,0.9803162262264029,0.025925925925925925,1.0,540,14
color_form,both,blurred,K-HKO,DCF,0.14873401136217337,0.7405640295740974,0.08148148148148149,0.7857142857142857,540,56
color_form,both,blurred,K-HKO,DF,0.10815836571398289,0.9948438977116641,0.022222222222222223,0.9230769230769231,540,13
color_form,both,blurred,K-HKO,DFC,0.025325153267332312,0.1260968986277678,0.011111111111111112,0.10714285714285714,540,56
color_form,both,blurred,K-HKO,C,0.062376581446185735,1.0,0.007407407407407408,1.0,540,4
color_form,both,blurred,K-HKO,CD,0.0006194710044856732,0.019683773773596883,0.0,0.0,540,14
color_form,both,blurred,K-HKO,CDF,0.012097877052982754,0.06023674408829578,0.007407407407407408,0.07142857142857142,540,56
color_form,both,blurred,K-HKO,CF,0.41089465257338187,0.8856374313732853,0.7592592592592593,0.9234234234234234,540,444
color_form,both,blurred,K-HKO,CFD,0.011613642199674534,0.05782568214663313,0.003703703703703704,0.03571428571428571,540,56
color_form,both,blurred,K-HKO,F,0.1299802763287184,1.0,0.012962962962962963,1.0,540,7
color_form,both,blurred,K-HKO,FD,0.0005605659322465484,0.005156102288335812,0.001851851851851852,0.07692307692307693,540,13
color_form,both,blurred,K-HKO,FDC,0.0015960585585534373,0.007946962142239148,0.0,0.0,540,56
color_form,both,blurred,K-HKO,FC,0.05305892257784142,0.11436256862671475,0.06296296296296296,0.07657657657657657,540,444
color_form,both,blurred,K-HKO,FCD,0.0014720850239541739,0.007329683420966632,0.0,0.0,540,56
color_form,both,sharp,K-HKO,D,0.0034815273832924875,1.0,0.0041928721174004195,1.0,477,2
color_form,both,sharp,K-HKO,DC,0.024605798875541963,0.969987779111381,0.014675052410901468,1.0,477,7
color_form,both,sharp,K-HKO,DCF,0.10200856954080442,0.6479120282912748,0.1090146750524109,0.8125,477,64
color_form,both,sharp,K-HKO,DF,0.07953461675597207,0.9909968543550168,0.050314465408805034,1.0,477,24
color_form,both,sharp,K-HKO,DFC,0.02306250093002685,0.1464825143839114,0.023060796645702306,0.171875,477,64
color_form,both,sharp,K-HKO,C,0.07945008379226386,1.0,0.0020964360587002098,1.0,477,1
color_form,both,sharp,K-HKO,CD,0.0007613236856140847,0.030012220888618952,0.0,0.0,477,7
color_form,both,sharp,K-HKO,CDF,0.013414951467570806,0.08520566903260071,0.0020964360587002098,0.015625,477,64
color_form,both,sharp,K-HKO,CF,0.4233412962080368,0.8622845548725996,0.7253668763102725,0.9177718832891246,477,377
color_form,both,sharp,K-HKO,CFD,0.014740422602277837,0.09362445870091428,0.0,0.0,477,64
color_form,both,sharp,K-HKO,F,0.16304895199414648,1.0,0.0041928721174004195,1.0,477,2
color_form,both,sharp,K-HKO,FD,0.0007225671154506008,0.009003145644983022,0.0,0.0,477,24
color_form,both,sharp,K-HKO,FDC,0.0020873862800510935,0.01325812806339072,0.0,0.0,477,64
color_form,both,sharp,K-HKO,FC,0.06761182804290657,0.13771544512740036,0.0649895178197065,0.08222811671087533,477,377
color_form,both,sharp,K-HKO,FCD,0.002128175326044071,0.013517201527907884,0.0,0.0,477,64
color_form,first,blurred,K-HKO,D,0.002490998995638591,1.0,0.005555555555555556,1.0,540,3
color_form,first,blurred,K-HKO,DC,0.07757664329582996,0.9749243990055576,0.016666666666666666,1.0,540,9
color_form,first,blurred,K-HKO,DCF,0.02801399223617332,0.7095549870874349,0.05185185185185185,0.7368421052631579,540,38
color_form,first,blurred,K-HKO,DF,0.004150220808152284,0.951125126631848,0.007407407407407408,1.0,540,4
color_form,first,blurred,K-HKO,DFC,0.002569609995102956,0.06508460384809758,0.009259259259259259,0.13157894736842105,540,38
color_form,first,blurred,K-HKO,C,0.7928509157156287,1.0,0.6314814814814815,1.0,540,341
color_form,first,blurred,K-HKO,CD,0.001995314668253924,0.02507560099444257,0.0,0.0,540,9
color_form,first,blurred,K-HKO,CDF,0.005495284659638645,0.1391878245285152,0.007407407407407408,0.10526315789473684,540,38
color_form,first,blurred,K-HKO,CF,0.07349970932719832,0.949349557885261,0.2518518518518518,0.9379310344827586,540,145
color_form,first,blurred,K-HKO,CFD,0.002759846045576869,0.06990301520480825,0.0,0.0,540,38
color_form,first,blurred,K-HKO,F,0.0038204452593961495,1.0,0.0,,540,0
color_form,first,blurred,K-HKO,FD,0.00021326480687837603,0.04887487336815191,0.0,0.0,540,4
color_form,first,blurred,K-HKO,FDC,0.0003399521993897002,0.008610510648205047,0.001851851851851852,0.02631578947368421,540,38
color_form,first,blurred,K-HKO,FC,0.003921414132240368,0.0506504421147391,0.016666666666666666,0.06206896551724138,540,145
color_form,first,blurred,K-HKO,FCD,0.0003023878549017979,0.007659058682938764,0.0,0.0,540,38
color_form,first,sharp,K-HKO,D,0.0031030775086705008,1.0,0.008385744234800839,1.0,477,4
color_form,first,sharp,K-HKO,DC,0.058794688186237495,0.9585396696342665,0.010482180293501049,1.0,477,5
color_form,first,sharp,K-HKO,DCF,0.015757718269450417,0.5764480890573817,0.031446540880503145,0.5769230769230769,477,26
color_form,first,sharp,K-HKO,DF,0.0029352157293572184,0.9309087709850028,0.010482180293501049,1.0,477,5
color_form,first,sharp,K-HKO,DFC,0.002458283304432617,0.08992880117352618,0.008385744234800839,0.15384615384615385,477,26
color_form,first,sharp,K-HKO,C,0.833544429532338,1.0,0.6918238993710691,1.0,477,330
color_form,first,sharp,K-HKO,CD,0.002543084311661076,0.04146033036573348,0.0,0.0,477,5
color_form,first,sharp,K-HKO,CDF,0.0051193032566621615,0.18727410461001065,0.014675052410901468,0.2692307692307692,477,26
color_form,first,sharp,K-HKO,CF,0.06268723436878887,0.9293598605609616,0.20335429769392033,0.9065420560747663,477,107
color_form,first,sharp,K-HKO,CFD,0.0032742710709171216,0.11977922625671299,0.0,0.0,477,26
color_form,first,sharp,K-HKO,F,0.004073714215352121,1.0,0.0,,477,0
color_form,first,sharp,K-HKO,FD,0.00021784912602215543,0.06909122901499723,0.0,0.0,477,5
color_form,first,sharp,K-HKO,FDC,0.0003774661080150873,0.013808446941906975,0.0,0.0,477,26
color_form,first,sharp,K-HKO,FC,0.004764822718065359,0.07064013943903838,0.020964360587002098,0.09345794392523364,477,107
color_form,first,sharp,K-HKO,FCD,0.00034884229402982857,0.012761331960461643,0.0,0.0,477,26
color_form,second,blurred,K-HKO,D,0.001057882060884275,1.0,0.0,,540,0
color_form,second,blurred,K-HKO,DC,0.006171769580811305,0.9616929968878882,0.0,,540,0
color_form,second,blurred,K-HKO,DCF,0.05026794993277047,0.6353797943448294,0.04259259259259259,0.7931034482758621,540,29
color_form,second,blurred,K-HKO,DF,0.1292088211169573,0.9948378418133269,0.016666666666666666,0.9,540,10
color_form,second,blurred,K-HKO,DFC,0.020735764072433497,0.26209713206021656,0.009259259259259259,0.1724137931034483,540,29
color_form,second,blurred,K-HKO,C,0.008162544332097586,1.0,0.001851851851851852,1.0,540,1
color_form,second,blurred,K-HKO,CD,0.00024583936589374665,0.03830700311211175,0.0,,540,0
color_form,second,blurred,K-HKO,CDF,0.002091699158163268,0.026438782220530116,0.0,0.0,540,29
color_form,second,blurred,K-HKO,CF,0.10542514142181036,0.7790621989183504,0.21481481481481482,0.8467153284671532,540,137
color_form,second,blurred,K-HKO,CFD,0.0032983736264272333,0.04169097723767548,0.001851851851851852,0.034482758620689655,540,29
color_form,second,blurred,K-HKO,F,0.6400447409980087,1.0,0.6722222222222223,1.0,540,363
color_form,second,blurred,K-HKO,FD,0.0006704573807762884,0.005162158186673235,0.001851851851851852,0.1,540,10
color_form,second,blurred,K-HKO,FDC,0.0014198602675535635,0.017946833439659558,0.0,0.0,540,29
color_form,second,blurred,K-HKO,FC,0.02989799653582972,0.22093780108164968,0.03888888888888889,0.15328467153284672,540,137
color_form,second,blurred,K-HKO,FCD,0.0013011601495827002,0.016446480697088952,0.0,0.0,540,29
color_form,second,sharp,K-HKO,D,0.0018568483015441375,1.0,0.0,,477,0
color_form,second,sharp,K-HKO,DC,0.006490766980218134,0.9583505289181371,0.0,,477,0
color_form,second,sharp,K-HKO,DCF,0.04410610109095148,0.5742653674557877,0.020964360587002098,0.5555555555555556,477,18
color_form,second,sharp,K-HKO,DF,0.12451169520388357,0.9915190135835759,0.033542976939203356,1.0,477,16
color_form,second,sharp,K-HKO,DFC,0.02191015413998404,0.28527215979179293,0.006289308176100629,0.16666666666666666,477,18
color_form,second,sharp,K-HKO,C,0.008393264737088638,1.0,0.0,,477,0
color_form,second,sharp,K-HKO,CD,0.0002820857332304962,0.04164947108186302,0.0,,477,0
color_form,second,sharp,K-HKO,CDF,0.0030493650940240356,0.039703005319275855,0.0041928721174004195,0.1111111111111111,477,18
color_form,second,sharp,K-HKO,CF,0.0900128925104037,0.7399291374899902,0.16771488469601678,0.8791208791208791,477,91
color_form,second,sharp,K-HKO,CFD,0.0038913687006391097,0.050665967326613714,0.0,0.0,477,18
color_form,second,sharp,K-HKO,F,0.6589452417237318,1.0,0.7379454926624738,1.0,477,352
color_form,second,sharp,K-HKO,FD,0.001065014368099227,0.008480986416424153,0.0,0.0,477,16
color_form,second,sharp,K-HKO,FDC,0.0021724120262054908,0.028284998211964056,0.006289308176100629,0.16666666666666666,477,18
color_form,second,sharp,K-HKO,FC,0.03163780071104196,0.26007086251000966,0.023060796645702306,0.12087912087912088,477,91
color_form,second,sharp,K-HKO,FCD,0.0016749886789542148,0.02180850189456581,0.0,0.0,477,18
dimension_color,both,blurred,K-HKO,D,0.003474229668372597,1.0,0.0,,539,0
dimension_color,both,blurred,K-HKO,DC,0.03980092973902304,0.9831443536471731,0.06679035250463822,0.9230769230769231,539,39
dimension_color,both,blurred,K-HKO,DCF,0.19870470834141116,0.7470402121227588,0.313543599257885,0.7788018433179723,539,217
dimension_color,both,blurred,K-HKO,DF,0.18978326532297551,0.9958802320510314,0.08163265306122448,0.9777777777777777,539,45
dimension_color,both,blurred,K-HKO,DFC,0.0393012025641696,0.1477548214397196,0.029684601113172542,0.07373271889400922,539,217
dimension_color,both,blurred,K-HKO,C,0.04062808664354586,1.0,0.00927643784786642,1.0,539,5
dimension_color,both,blurred,K-HKO,CD,0.0006823722210334119,0.016855646352826808,0.0055658627087198514,0.07692307692307693,539,39
dimension_color,both,blurred,K-HKO,CDF,0.014115742117137712,0.05306883301093412,0.05194805194805195,0.12903225806451613,539,217
dimension_color,both,blurred,K-HKO,CF,0.2868918107957935,0.8601959043890574,0.2764378478664193,0.8816568047337278,539,169
dimension_color,both,blurred,K-HKO,CFD,0.00984876317325922,0.037026913914173495,0.0037105751391465678,0.009216589861751152,539,217
dimension_color,both,blurred,K-HKO,F,0.1253375573790481,1.0,0.11873840445269017,1.0,539,64
dimension_color,both,blurred,K-HKO,FD,0.0007850974329693873,0.004119767948968727,0.0018552875695732839,0.022222222222222223,539,45
dimension_color,both,blurred,K-HKO,FDC,0.0022278871534396607,0.008375852316652325,0.0037105751391465678,0.009216589861751152,539,217
dimension_color,both,blurred,K-HKO,FC,0.04662734377348402,0.1398040956109426,0.03710575139146568,0.11834319526627218,539,169
dimension_color,both,blurred,K-HKO,FCD,0.0017910036743371562,0.006733367195761777,0.0,0.0,539,217
dimension_color,both,sharp,K-HKO,D,0.006934939281170102,1.0,0.0,,476,0
dimension_color,both,sharp,K-HKO,DC,0.04755669944110989,0.9794535613216284,0.19747899159663865,0.9591836734693877,476,98
dimension_color,both,sharp,K-HKO,DCF,0.20099065348399334,0.7005693513156704,0.30462184873949577,0.8192090395480226,476,177
dimension_color,both,sharp,K-HKO,DF,0.21055625649861465,0.9938306101714295,0.11134453781512606,1.0,476,53
dimension_color,both,sharp,K-HKO,DFC,0.04890238563098714,0.17045326230564156,0.031512605042016806,0.0847457627118644,476,177
dimension_color,both,sharp,K-HKO,C,0.041557319998089634,1.0,0.0,,476,0
dimension_color,both,sharp,K-HKO,CD,0.0009976183122904153,0.020546438678371734,0.008403361344537815,0.04081632653061224,476,98
dimension_color,both,sharp,K-HKO,CDF,0.019594346947459446,0.0682976978903602,0.029411764705882353,0.07909604519774012,476,177
dimension_color,both,sharp,K-HKO,CF,0.22489889009757913,0.8257407016143864,0.20378151260504201,0.8981481481481481,476,108
dimension_color,both,sharp,K-HKO,CFD,0.011303731569076185,0.03940008032972952,0.004201680672268907,0.011299435028248588,476,177
dimension_color,both,sharp,K-HKO,F,0.13183375882144413,1.0,0.08403361344537816,1.0,476,40
dimension_color,both,sharp,K-HKO,FD,0.0013070674357276856,0.00616938982857058,0.0,0.0,476,53
dimension_color,both,sharp,K-HKO,FDC,0.003641398887462502,0.012692393463332721,0.0,0.0,476,177
dimension_color,both,sharp,K-HKO,FC,0.04746129471332407,0.1742592983856137,0.023109243697478993,0.10185185185185185,476,108
dimension_color,both,sharp,K-HKO,FCD,0.0024636388816716413,0.008587214695265511,0.0021008403361344537,0.005649717514124294,476,177
dimension_color,first,blurred,K-HKO,D,0.028729904161088064,1.0,0.058823529411764705,1.0,527,31
dimension_color,first,blurred,K-HKO,DC,0.030483724301012028,0.9847244977111257,0.04364326375711575,0.9583333333333334,527,24
dimension_color,first,blurred,K-HKO,DCF,0.17614871424004702,0.6929449153838939,0.3055028462998102,0.7892156862745098,527,204
dimension_color,first,blurred,K-HKO,DF,0.4435413052087829,0.9956211845548822,0.3510436432637571,0.9788359788359788,527,189
dimension_color,first,blurred,K-HKO,DFC,0.06109185044290619,0.24032697211808968,0.03415559772296015,0.08823529411764706,527,204
dimension_color,first,blurred,K-HKO,C,0.01270949168251819,1.0,0.0056925996204933585,1.0,527,3
dimension_color,first,blurred,K-HKO,CD,0.0004728776438647365,0.015275502288874329,0.0018975332068311196,0.041666666666666664,527,24
dimension_color,first,blurred,K-HKO,CDF,0.0076981289262397406,0.030283384811643114,0.03984819734345351,0.10294117647058823,527,204
dimension_color,first,blurred,K-HKO,CF,0.09365376496874475,0.7777642148438542,0.08918406072106262,0.8392857142857143,527,56
dimension_color,first,blurred,K-HKO,CFD,0.004056920328938972,0.01595936891270643,0.0,0.0,527,204
dimension_color,first,blurred,K-HKO,F,0.10749483157536237,1.0,0.03795066413662239,1.0,527,20
dimension_color,first,blurred,K-HKO,FD,0.0019507273930337062,0.004378815445117686,0.007590132827324478,0.021164021164021163,527,189
dimension_color,first,blurred,K-HKO,FDC,0.003627763337179193,0.014271124087165844,0.003795066413662239,0.00980392156862745,527,204
dimension_color,first,blurred,K-HKO,FC,0.026760318350255614,0.22223578515614587,0.017077798861480076,0.16071428571428573,527,56
dimension_color,first,blurred,K-HKO,FCD,0.0015796774400265415,0.006214234686500915,0.003795066413662239,0.00980392156862745,527,204
dimension_color,first,sharp,K-HKO,D,0.24491330068033323,1.0,0.27157894736842103,1.0,475,129
dimension_color,first,sharp,K-HKO,DC,0.03263481592175468,0.9829629344793691,0.04421052631578947,1.0,475,21
dimension_color,first,sharp,K-HKO,DCF,0.153300216682334,0.6615469312156407,0.1936842105263158,0.8141592920353983,475,113
dimension_color,first,sharp,K-HKO,DF,0.3546685689016998,0.993405446666497,0.23157894736842105,0.990990990990991,475,111
dimension_color,first,sharp,K-HKO,DFC,0.06007508556258426,0.2592461338707585,0.023157894736842106,0.09734513274336283,475,113
dimension_color,first,sharp,K-HKO,C,0.007954521768279111,1.0,0.0,,475,0
dimension_color,first,sharp,K-HKO,CD,0.0005656383141315007,0.017037065520630904,0.0,0.0,475,21
dimension_color,first,sharp,K-HKO,CDF,0.008833612710340449,0.03812029432536761,0.018947368421052633,0.07964601769911504,475,113
dimension_color,first,sharp,K-HKO,CF,0.042141918421356644,0.7342198701232356,0.09894736842105263,0.9038461538461539,475,52
dimension_color,first,sharp,K-HKO,CFD,0.0034365816041244733,0.014830116116480725,0.002105263157894737,0.008849557522123894,475,113
dimension_color,first,sharp,K-HKO,F,0.06778196398230601,1.0,0.1031578947368421,1.0,475,49
dimension_color,first,sharp,K-HKO,FD,0.002354407056240595,0.006594553333502992,0.002105263157894737,0.009009009009009009,475,111
dimension_color,first,sharp,K-HKO,FDC,0.004548839994300469,0.01962992097432064,0.0,0.0,475,113
dimension_color,first,sharp,K-HKO,FC,0.01525494610954103,0.2657801298767643,0.010526315789473684,0.09615384615384616,475,52
dimension_color,first,sharp,K-HKO,FCD,0.0015355822906736288,0.006626603497431902,0.0,0.0,475,113
dimension_color,second,blurred,K-HKO,D,0.0026479135186257777,1.0,0.0,,540,0
dimension_color,second,blurred,K-HKO,DC,0.05691110743143003,0.9813919563217068,0.0,,540,0
dimension_color,second,blurred,K-HKO,DCF,0.02989355703096404,0.7124723389335653,0.027777777777777776,0.5769230769230769,540,26
dimension_color,second,blurred,K-HKO,DF,0.01230868947519147,0.981003444259847,0.0,,540,0
dimension_color,second,blurred,K-HKO,DFC,0.004578089293629391,0.10911254165906992,0.014814814814814815,0.3076923076923077,540,26
dimension_color,second,blurred,K-HKO,C,0.7531107429088555,1.0,0.6148148148148148,1.0,540,332
dimension_color,second,blurred,K-HKO,CD,0.0010790840153543507,0.018608043678293242,0.0,,540,0
dimension_color,second,blurred,K-HKO,CDF,0.002946531210086192,0.07022657025446517,0.005555555555555556,0.11538461538461539,540,26
dimension_color,second,blurred,K-HKO,CF,0.10677994371606661,0.913507292849831,0.27037037037037037,0.9299363057324841,540,157
dimension_color,second,blurred,K-HKO,CFD,0.0036307835778626465,0.08653479628409264,0.0,0.0,540,26
dimension_color,second,blurred,K-HKO,F,0.014856530216414126,1.0,0.046296296296296294,1.0,540,25
dimension_color,second,blurred,K-HKO,FD,0.0002383505451197729,0.018996555740152996,0.0,,540,0
dimension_color,second,blurred,K-HKO,FDC,0.0004544035207625224,0.010830090876170335,0.0,0.0,540,26
dimension_color,second,blurred,K-HKO,FC,0.010110139758745754,0.086492707150169,0.020370370370370372,0.07006369426751592,540,157
dimension_color,second,blurred,K-HKO,FCD,0.0004541337808918465,0.0108236619926365,0.0,0.0,540,26
dimension_color,second,sharp,K-HKO,D,0.0045219443694359835,1.0,0.0,,477,0
dimension_color,second,sharp,K-HKO,DC,0.05692462143778579,0.9669600457141652,0.0020964360587002098,1.0,477,1
dimension_color,second,sharp,K-HKO,DCF,0.02416036044199369,0.624442909499294,0.0020964360587002098,0.16666666666666666,477,6
dimension_color,second,sharp,K-HKO,DF,0.010581586535136233,0.9749691873077031,0.0,,477,0
dimension_color,second,sharp,K-HKO,DFC,0.005120733372206865,0.13234925254480692,0.006289308176100629,0.5,477,6
dimension_color,second,sharp,K-HKO,C,0.7812955560262222,1.0,0.7148846960167715,1.0,477,341
dimension_color,second,sharp,K-HKO,CD,0.0019450512959445004,0.033039954285834734,0.0,0.0,477,1
dimension_color,second,sharp,K-HKO,CDF,0.004299723670768987,0.11112963175628902,0.0041928721174004195,0.3333333333333333,477,6
dimension_color,second,sharp,K-HKO,CF,0.08076564845401543,0.8849066220589785,0.22851153039832284,0.9159663865546218,477,119
dimension_color,second,sharp,K-HKO,CFD,0.003919717562181754,0.10130808457186567,0.0,0.0,477,6
dimension_color,second,sharp,K-HKO,F,0.014498261015127528,1.0,0.020964360587002098,1.0,477,10
dimension_color,second,sharp,K-HKO,FD,0.0002716657244109743,0.025030812692296903,0.0,,477,0
dimension_color,second,sharp,K-HKO,FDC,0.0006041257160209575,0.015614089066311187,0.0,0.0,477,6
dimension_color,second,sharp,K-HKO,FC,0.010504601356175775,0.11509337794102142,0.020964360587002098,0.08403361344537816,477,119
dimension_color,second,sharp,K-HKO,FCD,0.0005864030225732406,0.015156032561433016,0.0,0.0,477,6
dimension_form,both,blurred,K-HKO,D,0.0030625521955990206,1.0,0.003766478342749529,1.0,531,2
dimension_form,both,blurred,K-HKO,DC,0.05173922551749814,0.9811114975728006,0.01694915254237288,0.9,531,10
dimension_form,both,blurred,K-HKO,DCF,0.20108047850957145,0.7499397867105742,0.2900188323917137,0.7777777777777778,531,198
dimension_form,both,blurred,K-HKO,DF,0.09705043838942778,0.9951517060433406,0.4067796610169492,0.9953917050691244,531,217
dimension_form,both,blurred,K-HKO,DFC,0.029088588173465216,0.10848735676487785,0.03389830508474576,0.09090909090909091,531,198
dimension_form,both,blurred,K-HKO,C,0.0707878307436113,1.0,0.011299435028248588,1.0,531,6
dimension_form,both,blurred,K-HKO,CD,0.0009960911570054997,0.01888850242719957,0.0018832391713747645,0.1,531,10
dimension_form,both,blurred,K-HKO,CDF,0.0223782960087715,0.08346098368253758,0.04143126177024482,0.1111111111111111,531,198
dimension_form,both,blurred,K-HKO,CF,0.3925223308905244,0.9064150139899897,0.15065913370998116,0.898876404494382,531,89
dimension_form,both,blurred,K-HKO,CFD,0.012675264727866085,0.04727303911833233,0.005649717514124294,0.015151515151515152,531,198
dimension_form,both,blurred,K-HKO,F,0.0747129715809547,1.0,0.01694915254237288,1.0,531,9
dimension_form,both,blurred,K-HKO,FD,0.00047282143122217326,0.0048482939566593134,0.0018832391713747645,0.004608294930875576,531,217
dimension_form,both,blurred,K-HKO,FDC,0.0016451822560915393,0.006135790203893819,0.0,0.0,531,198
dimension_form,both,blurred,K-HKO,FC,0.04052690685617001,0.09358498601001027,0.01694915254237288,0.10112359550561797,531,89
dimension_form,both,blurred,K-HKO,FCD,0.0012610215622210945,0.004703043519784083,0.0018832391713747645,0.005050505050505051,531,198
dimension_form,both,sharp,K-HKO,D,0.006983785941781297,1.0,0.0020964360587002098,1.0,477,1
dimension_form,both,sharp,K-HKO,DC,0.06420885075074156,0.976907027640697,0.05870020964360587,1.0,477,28
dimension_form,both,sharp,K-HKO,DCF,0.20510445815835557,0.6984287406287537,0.22012578616352202,0.7720588235294118,477,136
dimension_form,both,sharp,K-HKO,DF,0.13559241937710137,0.9938598927327854,0.29559748427672955,0.9929577464788732,477,142
dimension_form,both,sharp,K-HKO,DFC,0.04039060505945817,0.13753947465700916,0.018867924528301886,0.0661764705882353,477,136
dimension_form,both,sharp,K-HKO,C,0.0726030853631715,1.0,0.10272536687631027,1.0,477,49
dimension_form,both,sharp,K-HKO,CD,0.0015178242899843832,0.023092972359303132,0.0,0.0,477,28
dimension_form,both,sharp,K-HKO,CDF,0.029206711720976025,0.09945569720107685,0.03563941299790356,0.125,477,136
dimension_form,both,sharp,K-HKO,CF,0.2957661886460841,0.8745073624359958,0.22012578616352202,0.9051724137931034,477,116
dimension_form,both,sharp,K-HKO,CFD,0.01415850396027736,0.04821302364148974,0.0041928721174004195,0.014705882352941176,477,136
dimension_form,both,sharp,K-HKO,F,0.08638187394876772,1.0,0.010482180293501049,1.0,477,5
dimension_form,both,sharp,K-HKO,FD,0.0008376955400698365,0.00614010726721453,0.0020964360587002098,0.007042253521126761,477,142
dimension_form,both,sharp,K-HKO,FDC,0.002870222647098793,0.00977378067125974,0.0020964360587002098,0.007352941176470588,477,136
dimension_form,both,sharp,K-HKO,FC,0.04244272914073546,0.12549263756400428,0.023060796645702306,0.09482758620689655,477,116
dimension_form,both,sharp,K-HKO,FCD,0.0019350454553968526,0.006589283200410823,0.0041928721174004195,0.014705882352941176,477,136
dimension_form,first,blurred,K-HKO,D,0.03255064772555534,1.0,0.07364341085271318,1.0,516,38
dimension_form,first,blurred,K-HKO,DC,0.10865163792310281,0.9827733442779205,0.05813953488372093,0.967741935483871,516,31
dimension_form,first,blurred,K-HKO,DCF,0.3203172797856611,0.7846052292602281,0.27906976744186046,0.8323699421965318,516,173
dimension_form,first,blurred,K-HKO,DF,0.10958136146141766,0.9952245665386479,0.19767441860465115,1.0,516,102
dimension_form,first,blurred,K-HKO,DFC,0.03602023257956744,0.08823021617818876,0.029069767441860465,0.08670520231213873,516,173
dimension_form,first,blurred,K-HKO,C,0.06826884954132408,1.0,0.13953488372093023,1.0,516,72
dimension_form,first,blurred,K-HKO,CD,0.0019045127455268344,0.017226655722079518,0.001937984496124031,0.03225806451612903,516,31
dimension_form,first,blurred,K-HKO,CDF,0.040453858061343405,0.09909021642516432,0.025193798449612403,0.07514450867052024,516,173
dimension_form,first,blurred,K-HKO,CF,0.21242206799514107,0.903403964719339,0.16666666666666666,0.8865979381443299,516,97
dimension_form,first,blurred,K-HKO,CFD,0.008381312314684645,0.020529711898668205,0.001937984496124031,0.005780346820809248,516,173
dimension_form,first,blurred,K-HKO,F,0.035129187975842295,1.0,0.005813953488372093,1.0,516,3
dimension_form,first,blurred,K-HKO,FD,0.0005258094683930314,0.004775433461352084,0.0,0.0,516,102
dimension_form,first,blurred,K-HKO,FDC,0.0019521162382579692,0.004781635913260435,0.0,0.0,516,173
dimension_form,first,blurred,K-HKO,FC,0.022713127654718984,0.09659603528066088,0.02131782945736434,0.1134020618556701,516,97
dimension_form,first,blurred,K-HKO,FCD,0.0011279985294633272,0.0027629903244901126,0.0,0.0,516,173
dimension_form,first,sharp,K-HKO,D,0.27780374037376115,1.0,0.25473684210526315,1.0,475,121
dimension_form,first,sharp,K-HKO,DC,0.11211904514720752,0.978835725416957,0.06526315789473684,1.0,475,31
dimension_form,first,sharp,K-HKO,DCF,0.2726691155593556,0.7656102424530545,0.21052631578947367,0.8,475,125
dimension_form,first,sharp,K-HKO,DF,0.08528300211317265,0.9919745587781766,0.21473684210526317,0.9902912621359223,475,103
dimension_form,first,sharp,K-HKO,DFC,0.03472901561627381,0.09751339095220467,0.02736842105263158,0.104,475,125
dimension_form,first,sharp,K-HKO,C,0.045616837012808206,1.0,0.07789473684210527,1.0,475,37
dimension_form,first,sharp,K-HKO,CD,0.002424225225814382,0.021164274583043107,0.0,0.0,475,31
dimension_form,first,sharp,K-HKO,CDF,0.03884179112784629,0.10906139135595612,0.016842105263157894,0.064,475,125
dimension_form,first,sharp,K-HKO,CF,0.08393786458673527,0.8586682420100961,0.1031578947368421,0.8909090909090909,475,55
dimension_form,first,sharp,K-HKO,CFD,0.006083071626283204,0.01708026937008996,0.0,0.0,475,125
dimension_form,first,sharp,K-HKO,F,0.022163516391104664,1.0,0.00631578947368421,1.0,475,3
dimension_form,first,sharp,K-HKO,FD,0.000689971042728076,0.008025441221823327,0.002105263157894737,0.009708737864077669,475,103
dimension_form,first,sharp,K-HKO,FDC,0.002568468824641167,0.00721184001911127,0.00631578947368421,0.024,475,125
dimension_form,first,sharp,K-HKO,FC,0.013815680356584441,0.14133175798990372,0.01263157894736842,0.10909090909090909,475,55
dimension_form,first,sharp,K-HKO,FCD,0.0012546549956834968,0.003522865849583454,0.002105263157894737,0.008,475,125
dimension_form,second,blurred,K-HKO,D,0.0010080687554994822,1.0,0.0,,540,0
dimension_form,second,blurred,K-HKO,DC,0.01258152453941778,0.9715782386388124,0.001851851851851852,1.0,540,1
dimension_form,second,blurred,K-HKO,DCF,0.07823693820005015,0.7090330334672187,0.016666666666666666,0.6,540,15
dimension_form,second,blurred,K-HKO,DF,0.058518742826723404,0.9935015691196166,0.0,,540,0
dimension_form,second,blurred,K-HKO,DFC,0.014354752976211662,0.13009192692805832,0.011111111111111112,0.4,540,15
dimension_form,second,blurred,K-HKO,C,0.030169283355389938,1.0,0.04814814814814815,1.0,540,26
dimension_form,second,blurred,K-HKO,CD,0.00036804970901802323,0.028421761361187646,0.0,0.0,540,1
dimension_form,second,blurred,K-HKO,CDF,0.006301571739415741,0.05710886224336392,0.0,0.0,540,15
dimension_form,second,blurred,K-HKO,CF,0.2979804353810505,0.8950039012654656,0.24814814814814815,0.9054054054054054,540,148
dimension_form,second,blurred,K-HKO,CFD,0.009367619666622504,0.08489534408426368,0.0,0.0,540,15
dimension_form,second,blurred,K-HKO,F,0.45369083097116647,1.0,0.6481481481481481,1.0,540,350
dimension_form,second,blurred,K-HKO,FD,0.00038276739291249557,0.006498430880383319,0.0,,540,0
dimension_form,second,blurred,K-HKO,FDC,0.0009967991403397915,0.009033629567985639,0.0,0.0,540,15
dimension_form,second,blurred,K-HKO,FC,0.03495714730404109,0.1049960987345344,0.025925925925925925,0.0945945945945946,540,148
dimension_form,second,blurred,K-HKO,FCD,0.0010854680421409674,0.009837203709109867,0.0,0.0,540,15
dimension_form,second,sharp,K-HKO,D,0.0017347643774563615,1.0,0.0,,476,0
dimension_form,second,sharp,K-HKO,DC,0.01322629678674375,0.9630849528494876,0.0021008403361344537,0.5,476,2
dimension_form,second,sharp,K-HKO,DCF,0.06820599638259278,0.6361744770461296,0.008403361344537815,0.3333333333333333,476,12
dimension_form,second,sharp,K-HKO,DF,0.05616234144298787,0.9900830945788088,0.0,,476,0
dimension_form,second,sharp,K-HKO,DFC,0.016992012032580023,0.15848876846767956,0.01050420168067227,0.4166666666666667,476,12
dimension_form,second,sharp,K-HKO,C,0.03377589544704501,1.0,0.1092436974789916,1.0,476,52
dimension_form,second,sharp,K-HKO,CD,0.000506963968302826,0.03691504715051241,0.0021008403361344537,0.5,476,2
dimension_form,second,sharp,K-HKO,CDF,0.008890152001953072,0.0829206829408113,0.004201680672268907,0.16666666666666666,476,12
dimension_form,second,sharp,K-HKO,CF,0.24392990780553653,0.8624714782761403,0.18907563025210083,0.8571428571428571,476,105
dimension_form,second,sharp,K-HKO,CFD,0.00994462808908733,0.09275604652860123,0.0,0.0,476,12
dimension_form,second,sharp,K-HKO,F,0.5039918451510713,1.0,0.6407563025210085,1.0,476,305
dimension_form,second,sharp,K-HKO,FD,0.0005625352370648122,0.009916905421191119,0.0,,476,0
dimension_form,second,sharp,K-HKO,FDC,0.0015956112461698497,0.014882667271760481,0.0021008403361344537,0.08333333333333333,476,12
dimension_form,second,sharp,K-HKO,FC,0.0388967293060929,0.13752852172385965,0.031512605042016806,0.14285714285714285,476,105
dimension_form,second,sharp,K-HKO,FCD,0.0015843207253155474,0.014777357745017794,0.0,0.0,476,12
color_form,both,blurred,K-UPD-HKO,D,0.002750360900443822,1.0,0.003703703703703704,1.0,540,2
color_form,both,blurred,K-UPD-HKO,DC,0.031578608206097585,0.9799000406773897,0.025925925925925925,1.0,540,14
color_form,both,blurred,K-UPD-HKO,DCF,0.14603994098667716,0.7373208637031029,0.08148148148148149,0.7857142857142857,540,56
color_form,both,blurred,K-UPD-HKO,DF,0.11053822023542081,0.994666356532941,0.022222222222222223,0.9230769230769231,540,13
color_form,both,blurred,K-UPD-HKO,DFC,0.02540843848109934,0.1282811515785287,0.011111111111111112,0.10714285714285714,540,56
color_form,both,blurred,K-UPD-HKO,C,0.06138190724426197,1.0,0.007407407407407408,1.0,540,4
color_form,both,blurred,K-UPD-HKO,CD,0.0006477484580656183,0.02009995932261051,0.0,0.0,540,14
color_form,both,blurred,K-UPD-HKO,CDF,0.012001417923450238,0.0605922994024456,0.007407407407407408,0.07142857142857142,540,56
color_form,both,blurred,K-UPD-HKO,CF,0.41069344259521834,0.8819521786326427,0.7592592592592593,0.9234234234234234,540,444
color_form,both,blurred,K-UPD-HKO,CFD,0.011496091219401275,0.05804102528274697,0.003703703703703704,0.03571428571428571,540,56
color_form,both,blurred,K-UPD-HKO,F,0.12877798120566464,1.0,0.012962962962962963,1.0,540,7
color_form,both,blurred,K-UPD-HKO,FD,0.000592732882083211,0.00533364346705896,0.001851851851851852,0.07692307692307693,540,13
color_form,both,blurred,K-UPD-HKO,FDC,0.0016311436093405652,0.008235255415314767,0.0,0.0,540,56
color_form,both,blurred,K-UPD-HKO,FC,0.05497062915972368,0.11804782136735738,0.06296296296296296,0.07657657657657657,540,444
color_form,both,blurred,K-UPD-HKO,FCD,0.0014913368930517567,0.007529404617860919,0.0,0.0,540,56
color_form,both,sharp,K-UPD-HKO,D,0.003601587714677384,1.0,0.0041928721174004195,1.0,477,2
color_form,both,sharp,K-UPD-HKO,DC,0.02518655954592175,0.9689577210096532,0.014675052410901468,1.0,477,7
color_form,both,sharp,K-UPD-HKO,DCF,0.10100980795099983,0.6445149303807788,0.1090146750524109,0.8125,477,64
color_form,both,sharp,K-UPD-HKO,DF,0.08161018691587613,0.9905277400084352,0.050314465408805034,1.0,477,24
color_form,both,sharp,K-UPD-HKO,DFC,0.023497499947783145,0.14993088146761396,0.023060796645702306,0.171875,477,64
color_form,both,sharp,K-UPD-HKO,C,0.0775050780485861,1.0,0.0020964360587002098,1.0,477,1
color_form,both,sharp,K-UPD-HKO,CD,0.0008068961021506681,0.03104227899034673,0.0,0.0,477,7
color_form,both,sharp,K-UPD-HKO,CDF,0.013398762620555135,0.08549370336160703,0.0020964360587002098,0.015625,477,64
color_form,both,sharp,K-UPD-HKO,CF,0.42168430034593857,0.8559249674153092,0.7253668763102725,0.9177718832891246,477,377
color_form,both,sharp,K-UPD-HKO,CFD,0.01448858634327646,0.09244755937841874,0.0,0.0,477,64
color_form,both,sharp,K-UPD-HKO,F,0.16112201996057496,1.0,0.0041928721174004195,1.0,477,2
color_form,both,sharp,K-UPD-HKO,FD,0.0007804252997708041,0.00947225999156482,0.0,0.0,477,24
color_form,both,sharp,K-UPD-HKO,FDC,0.002172694490509955,0.01386334720059097,0.0,0.0,477,64
color_form,both,sharp,K-UPD-HKO,FC,0.07098073035099897,0.14407503258469082,0.0649895178197065,0.08222811671087533,477,377
color_form,both,sharp,K-UPD-HKO,FCD,0.002154864362380038,0.013749578210990392,0.0,0.0,477,64
color_form,first,blurred,K-UPD-HKO,D,0.0025538032139275284,1.0,0.005555555555555556,1.0,540,3
color_form,first,blurred,K-UPD-HKO,DC,0.079924053816213,0.9751572017109225,0.016666666666666666,1.0,540,9
color_form,first,blurred,K-UPD-HKO,DCF,0.028349300882493808,0.7149484203617593,0.05185185185185185,0.7368421052631579,540,38
color_form,first,blurred,K-UPD-HKO,DF,0.004307598566506413,0.9525559077713551,0.007407407407407408,1.0,540,4
color_form,first,blurred,K-UPD-HKO,DFC,0.002612601837759365,0.06588788784183856,0.009259259259259259,0.13157894736842105,540,38
color_form,first,blurred,K-UPD-HKO,C,0.7897826204425986,1.0,0.6314814814814815,1.0,540,341
color_form,first,blurred,K-UPD-HKO,CD,0.0020361200675315908,0.024842798289077577,0.0,0.0,540,9
color_form,first,blurred,K-UPD-HKO,CDF,0.005342108327826508,0.1347240246315727,0.007407407407407408,0.10526315789473684,540,38
color_form,first,blurred,K-UPD-HKO,CF,0.07347706298205284,0.9472374347269498,0.2518518518518518,0.9379310344827586,540,145
color_form,first,blurred,K-UPD-HKO,CFD,0.002701058601460252,0.0681187020598116,0.0,0.0,540,38
color_form,first,blurred,K-UPD-HKO,F,0.003959175244621817,1.0,0.0,,540,0
color_form,first,blurred,K-UPD-HKO,FD,0.0002145491954918037,0.04744409222864494,0.0,0.0,540,4
color_form,first,blurred,K-UPD-HKO,FDC,0.00034346375601026455,0.008661902133984978,0.001851851851851852,0.02631578947368421,540,38
color_form,first,blurred,K-UPD-HKO,FC,0.004092784120995096,0.05276256527305028,0.016666666666666666,0.06206896551724138,540,145
color_form,first,blurred,K-UPD-HKO,FCD,0.0003036989445111485,0.007659062971032921,0.0,0.0,540,38
color_form,first,sharp,K-UPD-HKO,D,0.0031917176364329603,1.0,0.008385744234800839,1.0,477,4
color_form,first,sharp,K-UPD-HKO,DC,0.0592187713741417,0.9577876039777874,0.010482180293501049,1.0,477,5
color_form,first,sharp,K-UPD-HKO,DCF,0.015857809928489588,0.5791777185075111,0.031446540880503145,0.5769230769230769,477,26
color_form,first,sharp,K-UPD-HKO,DF,0.003137214053267691,0.9343994672130929,0.010482180293501049,1.0,477,5
color_form,first,sharp,K-UPD-HKO,DFC,0.0025208193302092034,0.09206834960338435,0.008385744234800839,0.15384615384615385,477,26
color_form,first,sharp,K-UPD-HKO,C,0.8319185274165188,1.0,0.6918238993710691,1.0,477,330
color_form,first,sharp,K-UPD-HKO,CD,0.0026099379641293724,0.04221239602221259,0.0,0.0,477,5
color_form,first,sharp,K-UPD-HKO,CDF,0.005059026663709272,0.18477176445984073,0.014675052410901468,0.2692307692307692,477,26
color_form,first,sharp,K-UPD-HKO,CF,0.06298895753360192,0.9255639141498686,0.20335429769392033,0.9065420560747663,477,107
color_form,first,sharp,K-UPD-HKO,CFD,0.003202613372548132,0.11696963923382989,0.0,0.0,477,26
color_form,first,sharp,K-UPD-HKO,F,0.004269029592045646,1.0,0.0,,477,0
color_form,first,sharp,K-UPD-HKO,FD,0.00022025153115161073,0.06560053278690713,0.0,0.0,477,5
color_form,first,sharp,K-UPD-HKO,FDC,0.00038658575297427554,0.014119342798585,0.0,0.0,477,26
color_form,first,sharp,K-UPD-HKO,FC,0.005065724126559118,0.07443608585013152,0.020964360587002098,0.09345794392523364,477,107
color_form,first,sharp,K-UPD-HKO,FCD,0.0003530137242207347,0.012893185396848736,0.0,0.0,477,26
color_form,second,blurred,K-UPD-HKO,D,0.0010851662087082061,1.0,0.0,,540,0
color_form,second,blurred,K-UPD-HKO,DC,0.006392729172122285,0.9624805069222255,0.0,,540,0
color_form,second,blurred,K-UPD-HKO,DCF,0.049068653745895204,0.6334858145608062,0.04259259259259259,0.7931034482758621,540,29
color_form,second,blurred,K-UPD-HKO,DF,0.12974854222900736,0.9947015270435325,0.016666666666666666,0.9,540,10
color_form,second,blurred,K-UPD-HKO,DFC,0.020365655869473337,0.2629245579947796,0.009259259259259259,0.1724137931034483,540,29
color_form,second,blurred,K-UPD-HKO,C,0.008191443247624053,1.0,0.001851851851851852,1.0,540,1
color_form,second,blurred,K-UPD-HKO,CD,0.0002492018863722413,0.037519493077774566,0.0,,540,0
color_form,second,blurred,K-UPD-HKO,CDF,0.002084254752398186,0.026908132153221114,0.0,0.0,540,29
color_form,second,blurred,K-UPD-HKO,CF,0.10560690798978349,0.7769797728453851,0.21481481481481482,0.8467153284671532,540,137
color_form,second,blurred,K-UPD-HKO,CFD,0.0032405052236347993,0.04183554946939144,0.001851851851851852,0.034482758620689655,540,29
color_form,second,blurred,K-UPD-HKO,F,0.6402638484741596,1.0,0.6722222222222223,1.0,540,363
color_form,second,blurred,K-UPD-HKO,FD,0.0006911310814861206,0.005298472956467618,0.001851851851851852,0.1,540,10
color_form,second,blurred,K-UPD-HKO,FDC,0.0014162113462461577,0.018283562514532073,0.0,0.0,540,29
color_form,second,blurred,K-UPD-HKO,FC,0.030312856823448937,0.22302022715461495,0.03888888888888889,0.15328467153284672,540,137
color_form,second,blurred,K-UPD-HKO,FCD,0.0012828919496400118,0.01656238330726954,0.0,0.0,540,29
color_form,second,sharp,K-UPD-HKO,D,0.0018790377233064812,1.0,0.0,,477,0
color_form,second,sharp,K-UPD-HKO,DC,0.006634617171569754,0.9582644995811478,0.0,,477,0
color_form,second,sharp,K-UPD-HKO,DCF,0.04329576225669736,0.5724668495703708,0.020964360587002098,0.5555555555555556,477,18
color_form,second,sharp,K-UPD-HKO,DF,0.12336512613422444,0.991068643453367,0.033542976939203356,1.0,477,16
color_form,second,sharp,K-UPD-HKO,DFC,0.02164156341856511,0.2861498905262236,0.006289308176100629,0.16666666666666666,477,18
color_form,second,sharp,K-UPD-HKO,C,0.008413744118796562,1.0,0.0,,477,0
color_form,second,sharp,K-UPD-HKO,CD,0.0002889589125591145,0.04173550041885206,0.0,,477,0
color_form,second,sharp,K-UPD-HKO,CDF,0.003051597127785884,0.04034894185588212,0.0041928721174004195,0.1111111111111111,477,18
color_form,second,sharp,K-UPD-HKO,CF,0.09075398127979675,0.7379318781882483,0.16771488469601678,0.8791208791208791,477,91
color_form,second,sharp,K-UPD-HKO,CFD,0.0038192210672195973,0.0504986478630662,0.0,0.0,477,18
color_form,second,sharp,K-UPD-HKO,F,0.6596923771168093,1.0,0.7379454926624738,1.0,477,352
color_form,second,sharp,K-UPD-HKO,FD,0.0011117473387977008,0.008931356546633134,0.0,0.0,477,16
color_form,second,sharp,K-UPD-HKO,FDC,0.002177920075709316,0.02879697640996058,0.006289308176100629,0.16666666666666666,477,18
color_form,second,sharp,K-UPD-HKO,FC,0.03223024526237898,0.2620681218117517,0.023060796645702306,0.12087912087912088,477,91
color_form,second,sharp,K-UPD-HKO,FCD,0.0016441009957835994,0.02173869377449648,0.0,0.0,477,18
dimension_color,both,blurred,K-UPD-HKO,D,0.00356358832323138,1.0,0.0,,539,0
dimension_color,both,blurred,K-UPD-HKO,DC,0.040318672781257364,0.9826323711188719,0.06679035250463822,0.9230769230769231,539,39
dimension_color,both,blurred,K-UPD-HKO,DCF,0.19370025832081444,0.7429786225739423,0.313543599257885,0.7788018433179723,539,217
dimension_color,both,blurred,K-UPD-HKO,DF,0.19152265593252096,0.9956683213053357,0.08163265306122448,0.9777777777777777,539,45
dimension_color,both,blurred,K-UPD-HKO,DFC,0.039239151970537005,0.15051013010913675,0.029684601113172542,0.07373271889400922,539,217
dimension_color,both,blurred,K-UPD-HKO,C,0.04041170912888142,1.0,0.00927643784786642,1.0,539,5
dimension_color,both,blurred,K-UPD-HKO,CD,0.0007126161995326822,0.017367628881128094,0.0055658627087198514,0.07692307692307693,539,39
dimension_color,both,blurred,K-UPD-HKO,CDF,0.013953129499631855,0.05352020191455947,0.05194805194805195,0.12903225806451613,539,217
dimension_color,both,blurred,K-UPD-HKO,CF,0.2888309620529828,0.8567217559313886,0.2764378478664193,0.8816568047337278,539,169
dimension_color,both,blurred,K-UPD-HKO,CFD,0.009732370563804119,0.037330581479649745,0.0037105751391465678,0.009216589861751152,539,217
dimension_color,both,blurred,K-UPD-HKO,F,0.12479473460899378,1.0,0.11873840445269017,1.0,539,64
dimension_color,both,blurred,K-UPD-HKO,FD,0.0008332238663180656,0.004331678694664443,0.0018552875695732839,0.022222222222222223,539,45
dimension_color,both,blurred,K-UPD-HKO,FDC,0.002278299363010627,0.008738902762520635,0.0037105751391465678,0.009216589861751152,539,217
dimension_color,both,blurred,K-UPD-HKO,FC,0.048304123000365774,0.14327824406861153,0.03710575139146568,0.11834319526627218,539,169
dimension_color,both,blurred,K-UPD-HKO,FCD,0.0018045043881177514,0.006921561160191252,0.0,0.0,539,217
dimension_color,both,sharp,K-UPD-HKO,D,0.007020074650940609,1.0,0.0,,476,0
dimension_color,both,sharp,K-UPD-HKO,DC,0.04725747348403492,0.9782534117731005,0.19747899159663865,0.9591836734693877,476,98
dimension_color,both,sharp,K-UPD-HKO,DCF,0.19321871325666312,0.6929873337404514,0.30462184873949577,0.8192090395480226,476,177
dimension_color,both,sharp,K-UPD-HKO,DF,0.20963454171388207,0.9933149929328744,0.11134453781512606,1.0,476,53
dimension_color,both,sharp,K-UPD-HKO,DFC,0.048998336368289805,0.17573466826929096,0.031512605042016806,0.0847457627118644,476,177
dimension_color,both,sharp,K-UPD-HKO,C,0.04172201564106643,1.0,0.0,,476,0
dimension_color,both,sharp,K-UPD-HKO,CD,0.0010505343545270367,0.02174658822689943,0.008403361344537815,0.04081632653061224,476,98
dimension_color,both,sharp,K-UPD-HKO,CDF,0.019151695409679387,0.06868839003669994,0.029411764705882353,0.07909604519774012,476,177
dimension_color,both,sharp,K-UPD-HKO,CF,0.23016084122466332,0.8214506479857429,0.20378151260504201,0.8981481481481481,476,108
dimension_color,both,sharp,K-UPD-HKO,CFD,0.011207588843517571,0.04019650570807554,0.004201680672268907,0.011299435028248588,476,177
dimension_color,both,sharp,K-UPD-HKO,F,0.13289626570932897,1.0,0.08403361344537816,1.0,476,40
dimension_color,both,sharp,K-UPD-HKO,FD,0.001410839867354783,0.006685007067125579,0.0,0.0,476,53
dimension_color,both,sharp,K-UPD-HKO,FDC,0.0037583372545714404,0.01347944031633828,0.0,0.0,476,177
dimension_color,both,sharp,K-UPD-HKO,FC,0.05002743519709681,0.17854935201425706,0.023109243697478993,0.10185185185185185,476,108
dimension_color,both,sharp,K-UPD-HKO,FCD,0.002485307024383676,0.008913661929143737,0.0021008403361344537,0.005649717514124294,476,177
dimension_color,first,blurred,K-UPD-HKO,D,0.03032739252184546,1.0,0.058823529411764705,1.0,527,31
dimension_color,first,blurred,K-UPD-HKO,DC,0.03139391526023648,0.9845047785510661,0.04364326375711575,0.9583333333333334,527,24
dimension_color,first,blurred,K-UPD-HKO,DCF,0.1729332774100794,0.6897569410435216,0.3055028462998102,0.7892156862745098,527,204
dimension_color,first,blurred,K-UPD-HKO,DF,0.4378110270572299,0.9954070256535336,0.3510436432637571,0.9788359788359788,527,189
dimension_color,first,blurred,K-UPD-HKO,DFC,0.06070326757259916,0.2421193929779878,0.03415559772296015,0.08823529411764706,527,204
dimension_color,first,blurred,K-UPD-HKO,C,0.013118536597075637,1.0,0.0056925996204933585,1.0,527,3
dimension_color,first,blurred,K-UPD-HKO,CD,0.0004941120446590047,0.015495221448933845,0.0018975332068311196,0.041666666666666664,527,24
dimension_color,first,blurred,K-UPD-HKO,CDF,0.007731695338668059,0.03083842858788786,0.03984819734345351,0.10294117647058823,527,204
dimension_color,first,blurred,K-UPD-HKO,CF,0.09718902831265692,0.7759469183455081,0.08918406072106262,0.8392857142857143,527,56
dimension_color,first,blurred,K-UPD-HKO,CFD,0.004088983630550169,0.016309208286715386,0.0,0.0,527,204
dimension_color,first,blurred,K-UPD-HKO,F,0.10886646690097182,1.0,0.03795066413662239,1.0,527,20
dimension_color,first,blurred,K-UPD-HKO,FD,0.0020201332360034346,0.004592974346466543,0.007590132827324478,0.021164021164021163,527,189
dimension_color,first,blurred,K-UPD-HKO,FDC,0.00366902276542614,0.01463416386481942,0.003795066413662239,0.00980392156862745,527,204
dimension_color,first,blurred,K-UPD-HKO,FC,0.02806313264686541,0.2240530816544918,0.017077798861480076,0.16071428571428573,527,56
dimension_color,first,blurred,K-UPD-HKO,FCD,0.001590008705132945,0.006341865239067912,0.003795066413662239,0.00980392156862745,527,204
dimension_color,first,sharp,K-UPD-HKO,D,0.26261708098452335,1.0,0.27157894736842103,1.0,475,129
dimension_color,first,sharp,K-UPD-HKO,DC,0.03204573425332096,0.9820778258750398,0.04421052631578947,1.0,475,21
dimension_color,first,sharp,K-UPD-HKO,DCF,0.1457858182329637,0.6578321973236122,0.1936842105263158,0.8141592920353983,475,113
dimension_color,first,sharp,K-UPD-HKO,DF,0.34587758164430205,0.9929494665146013,0.23157894736842105,0.990990990990991,475,111
dimension_color,first,sharp,K-UPD-HKO,DFC,0.057805339391806196,0.26083616287274025,0.023157894736842106,0.09734513274336283,475,113
dimension_color,first,sharp,K-UPD-HKO,C,0.008051533933418382,1.0,0.0,,475,0
dimension_color,first,sharp,K-UPD-HKO,CD,0.0005848103013001926,0.017922174124960215,0.0,0.0,475,21
dimension_color,first,sharp,K-UPD-HKO,CDF,0.008630610122117664,0.038944070758676376,0.018947368421052633,0.07964601769911504,475,113
dimension_color,first,sharp,K-UPD-HKO,CF,0.043529926387331795,0.7336899118017516,0.09894736842105263,0.9038461538461539,475,52
dimension_color,first,sharp,K-UPD-HKO,CFD,0.0033950707911955414,0.015319644295389942,0.002105263157894737,0.008849557522123894,475,113
dimension_color,first,sharp,K-UPD-HKO,F,0.06742166960484305,1.0,0.1031578947368421,1.0,475,49
dimension_color,first,sharp,K-UPD-HKO,FD,0.0024559371382632447,0.007050533485398732,0.002105263157894737,0.009009009009009009,475,111
dimension_color,first,sharp,K-UPD-HKO,FDC,0.004484952100955428,0.02023753703359574,0.0,0.0,475,113
dimension_color,first,sharp,K-UPD-HKO,FC,0.015800215253069957,0.2663100881982483,0.010526315789473684,0.09615384615384616,475,52
dimension_color,first,sharp,K-UPD-HKO,FCD,0.0015137198605885134,0.006830387715985524,0.0,0.0,475,113
dimension_color,second,blurred,K-UPD-HKO,D,0.0027509727224227344,1.0,0.0,,540,0
dimension_color,second,blurred,K-UPD-HKO,DC,0.058031685965777055,0.9811289379605753,0.0,,540,0
dimension_color,second,blurred,K-UPD-HKO,DCF,0.02956011245387747,0.7114494618649966,0.027777777777777776,0.5769230769230769,540,26
dimension_color,second,blurred,K-UPD-HKO,DF,0.012947398518868475,0.9816655560978812,0.0,,540,0
dimension_color,second,blurred,K-UPD-HKO,DFC,0.00461418158463621,0.11105360341436055,0.014814814814814815,0.3076923076923077,540,26
dimension_color,second,blurred,K-UPD-HKO,C,0.7514265613324683,1.0,0.6148148148148148,1.0,540,332
dimension_color,second,blurred,K-UPD-HKO,CD,0.0011161831067677595,0.018871062039424645,0.0,,540,0
dimension_color,second,blurred,K-UPD-HKO,CDF,0.002922263098941094,0.07033269959353168,0.005555555555555556,0.11538461538461539,540,26
dimension_color,second,blurred,K-UPD-HKO,CF,0.10640483900418415,0.9106852590703812,0.27037037037037037,0.9299363057324841,540,157
dimension_color,second,blurred,K-UPD-HKO,CFD,0.0035385049633110885,0.08516433947544307,0.0,0.0,540,26
dimension_color,second,blurred,K-UPD-HKO,F,0.015095832654837495,1.0,0.046296296296296294,1.0,540,25
dimension_color,second,blurred,K-UPD-HKO,FD,0.00024181693077443675,0.018334443902118813,0.0,,540,0
dimension_color,second,blurred,K-UPD-HKO,FDC,0.00045811735053910704,0.0110259168675562,0.0,0.0,540,26
dimension_color,second,blurred,K-UPD-HKO,FC,0.010435570944694559,0.08931474092961882,0.020370370370370372,0.07006369426751592,540,157
dimension_color,second,blurred,K-UPD-HKO,FCD,0.00045595936790007583,0.010973978784111887,0.0,0.0,540,26
dimension_color,second,sharp,K-UPD-HKO,D,0.004677979215481541,1.0,0.0,,477,0
dimension_color,second,sharp,K-UPD-HKO,DC,0.05840258707872436,0.9668208168865344,0.0020964360587002098,1.0,477,1
dimension_color,second,sharp,K-UPD-HKO,DCF,0.024328168797773313,0.6266114516723216,0.0020964360587002098,0.16666666666666666,477,6
dimension_color,second,sharp,K-UPD-HKO,DF,0.011306544283882565,0.9758680338445254,0.0,,477,0
dimension_color,second,sharp,K-UPD-HKO,DFC,0.005228674026648659,0.13467298132441247,0.006289308176100629,0.5,477,6
dimension_color,second,sharp,K-UPD-HKO,C,0.777612879211526,1.0,0.7148846960167715,1.0,477,341
dimension_color,second,sharp,K-UPD-HKO,CD,0.0020042494918813074,0.03317918311346545,0.0,0.0,477,1
dimension_color,second,sharp,K-UPD-HKO,CDF,0.004237400537191468,0.10914112459502683,0.0041928721174004195,0.3333333333333333,477,6
dimension_color,second,sharp,K-UPD-HKO,CF,0.08101708430524923,0.8803296256482952,0.22851153039832284,0.9159663865546218,477,119
dimension_color,second,sharp,K-UPD-HKO,CFD,0.0038206847530574896,0.09840793359320915,0.0,0.0,477,6
dimension_color,second,sharp,K-UPD-HKO,F,0.014860801300783646,1.0,0.020964360587002098,1.0,477,10
dimension_color,second,sharp,K-UPD-HKO,FD,0.00027959635373967016,0.024131966155474728,0.0,,477,0
dimension_color,second,sharp,K-UPD-HKO,FDC,0.0006199924848633379,0.015968912177298927,0.0,0.0,477,6
dimension_color,second,sharp,K-UPD-HKO,FC,0.011013311974537877,0.11967037435170495,0.020964360587002098,0.08403361344537816,477,119
dimension_color,second,sharp,K-UPD-HKO,FCD,0.000590046184659479,0.015197596637730956,0.0,0.0,477,6
dimension_form,both,blurred,K-UPD-HKO,D,0.0031535067835851104,1.0,0.003766478342749529,1.0,531,2
dimension_form,both,blurred,K-UPD-HKO,DC,0.05225482700758197,0.9804119692073501,0.01694915254237288,0.9,531,10
dimension_form,both,blurred,K-UPD-HKO,DCF,0.19686629814483442,0.7466518264495328,0.2900188323917137,0.7777777777777778,531,198
dimension_form,both,blurred,K-UPD-HKO,DF,0.09901026379588743,0.9949752456336254,0.4067796610169492,0.9953917050691244,531,217
dimension_form,both,blurred,K-UPD-HKO,DFC,0.029263752700877017,0.11098819152276823,0.03389830508474576,0.09090909090909091,531,198
dimension_form,both,blurred,K-UPD-HKO,C,0.06971970905193578,1.0,0.011299435028248588,1.0,531,6
dimension_form,both,blurred,K-UPD-HKO,CD,0.001044019445536399,0.019588030792649855,0.0018832391713747645,0.1,531,10
dimension_form,both,blurred,K-UPD-HKO,CDF,0.022042203202920232,0.0835991301483411,0.04143126177024482,0.1111111111111111,531,198
dimension_form,both,blurred,K-UPD-HKO,CF,0.3932921077197078,0.9029910080167907,0.15065913370998116,0.898876404494382,531,89
dimension_form,both,blurred,K-UPD-HKO,CFD,0.01251764467429252,0.047475481313874725,0.005649717514124294,0.015151515151515152,531,198
dimension_form,both,blurred,K-UPD-HKO,F,0.07510842825989038,1.0,0.01694915254237288,1.0,531,9
dimension_form,both,blurred,K-UPD-HKO,FD,0.0005000147064035413,0.005024754366374622,0.0018832391713747645,0.004608294930875576,531,217
dimension_form,both,blurred,K-UPD-HKO,FDC,0.0016929140205931184,0.006420689358256419,0.0,0.0,531,198
dimension_form,both,blurred,K-UPD-HKO,FC,0.042251662072067035,0.09700899198320928,0.01694915254237288,0.10112359550561797,531,89
dimension_form,both,blurred,K-UPD-HKO,FCD,0.0012826484138872092,0.0048646812072267835,0.0018832391713747645,0.005050505050505051,531,198
dimension_form,both,sharp,K-UPD-HKO,D,0.007068201655612,1.0,0.0020964360587002098,1.0,477,1
dimension_form,both,sharp,K-UPD-HKO,DC,0.06374556530829606,0.9755533978530158,0.05870020964360587,1.0,477,28
dimension_form,both,sharp,K-UPD-HKO,DCF,0.19816154536068958,0.6920027489771629,0.22012578616352202,0.7720588235294118,477,136
dimension_form,both,sharp,K-UPD-HKO,DF,0.135634553090012,0.9933425623667583,0.29559748427672955,0.9929577464788732,477,142
dimension_form,both,sharp,K-UPD-HKO,DFC,0.04085929525303424,0.14268532567660452,0.018867924528301886,0.0661764705882353,477,136
dimension_form,both,sharp,K-UPD-HKO,C,0.07181321327961582,1.0,0.10272536687631027,1.0,477,49
dimension_form,both,sharp,K-UPD-HKO,CD,0.0015974138136939837,0.024446602146984173,0.0,0.0,477,28
dimension_form,both,sharp,K-UPD-HKO,CDF,0.028366912037325512,0.09906049669774493,0.03563941299790356,0.125,477,136
dimension_form,both,sharp,K-UPD-HKO,CF,0.2999277874723442,0.869160513425051,0.22012578616352202,0.9051724137931034,477,116
dimension_form,both,sharp,K-UPD-HKO,CFD,0.013998568355892638,0.048884599513948385,0.0041928721174004195,0.014705882352941176,477,136
dimension_form,both,sharp,K-UPD-HKO,F,0.08779498735639776,1.0,0.010482180293501049,1.0,477,5
dimension_form,both,sharp,K-UPD-HKO,FD,0.0009090303912457864,0.006657437633241561,0.0020964360587002098,0.007042253521126761,477,142
dimension_form,both,sharp,K-UPD-HKO,FDC,0.00300005300309463,0.010476527731149361,0.0020964360587002098,0.007352941176470588,477,136
dimension_form,both,sharp,K-UPD-HKO,FC,0.04514977051569187,0.13083948657494912,0.023060796645702306,0.09482758620689655,477,116
dimension_form,both,sharp,K-UPD-HKO,FCD,0.0019731031070539017,0.006890301403389952,0.0041928721174004195,0.014705882352941176,477,136
dimension_form,first,blurred,K-UPD-HKO,D,0.03217085506838758,1.0,0.07364341085271318,1.0,516,38
dimension_form,first,blurred,K-UPD-HKO,DC,0.11220134065533921,0.9829726458467927,0.05813953488372093,0.967741935483871,516,31
dimension_form,first,blurred,K-UPD-HKO,DCF,0.3362842273437536,0.7954191683509529,0.27906976744186046,0.8323699421965318,516,173
dimension_form,first,blurred,K-UPD-HKO,DF,0.09986006786251243,0.9946043105069966,0.19767441860465115,1.0,516,102
dimension_form,first,blurred,K-UPD-HKO,DFC,0.036065396933782044,0.0853061360085486,0.029069767441860465,0.08670520231213873,516,173
dimension_form,first,blurred,K-UPD-HKO,C,0.06376043847811178,1.0,0.13953488372093023,1.0,516,72
dimension_form,first,blurred,K-UPD-HKO,CD,0.001943586092527837,0.0170273541532073,0.001937984496124031,0.03225806451612903,516,31
dimension_form,first,blurred,K-UPD-HKO,CDF,0.03897022315944424,0.09217697404597576,0.025193798449612403,0.07514450867052024,516,173
dimension_form,first,blurred,K-UPD-HKO,CF,0.2095724063862791,0.9011725316664346,0.16666666666666666,0.8865979381443299,516,97
dimension_form,first,blurred,K-UPD-HKO,CFD,0.008283989584508229,0.01959427047169206,0.001937984496124031,0.005780346820809248,516,173
dimension_form,first,blurred,K-UPD-HKO,F,0.034190604609295905,1.0,0.005813953488372093,1.0,516,3
dimension_form,first,blurred,K-UPD-HKO,FD,0.0005417369633776309,0.005395689493003379,0.0,0.0,516,102
dimension_form,first,blurred,K-UPD-HKO,FDC,0.0020420535423081782,0.004830106196715918,0.0,0.0,516,173
dimension_form,first,blurred,K-UPD-HKO,FC,0.022982846933238932,0.09882746833356533,0.02131782945736434,0.1134020618556701,516,97
dimension_form,first,blurred,K-UPD-HKO,FCD,0.0011302263871332979,0.0026733449261148313,0.0,0.0,516,173
dimension_form,first,sharp,K-UPD-HKO,D,0.26045287760023517,1.0,0.25473684210526315,1.0,475,121
dimension_form,first,sharp,K-UPD-HKO,DC,0.12131962765288266,0.9811044649970078,0.06526315789473684,1.0,475,31
dimension_form,first,sharp,K-UPD-HKO,DCF,0.3118454918106141,0.795077928236867,0.21052631578947367,0.8,475,125
dimension_form,first,sharp,K-UPD-HKO,DF,0.07081984759177518,0.9901310259771715,0.21473684210526317,0.9902912621359223,475,103
dimension_form,first,sharp,K-UPD-HKO,DFC,0.034855156491110324,0.08886633393486354,0.02736842105263158,0.104,475,125
dimension_form,first,sharp,K-UPD-HKO,C,0.03865736658688486,1.0,0.07789473684210527,1.0,475,37
dimension_form,first,sharp,K-UPD-HKO,CD,0.0023365496261114386,0.018895535002992174,0.0,0.0,475,31
dimension_form,first,sharp,K-UPD-HKO,CDF,0.03575376963276027,0.0911574283829544,0.016842105263157894,0.064,475,125
dimension_form,first,sharp,K-UPD-HKO,CF,0.0799321937797335,0.856016747970505,0.1031578947368421,0.8909090909090909,475,55
dimension_form,first,sharp,K-UPD-HKO,CFD,0.00582204567021446,0.014843825327402027,0.0,0.0,475,125
dimension_form,first,sharp,K-UPD-HKO,F,0.02011090753903395,1.0,0.00631578947368421,1.0,475,3
dimension_form,first,sharp,K-UPD-HKO,FD,0.0007058856028616429,0.009868974022828643,0.002105263157894737,0.009708737864077669,475,103
dimension_form,first,sharp,K-UPD-HKO,FDC,0.002723572521351822,0.006943991350031639,0.00631578947368421,0.024,475,125
dimension_form,first,sharp,K-UPD-HKO,FC,0.013444710316175196,0.14398325202949486,0.01263157894736842,0.10909090909090909,475,55
dimension_form,first,sharp,K-UPD-HKO,FCD,0.0012199975782554466,0.0031104927678814063,0.002105263157894737,0.008,475,125
dimension_form,second,blurred,K-UPD-HKO,D,0.001041074571803784,1.0,0.0,,540,0
dimension_form,second,blurred,K-UPD-HKO,DC,0.012958091818932043,0.9715629427252865,0.001851851851851852,1.0,540,1
dimension_form,second,blurred,K-UPD-HKO,DCF,0.07683728044324235,0.7071775295863301,0.016666666666666666,0.6,540,15
dimension_form,second,blurred,K-UPD-HKO,DF,0.05994720718856723,0.9934171264390219,0.0,,540,0
dimension_form,second,blurred,K-UPD-HKO,DFC,0.014384015455086444,0.13238433812833142,0.011111111111111112,0.4,540,15
dimension_form,second,blurred,K-UPD-HKO,C,0.029524857199759745,1.0,0.04814814814814815,1.0,540,26
dimension_form,second,blurred,K-UPD-HKO,CD,0.00037927547770845715,0.02843705727471354,0.0,0.0,540,1
dimension_form,second,blurred,K-UPD-HKO,CDF,0.006240741551296012,0.05743712124601118,0.0,0.0,540,15
dimension_form,second,blurred,K-UPD-HKO,CF,0.2937949278716882,0.891706534699407,0.24814814814814815,0.9054054054054054,540,148
dimension_form,second,blurred,K-UPD-HKO,CFD,0.00909582864118064,0.08371412406718541,0.0,0.0,540,15
dimension_form,second,blurred,K-UPD-HKO,F,0.4576238936066941,1.0,0.6481481481481481,1.0,540,350
dimension_form,second,blurred,K-UPD-HKO,FD,0.0003972398650611729,0.006582873560978096,0.0,,540,0
dimension_form,second,blurred,K-UPD-HKO,FDC,0.0010096320226683588,0.00929222215392259,0.0,0.0,540,15
dimension_form,second,blurred,K-UPD-HKO,FC,0.0356799794426628,0.10829346530059313,0.025925925925925925,0.0945945945945946,540,148
dimension_form,second,blurred,K-UPD-HKO,FCD,0.0010859548436486087,0.009994664818219406,0.0,0.0,540,15
dimension_form,second,sharp,K-UPD-HKO,D,0.0017709889125925738,1.0,0.0,,476,0
dimension_form,second,sharp,K-UPD-HKO,DC,0.013531818092008558,0.9626205639147503,0.0021008403361344537,0.5,476,2
dimension_form,second,sharp,K-UPD-HKO,DCF,0.06736601806489084,0.6352862991148086,0.008403361344537815,0.3333333333333333,476,12
dimension_form,second,sharp,K-UPD-HKO,DF,0.057621712343598454,0.989774382180329,0.0,,476,0
dimension_form,second,sharp,K-UPD-HKO,DFC,0.017182459187237032,0.16203690258546,0.01050420168067227,0.4166666666666667,476,12
dimension_form,second,sharp,K-UPD-HKO,C,0.03263972999418106,1.0,0.1092436974789916,1.0,476,52
dimension_form,second,sharp,K-UPD-HKO,CD,0.0005254528611257201,0.03737943608524972,0.0021008403361344537,0.5,476,2
dimension_form,second,sharp,K-UPD-HKO,CDF,0.00869709925651883,0.08201684110801769,0.004201680672268907,0.16666666666666666,476,12
dimension_form,second,sharp,K-UPD-HKO,CF,0.23968365002140252,0.8566567893973545,0.18907563025210083,0.8571428571428571,476,105
dimension_form,second,sharp,K-UPD-HKO,CFD,0.009580787199421143,0.09035034305670078,0.0,0.0,476,12
dimension_form,second,sharp,K-UPD-HKO,F,0.5074849974485792,1.0,0.6407563025210085,1.0,476,305
dimension_form,second,sharp,K-UPD-HKO,FD,0.0005953049696464103,0.010225617819670975,0.0,,476,0
dimension_form,second,sharp,K-UPD-HKO,FDC,0.0016376344340490125,0.015443494343213664,0.0021008403361344537,0.08333333333333333,476,12
dimension_form,second,sharp,K-UPD-HKO,FC,0.040105937813436764,0.14334321060264554,0.031512605042016806,0.14285714285714285,476,105
dimension_form,second,sharp,K-UPD-HKO,FCD,0.0015764094013118455,0.014866119791799456,0.0,0.0,476,12
