combination,relevant_property,sharpness,response,n,observed_percent,fixed_predicted_percent,updating_predicted_percent,fixed_residual_pp,updating_residual_pp,fixed_absolute_error_advantage_pp
color_form,both,blurred,C,540,0.7407407407407408,6.237658144618574,6.138190724426197,-5.496917403877832,-5.397449983685457,-0.09946742019237564
color_form,both,blurred,CD,540,0.0,0.06194710044856733,0.06477484580656183,-0.06194710044856733,-0.06477484580656183,0.0028277453579945034
color_form,both,blurred,CDF,540,0.7407407407407408,1.2097877052982753,1.200141792345024,-0.4690469645575346,-0.4594010516042831,-0.009645912953251505
color_form,both,blurred,CF,540,75.92592592592592,41.08946525733819,41.069344259521834,34.83646066858774,34.8565816664041,0.020120997816353015
color_form,both,blurred,CFD,540,0.3703703703703704,1.1613642199674534,1.1496091219401274,-0.7909938495970831,-0.7792387515697571,-0.011755098027325939
color_form,both,blurred,D,540,0.3703703703703704,0.2660657582418514,0.2750360900443822,0.10430461212851899,0.0953342803259882,-0.008970331802530792
color_form,both,blurred,DC,540,2.5925925925925926,3.0851679376068373,3.1578608206097583,-0.49257534501424455,-0.5652682280171659,0.07269288300292137
color_form,both,blurred,DCF,540,8.148148148148149,14.873401136217337,14.603994098667716,-6.7252529880691885,-6.455845950519567,-0.26940703754962103
color_form,both,blurred,DF,540,2.2222222222222223,10.81583657139829,11.053822023542082,-8.593614349176066,-8.831599801319859,0.23798545214379213
color_form,both,blurred,DFC,540,1.1111111111111112,2.532515326733231,2.540843848109934,-1.42140421562212,-1.4297327369988229,0.00832852137670273
color_form,both,blurred,F,540,1.2962962962962963,12.998027632871839,12.877798120566464,-11.701731336575543,-11.581501824270166,-0.12022951230537537
color_form,both,blurred,FC,540,6.296296296296296,5.3058922577841425,5.497062915972368,0.9904040385121535,0.7992333803239278,-0.19117065818822568
color_form,both,blurred,FCD,540,0.0,0.14720850239541738,0.14913368930517568,-0.14720850239541738,-0.14913368930517568,0.0019251869097582823
color_form,both,blurred,FD,540,0.1851851851851852,0.05605659322465484,0.0592732882083211,0.12912859196053034,0.12591189697686408,-0.0032166949836662587
color_form,both,blurred,FDC,540,0.0,0.15960585585534373,0.1631143609340565,-0.15960585585534373,-0.1631143609340565,0.0035085050787127996
color_form,both,sharp,C,477,0.20964360587002098,7.945008379226386,7.75050780485861,-7.735364773356365,-7.540864198988589,-0.1945005743677758
color_form,both,sharp,CD,477,0.0,0.07613236856140847,0.0806896102150668,-0.07613236856140847,-0.0806896102150668,0.004557241653658345
color_form,both,sharp,CDF,477,0.20964360587002098,1.3414951467570806,1.3398762620555136,-1.1318515408870597,-1.1302326561854925,-0.0016188847015671456
color_form,both,sharp,CF,477,72.53668763102725,42.33412962080368,42.168430034593854,30.202558010223573,30.368257596433395,0.16569958620982206
color_form,both,sharp,CFD,477,0.0,1.4740422602277836,1.448858634327646,-1.4740422602277836,-1.448858634327646,-0.025183625900137598
color_form,both,sharp,D,477,0.41928721174004197,0.34815273832924876,0.3601587714677384,0.07113447341079321,0.05912844027230356,-0.012006033138489648
color_form,both,sharp,DC,477,1.4675052410901468,2.4605798875541964,2.518655954592175,-0.9930746464640495,-1.0511507135020282,0.0580760670379786
color_form,both,sharp,DCF,477,10.90146750524109,10.200856954080443,10.100980795099982,0.7006105511606477,0.8004867101411073,0.09987615898045948
color_form,both,sharp,DF,477,5.031446540880504,7.9534616755972065,8.161018691587612,-2.922015134716703,-3.129572150707109,0.2075570159904061
color_form,both,sharp,DFC,477,2.3060796645702304,2.306250093002685,2.3497499947783145,-0.00017042843245447525,-0.04367033020808396,0.043499901775629485
color_form,both,sharp,F,477,0.41928721174004197,16.30489519941465,16.112201996057497,-15.885607987674607,-15.692914784317455,-0.19269320335715268
color_form,both,sharp,FC,477,6.498951781970649,6.761182804290657,7.0980730350998975,-0.2622310223200072,-0.5991212531292478,0.3368902308092406
color_form,both,sharp,FCD,477,0.0,0.2128175326044071,0.21548643623800381,-0.2128175326044071,-0.21548643623800381,0.00266890363359671
color_form,both,sharp,FD,477,0.0,0.07225671154506008,0.0780425299770804,-0.07225671154506008,-0.0780425299770804,0.005785818432020324
color_form,both,sharp,FDC,477,0.0,0.20873862800510934,0.2172694490509955,-0.20873862800510934,-0.2172694490509955,0.008530821045886136
color_form,first,blurred,C,540,63.14814814814815,79.28509157156287,78.97826204425986,-16.136943423414717,-15.830113896111708,-0.3068295273030097
color_form,first,blurred,CD,540,0.0,0.1995314668253924,0.20361200675315907,-0.1995314668253924,-0.20361200675315907,0.004080539927766658
color_form,first,blurred,CDF,540,0.7407407407407408,0.5495284659638645,0.5342108327826508,0.19121227477687625,0.20652990795808995,0.015317633181213732
color_form,first,blurred,CF,540,25.185185185185183,7.349970932719832,7.347706298205284,17.835214252465352,17.8374788869799,0.0022646345145482805
color_form,first,blurred,CFD,540,0.0,0.2759846045576869,0.27010586014602517,-0.2759846045576869,-0.27010586014602517,-0.0058787444116616995
color_form,first,blurred,D,540,0.5555555555555556,0.2490998995638591,0.25538032139275285,0.3064556559916965,0.30017523416280273,-0.0062804218288937345
color_form,first,blurred,DC,540,1.6666666666666667,7.757664329582996,7.9924053816213,-6.09099766291633,-6.325738714954634,0.23474105203830364
color_form,first,blurred,DCF,540,5.185185185185185,2.8013992236173317,2.8349300882493806,2.3837859615678534,2.350255096935804,-0.03353086463204896
color_form,first,blurred,DF,540,0.7407407407407408,0.4150220808152284,0.4307598566506413,0.32571865992551235,0.30998088409009944,-0.015737775835412884
color_form,first,blurred,DFC,540,0.9259259259259258,0.2569609995102956,0.2612601837759365,0.6689649264156303,0.6646657421499894,-0.00429918426564091
color_form,first,blurred,F,540,0.0,0.38204452593961497,0.3959175244621817,-0.38204452593961497,-0.3959175244621817,0.013872998522566774
color_form,first,blurred,FC,540,1.6666666666666667,0.3921414132240368,0.4092784120995096,1.27452525344263,1.257388254567157,-0.017136998875472848
color_form,first,blurred,FCD,540,0.0,0.03023878549017979,0.030369894451114852,-0.03023878549017979,-0.030369894451114852,0.00013110896093506351
color_form,first,blurred,FD,540,0.0,0.0213264806878376,0.02145491954918037,-0.0213264806878376,-0.02145491954918037,0.00012843886134276754
color_form,first,blurred,FDC,540,0.1851851851851852,0.03399521993897002,0.034346375601026456,0.15118996524621517,0.15083880958415874,-0.0003511556620564406
color_form,first,sharp,C,477,69.18238993710692,83.3544429532338,83.19185274165189,-14.172053016126885,-14.00946280454497,-0.16259021158191445
color_form,first,sharp,CD,477,0.0,0.2543084311661076,0.26099379641293724,-0.2543084311661076,-0.26099379641293724,0.006685365246829637
color_form,first,sharp,CDF,477,1.4675052410901468,0.5119303256662161,0.5059026663709272,0.9555749154239308,0.9616025747192197,0.006027659295288965
color_form,first,sharp,CF,477,20.335429769392032,6.2687234368788864,6.298895753360193,14.066706332513146,14.03653401603184,-0.030172316481305583
color_form,first,sharp,CFD,477,0.0,0.3274271070917122,0.3202613372548132,-0.3274271070917122,-0.3202613372548132,-0.007165769836898952
color_form,first,sharp,D,477,0.8385744234800839,0.3103077508670501,0.319171763643296,0.5282666726130338,0.5194026598367879,-0.008864012776245954
color_form,first,sharp,DC,477,1.0482180293501049,5.879468818623749,5.92187713741417,-4.8312507892736445,-4.873659108064065,0.04240831879042048
color_form,first,sharp,DCF,477,3.1446540880503147,1.5757718269450418,1.5857809928489588,1.5688822611052728,1.5588730952013556,-0.010009165903917053
color_form,first,sharp,DF,477,1.0482180293501049,0.29352157293572184,0.3137214053267691,0.754696456414383,0.7344966240233357,-0.02019983239104732
color_form,first,sharp,DFC,477,0.8385744234800839,0.24582833044326172,0.25208193302092036,0.5927460930368222,0.5864924904591635,-0.006253602577658678
color_form,first,sharp,F,477,0.0,0.40737142153521205,0.42690295920456456,-0.40737142153521205,-0.42690295920456456,0.019531537669352506
color_form,first,sharp,FC,477,2.0964360587002098,0.4764822718065359,0.5065724126559118,1.6199537868936738,1.5898636460442979,-0.03009014084937589
color_form,first,sharp,FCD,477,0.0,0.03488422940298286,0.03530137242207347,-0.03488422940298286,-0.03530137242207347,0.0004171430190906143
color_form,first,sharp,FD,477,0.0,0.021784912602215545,0.022025153115161074,-0.021784912602215545,-0.022025153115161074,0.0002402405129455301
color_form,first,sharp,FDC,477,0.0,0.03774661080150873,0.038658575297427555,-0.03774661080150873,-0.038658575297427555,0.0009119644959188248
color_form,second,blurred,C,540,0.1851851851851852,0.8162544332097587,0.8191443247624053,-0.6310692480245734,-0.63395913957722,0.002889891552646656
color_form,second,blurred,CD,540,0.0,0.024583936589374664,0.024920188637224127,-0.024583936589374664,-0.024920188637224127,0.00033625204784946397
color_form,second,blurred,CDF,540,0.0,0.2091699158163268,0.2084254752398186,-0.2091699158163268,-0.2084254752398186,-0.0007444405765081805
color_form,second,blurred,CF,540,21.48148148148148,10.542514142181037,10.56069079897835,10.938967339300445,10.920790682503133,-0.018176656797312674
color_form,second,blurred,CFD,540,0.1851851851851852,0.32983736264272334,0.3240505223634799,-0.14465217745753814,-0.13886533717829475,-0.005786840279243394
color_form,second,blurred,D,540,0.0,0.10578820608842751,0.10851662087082062,-0.10578820608842751,-0.10851662087082062,0.002728414782393108
color_form,second,blurred,DC,540,0.0,0.6171769580811305,0.6392729172122285,-0.6171769580811305,-0.6392729172122285,0.022095959131097995
color_form,second,blurred,DCF,540,4.2592592592592595,5.026794993277047,4.90686537458952,-0.767535734017788,-0.6476061153302612,-0.11992961868752677
color_form,second,blurred,DF,540,1.6666666666666667,12.92088211169573,12.974854222900737,-11.254215445029065,-11.30818755623407,0.05397211120500567
color_form,second,blurred,DFC,540,0.9259259259259258,2.07357640724335,2.036565586947334,-1.1476504813174238,-1.1106396610214078,-0.037010820296016
color_form,second,blurred,F,540,67.22222222222223,64.00447409980087,64.02638484741597,3.21774812242136,3.195837374806265,-0.021910747615094817
color_form,second,blurred,FC,540,3.888888888888889,2.989799653582972,3.0312856823448935,0.8990892353059169,0.8576032065439952,-0.04148602876192162
color_form,second,blurred,FCD,540,0.0,0.13011601495827002,0.12828919496400118,-0.13011601495827002,-0.12828919496400118,-0.0018268199942688378
color_form,second,blurred,FD,540,0.1851851851851852,0.06704573807762884,0.06911310814861206,0.11813944710755636,0.11607207703657313,-0.0020673700709832304
color_form,second,blurred,FDC,540,0.0,0.14198602675535635,0.14162113462461579,-0.14198602675535635,-0.14162113462461579,-0.00036489213074057756
color_form,second,sharp,C,477,0.0,0.8393264737088637,0.8413744118796562,-0.8393264737088637,-0.8413744118796562,0.002047938170792428
color_form,second,sharp,CD,477,0.0,0.02820857332304962,0.02889589125591145,-0.02820857332304962,-0.02889589125591145,0.0006873179328618321
color_form,second,sharp,CDF,477,0.41928721174004197,0.3049365094024036,0.3051597127785884,0.11435070233763839,0.11412749896145355,-0.0002232033761848367
color_form,second,sharp,CF,477,16.771488469601678,9.00128925104037,9.075398127979675,7.770199218561308,7.696090341622003,-0.07410887693930501
color_form,second,sharp,CFD,477,0.0,0.38913687006391096,0.38192210672195975,-0.38913687006391096,-0.38192210672195975,-0.007214763341951242
color_form,second,sharp,D,477,0.0,0.18568483015441375,0.18790377233064812,-0.18568483015441375,-0.18790377233064812,0.0022189421762343732
color_form,second,sharp,DC,477,0.0,0.6490766980218134,0.6634617171569754,-0.6490766980218134,-0.6634617171569754,0.01438501913516195
color_form,second,sharp,DCF,477,2.0964360587002098,4.410610109095147,4.329576225669736,-2.314174050394938,-2.2331401669695263,-0.08103388342541179
color_form,second,sharp,DF,477,3.3542976939203357,12.451169520388357,12.336512613422444,-9.096871826468021,-8.982214919502109,-0.11465690696591258
color_form,second,sharp,DFC,477,0.628930817610063,2.1910154139984037,2.164156341856511,-1.562084596388341,-1.5352255242464479,-0.026859072141893064
color_form,second,sharp,F,477,73.79454926624737,65.89452417237318,65.96923771168093,7.900025093874197,7.82531155456645,-0.07471353930774693
color_form,second,sharp,FC,477,2.3060796645702304,3.1637800711041963,3.223024526237898,-0.8577004065339656,-0.9169448616676672,0.059244455133701523
color_form,second,sharp,FCD,477,0.0,0.16749886789542148,0.16441009957835995,-0.16749886789542148,-0.16441009957835995,-0.0030887683170615406
color_form,second,sharp,FD,477,0.0,0.1065014368099227,0.11117473387977007,-0.1065014368099227,-0.11117473387977007,0.004673297069847371
color_form,second,sharp,FDC,477,0.628930817610063,0.21724120262054908,0.2177920075709316,0.4116896149895138,0.4111388100391314,-0.0005508049503824206
dimension_color,both,blurred,C,539,0.927643784786642,4.062808664354586,4.041170912888142,-3.1351648795679443,-3.1135271281015,-0.021637751466443977
dimension_color,both,blurred,CD,539,0.5565862708719851,0.0682372221033412,0.07126161995326821,0.488349048768644,0.4853246509187169,-0.0030243978499270435
dimension_color,both,blurred,CDF,539,5.194805194805195,1.411574211713771,1.3953129499631856,3.7832309830914244,3.799492244842009,0.01626126175058515
dimension_color,both,blurred,CF,539,27.643784786641927,28.689181079579352,28.88309620529828,-1.0453962929374228,-1.2393114186563525,0.19391512571892977
dimension_color,both,blurred,CFD,539,0.3710575139146568,0.984876317325922,0.9732370563804118,-0.6138188034112652,-0.602179542465755,-0.011639260945510085
dimension_color,both,blurred,D,539,0.0,0.3474229668372597,0.356358832323138,-0.3474229668372597,-0.356358832323138,0.008935865485878297
dimension_color,both,blurred,DC,539,6.679035250463822,3.980092973902304,4.031867278125737,2.6989422765615174,2.647167972338085,-0.05177430422343213
dimension_color,both,blurred,DCF,539,31.3543599257885,19.870470834141116,19.370025832081446,11.483889091647384,11.984334093707055,0.5004450020596712
dimension_color,both,blurred,DF,539,8.16326530612245,18.97832653229755,19.152265593252096,-10.815061226175104,-10.989000287129649,0.17393906095454492
dimension_color,both,blurred,DFC,539,2.9684601113172544,3.93012025641696,3.9239151970537005,-0.9616601450997058,-0.9554550857364462,-0.006205059363259546
dimension_color,both,blurred,F,539,11.873840445269018,12.533755737904809,12.479473460899378,-0.6599152926357919,-0.6056330156303608,-0.054282277005431034
dimension_color,both,blurred,FC,539,3.710575139146568,4.662734377348402,4.830412300036578,-0.9521592382018342,-1.1198371608900095,0.16767792268817527
dimension_color,both,blurred,FCD,539,0.0,0.17910036743371563,0.18045043881177514,-0.17910036743371563,-0.18045043881177514,0.0013500713780595234
dimension_color,both,blurred,FD,539,0.1855287569573284,0.07850974329693873,0.08332238663180656,0.10701901366038966,0.10220637032552184,-0.004812643334867824
dimension_color,both,blurred,FDC,539,0.3710575139146568,0.22278871534396608,0.22782993630106269,0.1482687985706907,0.1432275776135941,-0.005041220957096616
dimension_color,both,sharp,C,476,0.0,4.155731999808963,4.1722015641066434,-4.155731999808963,-4.1722015641066434,0.016469564297679623
dimension_color,both,sharp,CD,476,0.8403361344537815,0.09976183122904153,0.10505343545270368,0.7405743032247399,0.7352826990010778,-0.005291604223662139
dimension_color,both,sharp,CDF,476,2.941176470588235,1.9594346947459447,1.9151695409679388,0.9817417758422906,1.0260069296202965,0.04426515377800588
dimension_color,both,sharp,CF,476,20.3781512605042,22.489889009757913,23.01608412246633,-2.1117377492537113,-2.6379328619621307,0.5261951127084191
dimension_color,both,sharp,CFD,476,0.42016806722689076,1.1303731569076185,1.120758884351757,-0.7102050896807277,-0.7005908171248664,-0.009614272555861364
dimension_color,both,sharp,D,476,0.0,0.6934939281170103,0.7020074650940609,-0.6934939281170103,-0.7020074650940609,0.008513536977050682
dimension_color,both,sharp,DC,476,19.747899159663866,4.7556699441109895,4.725747348403492,14.992229215552877,15.022151811260374,0.029922595707496114
dimension_color,both,sharp,DCF,476,30.462184873949578,20.099065348399332,19.32187132566631,10.363119525550243,11.140313548283265,0.7771940227330215
dimension_color,both,sharp,DF,476,11.134453781512606,21.055625649861465,20.963454171388207,-9.921171868348859,-9.8290003898756,-0.09217147847325746
dimension_color,both,sharp,DFC,476,3.1512605042016806,4.8902385630987135,4.899833636828981,-1.7389780588970332,-1.7485731326273,0.009595073730266773
dimension_color,both,sharp,F,476,8.403361344537815,13.183375882144412,13.289626570932898,-4.780014537606597,-4.886265226395081,0.10625068878848398
dimension_color,both,sharp,FC,476,2.3109243697478994,4.746129471332407,5.002743519709681,-2.4352051015845073,-2.691819149961782,0.25661404837727453
dimension_color,both,sharp,FCD,476,0.21008403361344538,0.24636388816716412,0.2485307024383676,-0.03627985455371876,-0.03844666882492223,0.002166814271203476
dimension_color,both,sharp,FD,476,0.0,0.13070674357276857,0.14108398673547828,-0.13070674357276857,-0.14108398673547828,0.010377243162709736
dimension_color,both,sharp,FDC,476,0.0,0.3641398887462502,0.37583372545714405,-0.3641398887462502,-0.37583372545714405,0.011693836710893833
dimension_color,first,blurred,C,527,0.5692599620493358,1.270949168251819,1.3118536597075636,-0.7016892062024831,-0.7425936976582279,0.04090449145574479
dimension_color,first,blurred,CD,527,0.18975332068311196,0.04728776438647365,0.04941120446590047,0.14246555629663832,0.1403421162172115,-0.0021234400794268183
dimension_color,first,blurred,CDF,527,3.984819734345351,0.769812892623974,0.7731695338668059,3.215006841721377,3.2116502004785454,-0.0033566412428312487
dimension_color,first,blurred,CF,527,8.918406072106261,9.365376496874475,9.718902831265693,-0.44697042476821297,-0.8004967591594303,0.35352633439121733
dimension_color,first,blurred,CFD,527,0.0,0.4056920328938972,0.4088983630550169,-0.4056920328938972,-0.4088983630550169,0.0032063301611197532
dimension_color,first,blurred,D,527,5.88235294117647,2.8729904161088062,3.032739252184546,3.0093625250676643,2.8496136889919246,-0.15974883607573973
dimension_color,first,blurred,DC,527,4.364326375711575,3.0483724301012027,3.139391526023648,1.315953945610372,1.2249348496879267,-0.09101909592244516
dimension_color,first,blurred,DCF,527,30.55028462998102,17.6148714240047,17.293327741007943,12.935413205976321,13.256956888973082,0.32154368299676106
dimension_color,first,blurred,DF,527,35.10436432637571,44.354130520878286,43.781102705722994,-9.249766194502579,-8.676738379347281,-0.573027815155297
dimension_color,first,blurred,DFC,527,3.415559772296015,6.109185044290618,6.070326757259916,-2.693625271994603,-2.6547669849639006,-0.038858287030702626
dimension_color,first,blurred,F,527,3.795066413662239,10.749483157536236,10.886646690097182,-6.954416743873998,-7.091580276434943,0.1371635325609452
dimension_color,first,blurred,FC,527,1.7077798861480076,2.6760318350255616,2.806313264686541,-0.9682519488775538,-1.0985333785385334,0.1302814296609795
dimension_color,first,blurred,FCD,527,0.3795066413662239,0.15796774400265415,0.1590008705132945,0.22153889736356977,0.2205057708529294,-0.0010331265106403552
dimension_color,first,blurred,FD,527,0.7590132827324478,0.19507273930337063,0.20201332360034346,0.5639405434290772,0.5569999591321043,-0.006940584296972856
dimension_color,first,blurred,FDC,527,0.3795066413662239,0.3627763337179193,0.366902276542614,0.016730307648304618,0.012604364823609908,-0.004125942824694711
dimension_color,first,sharp,C,475,0.0,0.7954521768279111,0.8051533933418382,-0.7954521768279111,-0.8051533933418382,0.00970121651392708
dimension_color,first,sharp,CD,475,0.0,0.05656383141315007,0.05848103013001926,-0.05656383141315007,-0.05848103013001926,0.0019171987168691961
dimension_color,first,sharp,CDF,475,1.8947368421052633,0.8833612710340449,0.8630610122117663,1.0113755710712184,1.031675829893497,0.020300258822278545
dimension_color,first,sharp,CF,475,9.894736842105264,4.214191842135665,4.35299263873318,5.680544999969599,5.541744203372083,-0.13880079659751507
dimension_color,first,sharp,CFD,475,0.21052631578947367,0.34365816041244734,0.33950707911955413,-0.13313184462297364,-0.12898076333008046,-0.004151081292893188
dimension_color,first,sharp,D,475,27.157894736842103,24.491330068033324,26.261708098452335,2.6665646688087796,0.8961866383897676,-1.770378030419012
dimension_color,first,sharp,DC,475,4.421052631578947,3.263481592175468,3.204573425332096,1.1575710394034795,1.216479206246851,0.058908166843371634
dimension_color,first,sharp,DCF,475,19.36842105263158,15.330021668233401,14.57858182329637,4.038399384398178,4.78983922933521,0.7514398449370324
dimension_color,first,sharp,DF,475,23.157894736842106,35.46685689016998,34.587758164430205,-12.308962153327874,-11.4298634275881,-0.8790987257397742
dimension_color,first,sharp,DFC,475,2.3157894736842106,6.007508556258426,5.78053393918062,-3.691719082574215,-3.464744465496409,-0.22697461707780614
dimension_color,first,sharp,F,475,10.31578947368421,6.778196398230602,6.7421669604843055,3.5375930754536085,3.5736225131999046,0.03602943774629608
dimension_color,first,sharp,FC,475,1.0526315789473684,1.525494610954103,1.5800215253069956,-0.4728630320067345,-0.5273899463596273,0.05452691435289276
dimension_color,first,sharp,FCD,475,0.0,0.15355822906736288,0.15137198605885133,-0.15355822906736288,-0.15137198605885133,-0.0021862430085115405
dimension_color,first,sharp,FD,475,0.21052631578947367,0.2354407056240595,0.24559371382632447,-0.024914389834585805,-0.035067398036850786,0.01015300820226498
dimension_color,first,sharp,FDC,475,0.0,0.4548839994300469,0.44849521009554283,-0.4548839994300469,-0.44849521009554283,-0.006388789334504062
dimension_color,second,blurred,C,540,61.48148148148148,75.31107429088554,75.14265613324683,-13.829592809404067,-13.66117465176535,-0.1684181576387167
dimension_color,second,blurred,CD,540,0.0,0.10790840153543507,0.11161831067677595,-0.10790840153543507,-0.11161831067677595,0.0037099091413408817
dimension_color,second,blurred,CDF,540,0.5555555555555556,0.2946531210086192,0.2922263098941094,0.2609024345469364,0.26332924566144617,0.002426811114509793
dimension_color,second,blurred,CF,540,27.037037037037038,10.677994371606662,10.640483900418415,16.359042665430376,16.39655313661862,0.037510471188245686
dimension_color,second,blurred,CFD,540,0.0,0.3630783577862646,0.3538504963311089,-0.3630783577862646,-0.3538504963311089,-0.009227861455155797
dimension_color,second,blurred,D,540,0.0,0.2647913518625778,0.2750972722422734,-0.2647913518625778,-0.2750972722422734,0.01030592037969567
dimension_color,second,blurred,DC,540,0.0,5.691110743143003,5.803168596577706,-5.691110743143003,-5.803168596577706,0.1120578534347022
dimension_color,second,blurred,DCF,540,2.7777777777777777,2.989355703096404,2.956011245387747,-0.21157792531862651,-0.17823346760996936,-0.03334445770865717
dimension_color,second,blurred,DF,540,0.0,1.230868947519147,1.2947398518868476,-1.230868947519147,-1.2947398518868476,0.06387090436770042
dimension_color,second,blurred,DFC,540,1.4814814814814816,0.4578089293629391,0.46141815846362105,1.0236725521185424,1.0200633230178606,-0.0036092291006817323
dimension_color,second,blurred,F,540,4.62962962962963,1.4856530216414126,1.5095832654837495,3.1439766079882165,3.12004636414588,-0.023930243842336385
dimension_color,second,blurred,FC,540,2.037037037037037,1.0110139758745755,1.0435570944694559,1.0260230611624617,0.9934799425675813,-0.032543118594880426
dimension_color,second,blurred,FCD,540,0.0,0.04541337808918465,0.045595936790007584,-0.04541337808918465,-0.045595936790007584,0.00018255870082293547
dimension_color,second,blurred,FD,540,0.0,0.023835054511977292,0.024181693077443674,-0.023835054511977292,-0.024181693077443674,0.00034663856546638403
dimension_color,second,blurred,FDC,540,0.0,0.04544035207625224,0.0458117350539107,-0.04544035207625224,-0.0458117350539107,0.0003713829776584652
dimension_color,second,sharp,C,477,71.48846960167715,78.12955560262222,77.7612879211526,-6.641086000945073,-6.272818319475448,-0.3682676814696251
dimension_color,second,sharp,CD,477,0.0,0.19450512959445004,0.20042494918813075,-0.19450512959445004,-0.20042494918813075,0.005919819593680703
dimension_color,second,sharp,CDF,477,0.41928721174004197,0.42997236707689873,0.4237400537191468,-0.01068515533685678,-0.004452841979104855,-0.006232313357751925
dimension_color,second,sharp,CF,477,22.851153039832283,8.076564845401544,8.101708430524923,14.774588194430741,14.74944460930736,-0.025143585123379997
dimension_color,second,sharp,CFD,477,0.0,0.39197175621817537,0.38206847530574894,-0.39197175621817537,-0.38206847530574894,-0.009903280912426432
dimension_color,second,sharp,D,477,0.0,0.45219443694359834,0.46779792154815414,-0.45219443694359834,-0.46779792154815414,0.01560348460455576
dimension_color,second,sharp,DC,477,0.20964360587002098,5.692462143778579,5.840258707872436,-5.482818537908558,-5.630615102002415,0.14779656409385708
dimension_color,second,sharp,DCF,477,0.20964360587002098,2.416036044199369,2.4328168797773313,-2.206392438329348,-2.2231732739073107,0.016780835577962644
dimension_color,second,sharp,DF,477,0.0,1.0581586535136234,1.1306544283882565,-1.0581586535136234,-1.1306544283882565,0.07249577487463324
dimension_color,second,sharp,DFC,477,0.628930817610063,0.5120733372206865,0.5228674026648659,0.11685748038937643,0.10606341494519703,-0.01079406544417941
dimension_color,second,sharp,F,477,2.0964360587002098,1.4498261015127527,1.4860801300783646,0.646609957187457,0.6103559286218452,-0.03625402856561183
dimension_color,second,sharp,FC,477,2.0964360587002098,1.0504601356175776,1.1013311974537876,1.0459759230826322,0.9951048612464221,-0.05087106183621019
dimension_color,second,sharp,FCD,477,0.0,0.058640302257324056,0.0590046184659479,-0.058640302257324056,-0.0590046184659479,0.00036431620862384254
dimension_color,second,sharp,FD,477,0.0,0.02716657244109743,0.027959635373967017,-0.02716657244109743,-0.027959635373967017,0.0007930629328695886
dimension_color,second,sharp,FDC,477,0.0,0.06041257160209575,0.06199924848633379,-0.06041257160209575,-0.06199924848633379,0.00158667688423804
dimension_form,both,blurred,C,531,1.1299435028248588,7.078783074361129,6.971970905193578,-5.94883957153627,-5.8420274023687195,-0.10681216916755137
dimension_form,both,blurred,CD,531,0.18832391713747645,0.09960911570054996,0.1044019445536399,0.08871480143692648,0.08392197258383655,-0.004792828853089929
dimension_form,both,blurred,CDF,531,4.143126177024483,2.23782960087715,2.2042203202920234,1.9052965761473324,1.938905856732459,0.03360928058512673
dimension_form,both,blurred,CF,531,15.065913370998116,39.25223308905244,39.32921077197078,-24.186319718054325,-24.263297400972665,0.07697768291833884
dimension_form,both,blurred,CFD,531,0.5649717514124294,1.2675264727866085,1.251764467429252,-0.7025547213741792,-0.6867927160168227,-0.015762005357356466
dimension_form,both,blurred,D,531,0.3766478342749529,0.30625521955990204,0.31535067835851105,0.07039261471505084,0.061297155916441866,-0.00909545879860898
dimension_form,both,blurred,DC,531,1.694915254237288,5.173922551749814,5.225482700758198,-3.4790072975125264,-3.5305674465209087,0.051560149008382516
dimension_form,both,blurred,DCF,531,29.001883239171374,20.108047850957146,19.686629814483442,8.893835388214228,9.315253424687931,0.421418036473703
dimension_form,both,blurred,DF,531,40.67796610169492,9.705043838942778,9.901026379588743,30.97292226275214,30.776939722106178,-0.19598254064596143
dimension_form,both,blurred,DFC,531,3.389830508474576,2.9088588173465215,2.9263752700877017,0.4809716911280546,0.4634552383868746,-0.017516452741180022
dimension_form,both,blurred,F,531,1.694915254237288,7.471297158095471,7.510842825989037,-5.776381903858183,-5.81592757175175,0.03954566789356739
dimension_form,both,blurred,FC,531,1.694915254237288,4.0526906856170015,4.225166207206703,-2.357775431379713,-2.5302509529694155,0.1724755215897024
dimension_form,both,blurred,FCD,531,0.18832391713747645,0.12610215622210946,0.1282648413887209,0.062221760915367,0.06005907574875553,-0.002162685166611465
dimension_form,both,blurred,FD,531,0.18832391713747645,0.047282143122217325,0.05000147064035412,0.14104177401525914,0.1383224464971223,-0.0027193275181368153
dimension_form,both,blurred,FDC,531,0.0,0.16451822560915394,0.16929140205931184,-0.16451822560915394,-0.16929140205931184,0.004773176450157909
dimension_form,both,sharp,C,477,10.272536687631026,7.260308536317151,7.181321327961582,3.012228151313877,3.0912153596694454,0.07898720835556872
dimension_form,both,sharp,CD,477,0.0,0.15178242899843833,0.15974138136939836,-0.15178242899843833,-0.15974138136939836,0.007958952370960056
dimension_form,both,sharp,CDF,477,3.563941299790356,2.9206711720976024,2.8366912037325513,0.6432701276927535,0.7272500960578049,0.08397996836505134
dimension_form,both,sharp,CF,477,22.0125786163522,29.576618864608413,29.99277874723442,-7.56404024825621,-7.980200130882221,0.41615988262601045
dimension_form,both,sharp,CFD,477,0.41928721174004197,1.415850396027736,1.3998568355892638,-0.9965631842876941,-0.9805696238492219,-0.015993560438472276
dimension_form,both,sharp,D,477,0.20964360587002098,0.6983785941781298,0.7068201655612,-0.48873498830810874,-0.497176559691179,0.00844157138307029
dimension_form,both,sharp,DC,477,5.870020964360587,6.420885075074157,6.374556530829606,-0.5508641107135691,-0.5045355664690186,-0.04632854424455046
dimension_form,both,sharp,DCF,477,22.0125786163522,20.510445815835556,19.816154536068957,1.502132800516645,2.1964240802832435,0.6942912797665984
dimension_form,both,sharp,DF,477,29.559748427672954,13.559241937710137,13.563455309001199,16.000506489962817,15.996293118671757,-0.004213371291061918
dimension_form,both,sharp,DFC,477,1.8867924528301887,4.039060505945817,4.085929525303424,-2.1522680531156286,-2.1991370724732358,0.04686901935760726
dimension_form,both,sharp,F,477,1.0482180293501049,8.638187394876772,8.779498735639777,-7.589969365526667,-7.731280706289671,0.14131134076300483
dimension_form,both,sharp,FC,477,2.3060796645702304,4.244272914073546,4.514977051569187,-1.9381932495033158,-2.2088973869989563,0.27070413749564065
dimension_form,both,sharp,FCD,477,0.41928721174004197,0.19350454553968527,0.19731031070539018,0.22578266620035667,0.22197690103465179,-0.003805765165704883
dimension_form,both,sharp,FD,477,0.20964360587002098,0.08376955400698365,0.09090303912457864,0.12587405186303735,0.11874056674544232,-0.007133485117595019
dimension_form,both,sharp,FDC,477,0.20964360587002098,0.2870222647098793,0.300005300309463,-0.07737865883985831,-0.09036169443944202,0.012983035599583703
dimension_form,first,blurred,C,516,13.953488372093023,6.8268849541324075,6.376043847811178,7.126603417960616,7.577444524281845,0.45084110632123003
dimension_form,first,blurred,CD,516,0.1937984496124031,0.19045127455268343,0.1943586092527837,0.003347175059719657,-0.0005601596403805942,-0.002787015419339063
dimension_form,first,blurred,CDF,516,2.5193798449612403,4.04538580613434,3.897022315944424,-1.5260059611731003,-1.3776424709831838,-0.1483634901899164
dimension_form,first,blurred,CF,516,16.666666666666664,21.242206799514108,20.957240638627912,-4.575540132847442,-4.290573971961245,-0.2849661608861964
dimension_form,first,blurred,CFD,516,0.1937984496124031,0.8381312314684645,0.8283989584508229,-0.6443327818560614,-0.6346005088384198,-0.009732273017641624
dimension_form,first,blurred,D,516,7.3643410852713185,3.255064772555534,3.217085506838758,4.109276312715784,4.147255578432561,0.03797926571677615
dimension_form,first,blurred,DC,516,5.813953488372093,10.86516379231028,11.220134065533921,-5.051210303938189,-5.406180577161828,0.35497027322363983
dimension_form,first,blurred,DCF,516,27.906976744186046,32.03172797856611,33.628422734375356,-4.124751234380064,-5.721445990189311,1.596694755809247
dimension_form,first,blurred,DF,516,19.767441860465116,10.958136146141765,9.986006786251243,8.809305714323349,9.781435074213872,0.9721293598905223
dimension_form,first,blurred,DFC,516,2.9069767441860463,3.6020232579567444,3.6065396933782043,-0.6950465137706977,-0.699562949192158,0.004516435421460241
dimension_form,first,blurred,F,516,0.5813953488372093,3.5129187975842293,3.4190604609295905,-2.9315234487470203,-2.837665112092381,-0.09385833665463902
dimension_form,first,blurred,FC,516,2.131782945736434,2.2713127654718983,2.298284693323893,-0.13952981973546427,-0.16650174758745911,0.02697192785199483
dimension_form,first,blurred,FCD,516,0.0,0.11279985294633271,0.11302263871332979,-0.11279985294633271,-0.11302263871332979,0.00022278576699706794
dimension_form,first,blurred,FD,516,0.0,0.052580946839303144,0.054173696337763096,-0.052580946839303144,-0.054173696337763096,0.001592749498459953
dimension_form,first,blurred,FDC,516,0.0,0.19521162382579693,0.20420535423081781,-0.19521162382579693,-0.20420535423081781,0.008993730405020906
dimension_form,first,sharp,C,475,7.7894736842105265,4.5616837012808205,3.865736658688486,3.227789982929706,3.923737025522041,0.6959470425923348
dimension_form,first,sharp,CD,475,0.0,0.24242252258143818,0.23365496261114385,-0.24242252258143818,-0.23365496261114385,-0.008767559970294329
dimension_form,first,sharp,CDF,475,1.6842105263157894,3.884179112784629,3.5753769632760273,-2.1999685864688394,-1.891166436960238,-0.30880214950860174
dimension_form,first,sharp,CF,475,10.31578947368421,8.393786458673528,7.99321937797335,1.9220030150106828,2.3225700957108604,0.4005670807001774
dimension_form,first,sharp,CFD,475,0.0,0.6083071626283204,0.582204567021446,-0.6083071626283204,-0.582204567021446,-0.026102595606874394
dimension_form,first,sharp,D,475,25.473684210526315,27.780374037376117,26.045287760023516,-2.3066898268498006,-0.5716035494972016,-1.7350862773525988
dimension_form,first,sharp,DC,475,6.526315789473684,11.211904514720752,12.131962765288266,-4.685588725247068,-5.605646975814582,0.9200582505675139
dimension_form,first,sharp,DCF,475,21.052631578947366,27.266911555935557,31.18454918106141,-6.214279976988191,-10.131917602114044,3.9176376251258525
dimension_form,first,sharp,DF,475,21.47368421052632,8.528300211317266,7.081984759177518,12.945383999209053,14.3916994513488,1.4463154521397459
dimension_form,first,sharp,DFC,475,2.736842105263158,3.4729015616273813,3.4855156491110324,-0.7360594563642232,-0.7486735438478744,0.012614087483651254
dimension_form,first,sharp,F,475,0.631578947368421,2.2163516391104663,2.011090753903395,-1.584772691742045,-1.379511806534974,-0.20526088520707117
dimension_form,first,sharp,FC,475,1.263157894736842,1.381568035658444,1.3444710316175197,-0.11841014092160204,-0.0813131368806775,-0.03709700404092454
dimension_form,first,sharp,FCD,475,0.21052631578947367,0.12546549956834968,0.12199975782554466,0.08506081622112399,0.08852655796392903,0.0034657417428050246
dimension_form,first,sharp,FD,475,0.21052631578947367,0.0689971042728076,0.0705885602861643,0.1415292115166661,0.1399377555033094,-0.0015914560133566819
dimension_form,first,sharp,FDC,475,0.631578947368421,0.2568468824641167,0.2723572521351822,0.37473206490430433,0.3592216952332388,-0.015510369671065507
dimension_form,second,blurred,C,540,4.814814814814815,3.016928335538994,2.9524857199759746,1.7978864792758211,1.8623290948388402,0.06444261556301928
dimension_form,second,blurred,CD,540,0.0,0.03680497090180233,0.03792754777084571,-0.03680497090180233,-0.03792754777084571,0.0011225768690433912
dimension_form,second,blurred,CDF,540,0.0,0.6301571739415741,0.6240741551296012,-0.6301571739415741,-0.6240741551296012,-0.006083018811972943
dimension_form,second,blurred,CF,540,24.814814814814813,29.798043538105052,29.37949278716882,-4.983228723290237,-4.564677972354006,-0.41855075093623073
dimension_form,second,blurred,CFD,540,0.0,0.9367619666622504,0.909582864118064,-0.9367619666622504,-0.909582864118064,-0.02717910254418643
dimension_form,second,blurred,D,540,0.0,0.10080687554994822,0.1041074571803784,-0.10080687554994822,-0.1041074571803784,0.003300581630430173
dimension_form,second,blurred,DC,540,0.1851851851851852,1.2581524539417779,1.2958091818932043,-1.0729672687565928,-1.1106239967080191,0.03765672795142637
dimension_form,second,blurred,DCF,540,1.6666666666666667,7.823693820005015,7.683728044324235,-6.1570271533383485,-6.017061377657569,-0.13996577568077956
dimension_form,second,blurred,DF,540,0.0,5.85187428267234,5.994720718856723,-5.85187428267234,-5.994720718856723,0.1428464361843823
dimension_form,second,blurred,DFC,540,1.1111111111111112,1.4354752976211662,1.4384015455086445,-0.32436418651005505,-0.32729043439753325,0.0029262478874782227
dimension_form,second,blurred,F,540,64.81481481481481,45.36908309711664,45.76238936066941,19.445731717698166,19.052425454145407,-0.39330626355276177
dimension_form,second,blurred,FC,540,2.5925925925925926,3.495714730404109,3.5679979442662804,-0.9031221378115166,-0.9754053516736878,0.0722832138621711
dimension_form,second,blurred,FCD,540,0.0,0.10854680421409674,0.10859548436486087,-0.10854680421409674,-0.10859548436486087,4.868015076413528e-05
dimension_form,second,blurred,FD,540,0.0,0.038276739291249556,0.03972398650611729,-0.038276739291249556,-0.03972398650611729,0.0014472472148677326
dimension_form,second,blurred,FDC,540,0.0,0.09967991403397915,0.10096320226683589,-0.09967991403397915,-0.10096320226683589,0.0012832882328567361
dimension_form,second,sharp,C,476,10.92436974789916,3.3775895447045015,3.2639729994181064,7.5467802031946585,7.660396748481054,0.11361654528639492
dimension_form,second,sharp,CD,476,0.21008403361344538,0.0506963968302826,0.05254528611257201,0.15938763678316278,0.15753874750087335,-0.0018488892822894273
dimension_form,second,sharp,CDF,476,0.42016806722689076,0.8890152001953071,0.869709925651883,-0.4688471329684164,-0.4495418584249923,-0.019305274543424122
dimension_form,second,sharp,CF,476,18.907563025210084,24.392990780553653,23.968365002140253,-5.4854277553435695,-5.060801976930168,-0.4246257784134011
dimension_form,second,sharp,CFD,476,0.0,0.994462808908733,0.9580787199421144,-0.994462808908733,-0.9580787199421144,-0.03638408896661869
dimension_form,second,sharp,D,476,0.0,0.17347643774563615,0.17709889125925737,-0.17347643774563615,-0.17709889125925737,0.003622453513621232
dimension_form,second,sharp,DC,476,0.21008403361344538,1.322629678674375,1.3531818092008558,-1.1125456450609297,-1.1430977755874105,0.03055213052648078
dimension_form,second,sharp,DCF,476,0.8403361344537815,6.820599638259278,6.736601806489084,-5.980263503805497,-5.896265672035303,-0.08399783177019393
dimension_form,second,sharp,DF,476,0.0,5.6162341442987875,5.762171234359846,-5.6162341442987875,-5.762171234359846,0.14593709006105807
dimension_form,second,sharp,DFC,476,1.050420168067227,1.6992012032580024,1.7182459187237031,-0.6487810351907753,-0.6678257506564762,0.019044715465700926
dimension_form,second,sharp,F,476,64.07563025210085,50.39918451510713,50.748499744857924,13.676445736993713,13.327130507242924,-0.34931522975079066
dimension_form,second,sharp,FC,476,3.1512605042016806,3.88967293060929,4.010593781343676,-0.7384124264076093,-0.8593332771419958,0.12092085073438646
dimension_form,second,sharp,FCD,476,0.0,0.15843207253155472,0.15764094013118454,-0.15843207253155472,-0.15764094013118454,-0.0007911324003701892
dimension_form,second,sharp,FD,476,0.0,0.05625352370648122,0.05953049696464103,-0.05625352370648122,-0.05953049696464103,0.0032769732581598124
dimension_form,second,sharp,FDC,476,0.21008403361344538,0.15956112461698496,0.16376344340490123,0.0505229089964604,0.04632059020854412,-0.004202318787916272
