fixed,updating,partition,level,factor,n,delta_elpd
G-HO,G-UPD-HO,combination,color_form,response,3051,12.80528592128098
G-HO,G-UPD-HO,combination,color_form,length,3051,15.642367070241459
G-HO,G-UPD-HO,combination,color_form,set_given_length,3051,0.9895018957134065
G-HO,G-UPD-HO,combination,color_form,order_given_set,3051,-3.826583044673898
G-HO,G-UPD-HO,combination,dimension_color,response,3034,-17.362064766751104
G-HO,G-UPD-HO,combination,dimension_color,length,3034,-9.78478140407017
G-HO,G-UPD-HO,combination,dimension_color,set_given_length,3034,-6.333593788464392
G-HO,G-UPD-HO,combination,dimension_color,order_given_set,3034,-1.2436895742165355
G-HO,G-UPD-HO,combination,dimension_form,response,3015,-40.54715997360493
G-HO,G-UPD-HO,combination,dimension_form,length,3015,-21.603876246324845
G-HO,G-UPD-HO,combination,dimension_form,set_given_length,3015,-22.883923706047813
G-HO,G-UPD-HO,combination,dimension_form,order_given_set,3015,3.940639978767742
G-HO,G-UPD-HO,length_observed,1,response,3540,-16.5665907081382
G-HO,G-UPD-HO,length_observed,1,length,3540,-15.47826691556309
G-HO,G-UPD-HO,length_observed,1,set_given_length,3540,-1.0883237925751024
G-HO,G-UPD-HO,length_observed,1,order_given_set,3540,0.0
G-HO,G-UPD-HO,length_observed,2,response,3927,-17.26330619091913
G-HO,G-UPD-HO,length_observed,2,length,3927,15.386984068748571
G-HO,G-UPD-HO,length_observed,2,set_given_length,3927,-27.139691806223695
G-HO,G-UPD-HO,length_observed,2,order_given_set,3927,-5.510598453443992
G-HO,G-UPD-HO,length_observed,3,response,1633,-11.274041920017726
G-HO,G-UPD-HO,length_observed,3,length,1633,-15.655007733339035
G-HO,G-UPD-HO,length_observed,3,set_given_length,1633,0.0
G-HO,G-UPD-HO,length_observed,3,order_given_set,1633,4.380965813321302
G-HO,G-UPD-HO,annotation,C,response,1600,-20.38744534949678
G-HO,G-UPD-HO,annotation,C,length,1600,-11.221577664801906
G-HO,G-UPD-HO,annotation,C,set_given_length,1600,-9.16586768469487
G-HO,G-UPD-HO,annotation,C,order_given_set,1600,0.0
G-HO,G-UPD-HO,annotation,CD,response,11,0.946972200478335
G-HO,G-UPD-HO,annotation,CD,length,11,0.10022352457596989
G-HO,G-UPD-HO,annotation,CD,set_given_length,11,0.012686228998497473
G-HO,G-UPD-HO,annotation,CD,order_given_set,11,0.8340624469038649
G-HO,G-UPD-HO,annotation,CDF,response,157,-1.2077335949785803
G-HO,G-UPD-HO,annotation,CDF,length,157,-2.5295045891383383
G-HO,G-UPD-HO,annotation,CDF,set_given_length,157,0.0
G-HO,G-UPD-HO,annotation,CDF,order_given_set,157,1.321770994159753
G-HO,G-UPD-HO,annotation,CF,response,2324,1.2093599741763883
G-HO,G-UPD-HO,annotation,CF,length,2324,20.17508709302622
G-HO,G-UPD-HO,annotation,CF,set_given_length,2324,-9.284634818962678
G-HO,G-UPD-HO,annotation,CF,order_given_set,2324,-9.681092299887158
G-HO,G-UPD-HO,annotation,CFD,response,14,0.5823287962779604
G-HO,G-UPD-HO,annotation,CFD,length,14,-0.0845355770751074
G-HO,G-UPD-HO,annotation,CFD,set_given_length,14,0.0
G-HO,G-UPD-HO,annotation,CFD,order_given_set,14,0.6668643733530661
G-HO,G-UPD-HO,annotation,D,response,333,-2.4378914825144737
G-HO,G-UPD-HO,annotation,D,length,333,-12.447008940860322
G-HO,G-UPD-HO,annotation,D,set_given_length,333,10.009117458345846
G-HO,G-UPD-HO,annotation,D,order_given_set,333,0.0
G-HO,G-UPD-HO,annotation,DC,response,310,2.496578897110549
G-HO,G-UPD-HO,annotation,DC,length,310,-0.906453243606238
G-HO,G-UPD-HO,annotation,DC,set_given_length,310,3.495650164415606
G-HO,G-UPD-HO,annotation,DC,order_given_set,310,-0.09261802369880501
G-HO,G-UPD-HO,annotation,DCF,response,1271,-7.847409610463105
G-HO,G-UPD-HO,annotation,DCF,length,1271,-9.912858905698867
G-HO,G-UPD-HO,annotation,DCF,set_given_length,1271,0.0
G-HO,G-UPD-HO,annotation,DCF,order_given_set,1271,2.06544929523577
G-HO,G-UPD-HO,annotation,DF,response,1023,-26.793876367149046
G-HO,G-UPD-HO,annotation,DF,length,1023,-5.157830541375134
G-HO,G-UPD-HO,annotation,DF,set_given_length,1023,-21.21152076211883
G-HO,G-UPD-HO,annotation,DF,order_given_set,1023,-0.42452506365507825
G-HO,G-UPD-HO,annotation,DFC,response,171,-3.673525260467002
G-HO,G-UPD-HO,annotation,DFC,length,171,-3.595381009068002
G-HO,G-UPD-HO,annotation,DFC,set_given_length,171,0.0
G-HO,G-UPD-HO,annotation,DFC,order_given_set,171,-0.07814425139900827
G-HO,G-UPD-HO,annotation,F,response,1607,6.258746123873053
G-HO,G-UPD-HO,annotation,F,length,1607,8.19031969009914
G-HO,G-UPD-HO,annotation,F,set_given_length,1607,-1.93157356622608
G-HO,G-UPD-HO,annotation,F,order_given_set,1607,0.0
G-HO,G-UPD-HO,annotation,FC,response,248,3.9669128801801357
G-HO,G-UPD-HO,annotation,FC,length,248,1.206254837729408
G-HO,G-UPD-HO,annotation,FC,set_given_length,248,-0.10959797759314913
G-HO,G-UPD-HO,annotation,FC,order_given_set,248,2.870256020043883
G-HO,G-UPD-HO,annotation,FCD,response,7,-0.011539647131380448
G-HO,G-UPD-HO,annotation,FCD,length,7,0.02400039178035196
G-HO,G-UPD-HO,annotation,FCD,set_given_length,7,0.0
G-HO,G-UPD-HO,annotation,FCD,order_given_set,7,-0.03554003891173618
G-HO,G-UPD-HO,annotation,FD,response,11,0.9107462242845084
G-HO,G-UPD-HO,annotation,FD,length,11,-0.030297601601655844
G-HO,G-UPD-HO,annotation,FD,set_given_length,11,-0.0422746409631396
G-HO,G-UPD-HO,annotation,FD,order_given_set,11,0.983318466849302
G-HO,G-UPD-HO,annotation,FDC,response,13,0.8838373967443824
G-HO,G-UPD-HO,annotation,FDC,length,13,0.44327195586092516
G-HO,G-UPD-HO,annotation,FDC,set_given_length,13,0.0
G-HO,G-UPD-HO,annotation,FDC,order_given_set,13,0.44056544088345717
I-HO,I-UPD-HO,combination,color_form,response,3051,6.792711110582801
I-HO,I-UPD-HO,combination,color_form,length,3051,2.023234161919494
I-HO,I-UPD-HO,combination,color_form,set_given_length,3051,1.9104974798408505
I-HO,I-UPD-HO,combination,color_form,order_given_set,3051,2.858979468822462
I-HO,I-UPD-HO,combination,dimension_color,response,3034,-9.593692954939089
I-HO,I-UPD-HO,combination,dimension_color,length,3034,-2.251835817533089
I-HO,I-UPD-HO,combination,dimension_color,set_given_length,3034,-6.366016989110898
I-HO,I-UPD-HO,combination,dimension_color,order_given_set,3034,-0.975840148295138
I-HO,I-UPD-HO,combination,dimension_form,response,3015,-20.99167527025182
I-HO,I-UPD-HO,combination,dimension_form,length,3015,2.3081257812996157
I-HO,I-UPD-HO,combination,dimension_form,set_given_length,3015,-23.68428176243674
I-HO,I-UPD-HO,combination,dimension_form,order_given_set,3015,0.38448071088532654
I-HO,I-UPD-HO,length_observed,1,response,3540,3.300274604515936
I-HO,I-UPD-HO,length_observed,1,length,3540,3.4735582307221335
I-HO,I-UPD-HO,length_observed,1,set_given_length,3540,-0.17328362620620613
I-HO,I-UPD-HO,length_observed,1,order_given_set,3540,0.0
I-HO,I-UPD-HO,length_observed,2,response,3927,-29.829475786804352
I-HO,I-UPD-HO,length_observed,2,length,3927,-2.4671643792968077
I-HO,I-UPD-HO,length_observed,2,set_given_length,3927,-27.96651764550058
I-HO,I-UPD-HO,length_observed,2,order_given_set,3927,0.6042062379930311
I-HO,I-UPD-HO,length_observed,3,response,1633,2.736544067680309
I-HO,I-UPD-HO,length_observed,3,length,1633,1.073130274260694
I-HO,I-UPD-HO,length_observed,3,set_given_length,1633,0.0
I-HO,I-UPD-HO,length_observed,3,order_given_set,1633,1.6634137934196196
I-HO,I-UPD-HO,annotation,C,response,1600,-4.187318492028692
I-HO,I-UPD-HO,annotation,C,length,1600,-1.8570512577208413
I-HO,I-UPD-HO,annotation,C,set_given_length,1600,-2.330267234307854
I-HO,I-UPD-HO,annotation,C,order_given_set,1600,0.0
I-HO,I-UPD-HO,annotation,CD,response,11,-0.3199533717116019
I-HO,I-UPD-HO,annotation,CD,length,11,0.038134258487463324
I-HO,I-UPD-HO,annotation,CD,set_given_length,11,-0.10365544787200953
I-HO,I-UPD-HO,annotation,CD,order_given_set,11,-0.25443218232705545
I-HO,I-UPD-HO,annotation,CDF,response,157,-2.781689796252914
I-HO,I-UPD-HO,annotation,CDF,length,157,-0.37042824472936
I-HO,I-UPD-HO,annotation,CDF,set_given_length,157,0.0
I-HO,I-UPD-HO,annotation,CDF,order_given_set,157,-2.4112615515235536
I-HO,I-UPD-HO,annotation,CF,response,2324,-4.815116882570056
I-HO,I-UPD-HO,annotation,CF,length,2324,-2.973324371830493
I-HO,I-UPD-HO,annotation,CF,set_given_length,2324,-1.2224722480770769
I-HO,I-UPD-HO,annotation,CF,order_given_set,2324,-0.6193202626625056
I-HO,I-UPD-HO,annotation,CFD,response,14,0.06410327200488819
I-HO,I-UPD-HO,annotation,CFD,length,14,-0.11618875721281241
I-HO,I-UPD-HO,annotation,CFD,set_given_length,14,0.0
I-HO,I-UPD-HO,annotation,CFD,order_given_set,14,0.18029202921770082
I-HO,I-UPD-HO,annotation,D,response,333,-1.6132642378063355
I-HO,I-UPD-HO,annotation,D,length,333,0.4785891039964193
I-HO,I-UPD-HO,annotation,D,set_given_length,333,-2.0918533418027527
I-HO,I-UPD-HO,annotation,D,order_given_set,333,0.0
I-HO,I-UPD-HO,annotation,DC,response,310,-0.6473225010034986
I-HO,I-UPD-HO,annotation,DC,length,310,0.3375190607637812
I-HO,I-UPD-HO,annotation,DC,set_given_length,310,-1.5792920452486092
I-HO,I-UPD-HO,annotation,DC,order_given_set,310,0.5944504834813401
I-HO,I-UPD-HO,annotation,DCF,response,1271,5.658330838552452
I-HO,I-UPD-HO,annotation,DCF,length,1271,1.361725947437892
I-HO,I-UPD-HO,annotation,DCF,set_given_length,1271,0.0
I-HO,I-UPD-HO,annotation,DCF,order_given_set,1271,4.296604891114564
I-HO,I-UPD-HO,annotation,DF,response,1023,-24.364063231196894
I-HO,I-UPD-HO,annotation,DF,length,1023,0.43969752657119415
I-HO,I-UPD-HO,annotation,DF,set_given_length,1023,-24.780966756780487
I-HO,I-UPD-HO,annotation,DF,order_given_set,1023,-0.022794000987599206
I-HO,I-UPD-HO,annotation,DFC,response,171,-0.18458004083160073
I-HO,I-UPD-HO,annotation,DFC,length,171,0.3140075056761912
I-HO,I-UPD-HO,annotation,DFC,set_given_length,171,0.0
I-HO,I-UPD-HO,annotation,DFC,order_given_set,171,-0.4985875465077929
I-HO,I-UPD-HO,annotation,F,response,1607,9.100857334350962
I-HO,I-UPD-HO,annotation,F,length,1607,4.852020384446556
I-HO,I-UPD-HO,annotation,F,set_given_length,1607,4.248836949904401
I-HO,I-UPD-HO,annotation,F,order_given_set,1607,0.0
I-HO,I-UPD-HO,annotation,FC,response,248,0.6220514857682538
I-HO,I-UPD-HO,annotation,FC,length,248,-0.32494382664532695
I-HO,I-UPD-HO,annotation,FC,set_given_length,248,-0.01067137851708741
I-HO,I-UPD-HO,annotation,FC,order_given_set,248,0.9576666909306729
I-HO,I-UPD-HO,annotation,FCD,response,7,0.03868992342915423
I-HO,I-UPD-HO,annotation,FCD,length,7,-0.04436602849665028
I-HO,I-UPD-HO,annotation,FCD,set_given_length,7,0.0
I-HO,I-UPD-HO,annotation,FCD,order_given_set,7,0.08305595192580784
I-HO,I-UPD-HO,annotation,FD,response,11,-0.30507128609055423
I-HO,I-UPD-HO,annotation,FD,length,11,0.015752973356573552
I-HO,I-UPD-HO,annotation,FD,set_given_length,11,-0.2694597690053077
I-HO,I-UPD-HO,annotation,FD,order_given_set,11,-0.051364490441821786
I-HO,I-UPD-HO,annotation,FDC,response,13,-0.05831012922167034
I-HO,I-UPD-HO,annotation,FDC,length,13,-0.07162014841456621
I-HO,I-UPD-HO,annotation,FDC,set_given_length,13,0.0
I-HO,I-UPD-HO,annotation,FDC,order_given_set,13,0.013310019192893652
K-HO,K-UPD-HO,combination,color_form,response,3051,21.624368808795428
K-HO,K-UPD-HO,combination,color_form,length,3051,17.372274660747387
K-HO,K-UPD-HO,combination,color_form,set_given_length,3051,5.250031248258081
K-HO,K-UPD-HO,combination,color_form,order_given_set,3051,-0.9979371002100645
K-HO,K-UPD-HO,combination,dimension_color,response,3034,-25.175779047066687
K-HO,K-UPD-HO,combination,dimension_color,length,3034,-10.727278314636557
K-HO,K-UPD-HO,combination,dimension_color,set_given_length,3034,-11.381102524159974
K-HO,K-UPD-HO,combination,dimension_color,order_given_set,3034,-3.0673982082701543
K-HO,K-UPD-HO,combination,dimension_form,response,3015,-58.1315058961953
K-HO,K-UPD-HO,combination,dimension_form,length,3015,-25.442849959844725
K-HO,K-UPD-HO,combination,dimension_form,set_given_length,3015,-34.320358244170855
K-HO,K-UPD-HO,combination,dimension_form,order_given_set,3015,1.631702307820259
K-HO,K-UPD-HO,length_observed,1,response,3540,-18.581200993122952
K-HO,K-UPD-HO,length_observed,1,length,3540,-15.675032708448294
K-HO,K-UPD-HO,length_observed,1,set_given_length,3540,-2.9061682846746795
K-HO,K-UPD-HO,length_observed,1,order_given_set,3540,0.0
K-HO,K-UPD-HO,length_observed,2,response,3927,-26.17650994854381
K-HO,K-UPD-HO,length_observed,2,length,3927,16.21824151253152
K-HO,K-UPD-HO,length_observed,2,set_given_length,3927,-37.54526123539807
K-HO,K-UPD-HO,length_observed,2,order_given_set,3927,-4.849490225677284
K-HO,K-UPD-HO,length_observed,3,response,1633,-16.925205192799798
K-HO,K-UPD-HO,length_observed,3,length,1633,-19.34106241781712
K-HO,K-UPD-HO,length_observed,3,set_given_length,1633,0.0
K-HO,K-UPD-HO,length_observed,3,order_given_set,1633,2.4158572250173256
K-HO,K-UPD-HO,annotation,C,response,1600,-18.985327493005315
K-HO,K-UPD-HO,annotation,C,length,1600,-10.89218107202528
K-HO,K-UPD-HO,annotation,C,set_given_length,1600,-8.093146420980045
K-HO,K-UPD-HO,annotation,C,order_given_set,1600,0.0
K-HO,K-UPD-HO,annotation,CD,response,11,0.7447270162973805
K-HO,K-UPD-HO,annotation,CD,length,11,0.14447478630466515
K-HO,K-UPD-HO,annotation,CD,set_given_length,11,0.061319140844667164
K-HO,K-UPD-HO,annotation,CD,order_given_set,11,0.5389330891480477
K-HO,K-UPD-HO,annotation,CDF,response,157,-5.301932922634322
K-HO,K-UPD-HO,annotation,CDF,length,157,-3.4240537559879756
K-HO,K-UPD-HO,annotation,CDF,set_given_length,157,0.0
K-HO,K-UPD-HO,annotation,CDF,order_given_set,157,-1.8778791666463344
K-HO,K-UPD-HO,annotation,CF,response,2324,-5.539683682592517
K-HO,K-UPD-HO,annotation,CF,length,2324,18.757631284935186
K-HO,K-UPD-HO,annotation,CF,set_given_length,2324,-8.708956934097246
K-HO,K-UPD-HO,annotation,CF,order_given_set,2324,-15.58835803343046
K-HO,K-UPD-HO,annotation,CFD,response,14,0.39981685510135767
K-HO,K-UPD-HO,annotation,CFD,length,14,-0.12405918367373803
K-HO,K-UPD-HO,annotation,CFD,set_given_length,14,0.0
K-HO,K-UPD-HO,annotation,CFD,order_given_set,14,0.5238760387750943
K-HO,K-UPD-HO,annotation,D,response,333,-4.160695229652568
K-HO,K-UPD-HO,annotation,D,length,333,-10.422899927871919
K-HO,K-UPD-HO,annotation,D,set_given_length,333,6.2622046982193496
K-HO,K-UPD-HO,annotation,D,order_given_set,333,0.0
K-HO,K-UPD-HO,annotation,DC,response,310,4.168321275736442
K-HO,K-UPD-HO,annotation,DC,length,310,-0.1548764323198526
K-HO,K-UPD-HO,annotation,DC,set_given_length,310,4.19207431956119
K-HO,K-UPD-HO,annotation,DC,order_given_set,310,0.13112338849510644
K-HO,K-UPD-HO,annotation,DCF,response,1271,-14.50309737161581
K-HO,K-UPD-HO,annotation,DCF,length,1271,-11.78255997002308
K-HO,K-UPD-HO,annotation,DCF,set_given_length,1271,0.0
K-HO,K-UPD-HO,annotation,DCF,order_given_set,1271,-2.7205374015927375
K-HO,K-UPD-HO,annotation,DF,response,1023,-37.18065814120118
K-HO,K-UPD-HO,annotation,DF,length,1023,-3.664349051688453
K-HO,K-UPD-HO,annotation,DF,set_given_length,1023,-33.42404484316705
K-HO,K-UPD-HO,annotation,DF,order_given_set,1023,-0.09226424634569247
K-HO,K-UPD-HO,annotation,DFC,response,171,1.3747955385908526
K-HO,K-UPD-HO,annotation,DFC,length,171,-4.110762366734013
K-HO,K-UPD-HO,annotation,DFC,set_given_length,171,0.0
K-HO,K-UPD-HO,annotation,DFC,order_given_set,171,5.485557905324864
K-HO,K-UPD-HO,annotation,F,response,1607,4.564821729534929
K-HO,K-UPD-HO,annotation,F,length,1607,5.640048291448905
K-HO,K-UPD-HO,annotation,F,set_given_length,1607,-1.0752265619139842
K-HO,K-UPD-HO,annotation,F,order_given_set,1607,0.0
K-HO,K-UPD-HO,annotation,FC,response,248,10.823479356011262
K-HO,K-UPD-HO,annotation,FC,length,248,1.1237349048854022
K-HO,K-UPD-HO,annotation,FC,set_given_length,248,0.5255216827770232
K-HO,K-UPD-HO,annotation,FC,order_given_set,248,9.17422276834883
K-HO,K-UPD-HO,annotation,FCD,response,7,-0.006386321726009836
K-HO,K-UPD-HO,annotation,FCD,length,7,-0.07879333532647648
K-HO,K-UPD-HO,annotation,FCD,set_given_length,7,0.0
K-HO,K-UPD-HO,annotation,FCD,order_given_set,7,0.07240701360046709
K-HO,K-UPD-HO,annotation,FD,response,11,0.8073042272048019
K-HO,K-UPD-HO,annotation,FD,length,11,0.011626020414572447
K-HO,K-UPD-HO,annotation,FD,set_given_length,11,-0.19117460131665479
K-HO,K-UPD-HO,annotation,FD,order_given_set,11,0.9868528081068821
K-HO,K-UPD-HO,annotation,FDC,response,13,1.1115990294841316
K-HO,K-UPD-HO,annotation,FDC,length,13,0.17916619392816235
K-HO,K-UPD-HO,annotation,FDC,set_given_length,13,0.0
K-HO,K-UPD-HO,annotation,FDC,order_given_set,13,0.9324328355559715
K-HKO,K-UPD-HKO,combination,color_form,response,3051,14.579988311096482
K-HKO,K-UPD-HKO,combination,color_form,length,3051,11.961893398665365
K-HKO,K-UPD-HKO,combination,color_form,set_given_length,3051,4.5354112117566245
K-HKO,K-UPD-HKO,combination,color_form,order_given_set,3051,-1.9173162993254902
K-HKO,K-UPD-HKO,combination,dimension_color,response,3034,-17.547966666801067
K-HKO,K-UPD-HKO,combination,dimension_color,length,3034,-9.88816463074793
K-HKO,K-UPD-HKO,combination,dimension_color,set_given_length,3034,-6.233915585791401
K-HKO,K-UPD-HKO,combination,dimension_color,order_given_set,3034,-1.4258864502617434
K-HKO,K-UPD-HKO,combination,dimension_form,response,3015,-51.17241047271935
K-HKO,K-UPD-HKO,combination,dimension_form,length,3015,-23.622750603731806
K-HKO,K-UPD-HKO,combination,dimension_form,set_given_length,3015,-29.36935498381151
K-HKO,K-UPD-HKO,combination,dimension_form,order_given_set,3015,1.8196951148239784
K-HKO,K-UPD-HKO,length_observed,1,response,3540,-15.329564732392083
K-HKO,K-UPD-HKO,length_observed,1,length,3540,-13.463857432918743
K-HKO,K-UPD-HKO,length_observed,1,set_given_length,3540,-1.8657072994733448
K-HKO,K-UPD-HKO,length_observed,1,order_given_set,3540,0.0
K-HKO,K-UPD-HKO,length_observed,2,response,3927,-23.034751639422566
K-HKO,K-UPD-HKO,length_observed,2,length,3927,9.19901657467901
K-HKO,K-UPD-HKO,length_observed,2,set_given_length,3927,-29.202152058372945
K-HKO,K-UPD-HKO,length_observed,2,order_given_set,3927,-3.0316161557286163
K-HKO,K-UPD-HKO,length_observed,3,response,1633,-15.776072456609285
K-HKO,K-UPD-HKO,length_observed,3,length,1633,-17.28418097757464
K-HKO,K-UPD-HKO,length_observed,3,set_given_length,1633,0.0
K-HKO,K-UPD-HKO,length_observed,3,order_given_set,1633,1.5081085209653606
K-HKO,K-UPD-HKO,annotation,C,response,1600,-18.613721838114262
K-HKO,K-UPD-HKO,annotation,C,length,1600,-10.341697039417717
K-HKO,K-UPD-HKO,annotation,C,set_given_length,1600,-8.272024798696542
K-HKO,K-UPD-HKO,annotation,C,order_given_set,1600,0.0
K-HKO,K-UPD-HKO,annotation,CD,response,11,0.7452226767163879
K-HKO,K-UPD-HKO,annotation,CD,length,11,0.09219649605846547
K-HKO,K-UPD-HKO,annotation,CD,set_given_length,11,-0.029378129763750538
K-HKO,K-UPD-HKO,annotation,CD,order_given_set,11,0.682404310421673
K-HKO,K-UPD-HKO,annotation,CDF,response,157,-4.261230140902134
K-HKO,K-UPD-HKO,annotation,CDF,length,157,-3.864948963368372
K-HKO,K-UPD-HKO,annotation,CDF,set_given_length,157,0.0
K-HKO,K-UPD-HKO,annotation,CDF,order_given_set,157,-0.3962811775337624
K-HKO,K-UPD-HKO,annotation,CF,response,2324,0.8081392660205993
K-HKO,K-UPD-HKO,annotation,CF,length,2324,13.241952617784214
K-HKO,K-UPD-HKO,annotation,CF,set_given_length,2324,-3.3649654949057215
K-HKO,K-UPD-HKO,annotation,CF,order_given_set,2324,-9.068847856857886
K-HKO,K-UPD-HKO,annotation,CFD,response,14,0.5333151424547538
K-HKO,K-UPD-HKO,annotation,CFD,length,14,-0.11092003328493805
K-HKO,K-UPD-HKO,annotation,CFD,set_given_length,14,0.0
K-HKO,K-UPD-HKO,annotation,CFD,order_given_set,14,0.6442351757396907
K-HKO,K-UPD-HKO,annotation,D,response,333,-3.78013258551298
K-HKO,K-UPD-HKO,annotation,D,length,333,-10.399739051970869
K-HKO,K-UPD-HKO,annotation,D,set_given_length,333,6.61960646645789
K-HKO,K-UPD-HKO,annotation,D,order_given_set,333,0.0
K-HKO,K-UPD-HKO,annotation,DC,response,310,2.366937453443132
K-HKO,K-UPD-HKO,annotation,DC,length,310,-1.0137112240408594
K-HKO,K-UPD-HKO,annotation,DC,set_given_length,310,3.432804261631987
K-HKO,K-UPD-HKO,annotation,DC,order_given_set,310,-0.05215558414798424
K-HKO,K-UPD-HKO,annotation,DCF,response,1271,-10.420290983564591
K-HKO,K-UPD-HKO,annotation,DCF,length,1271,-10.71396822466123
K-HKO,K-UPD-HKO,annotation,DCF,set_given_length,1271,0.0
K-HKO,K-UPD-HKO,annotation,DCF,order_given_set,1271,0.2936772410966401
K-HKO,K-UPD-HKO,annotation,DF,response,1023,-33.69892956094236
K-HKO,K-UPD-HKO,annotation,DF,length,1023,-4.038433545831852
K-HKO,K-UPD-HKO,annotation,DF,set_given_length,1023,-29.37821531983859
K-HKO,K-UPD-HKO,annotation,DF,order_given_set,1023,-0.2822806952719224
K-HKO,K-UPD-HKO,annotation,DFC,response,171,-2.3525163576636183
K-HKO,K-UPD-HKO,annotation,DFC,length,171,-2.9536030978899204
K-HKO,K-UPD-HKO,annotation,DFC,set_given_length,171,0.0
K-HKO,K-UPD-HKO,annotation,DFC,order_given_set,171,0.6010867402263071
K-HKO,K-UPD-HKO,annotation,F,response,1607,7.064289691235158
K-HKO,K-UPD-HKO,annotation,F,length,1607,7.277578658469843
K-HKO,K-UPD-HKO,annotation,F,set_given_length,1607,-0.21328896723469348
K-HKO,K-UPD-HKO,annotation,F,order_given_set,1607,0.0
K-HKO,K-UPD-HKO,annotation,FC,response,248,6.027148115396391
K-HKO,K-UPD-HKO,annotation,FC,length,248,0.9608923540801895
K-HKO,K-UPD-HKO,annotation,FC,set_given_length,248,0.30501744478517273
K-HKO,K-UPD-HKO,annotation,FC,order_given_set,248,4.761238316531033
K-HKO,K-UPD-HKO,annotation,FCD,response,7,0.050022535140608504
K-HKO,K-UPD-HKO,annotation,FCD,length,7,-0.010967952371796708
K-HKO,K-UPD-HKO,annotation,FCD,set_given_length,7,0.0
K-HKO,K-UPD-HKO,annotation,FCD,order_given_set,7,0.060990487512404545
K-HKO,K-UPD-HKO,annotation,FD,response,11,0.7167304099432781
K-HKO,K-UPD-HKO,annotation,FD,length,11,-0.043880123371147106
K-HKO,K-UPD-HKO,annotation,FD,set_given_length,11,-0.16741482028204457
K-HKO,K-UPD-HKO,annotation,FD,order_given_set,11,0.9280253535964706
K-HKO,K-UPD-HKO,annotation,FDC,response,13,0.6746273479256972
K-HKO,K-UPD-HKO,annotation,FDC,length,13,0.370227294001617
K-HKO,K-UPD-HKO,annotation,FDC,set_given_length,13,0.0
K-HKO,K-UPD-HKO,annotation,FDC,order_given_set,13,0.30440005392408054
