contrast,semantics,rule,support,order,parameter_set,mean,variance,groups,mcse,lower_mc95,upper_mc95
corrected_kernel_minus_original,fixed,kernel_global,two,neutral,fitted_constants,8.780591994235938e-19,2.0030711838286654e-35,24,1.8648201357212532e-19,5.125544528222282e-19,1.2435639460249595e-18
corrected_kernel_minus_original,fixed,kernel_global,two,neutral,original_grid,-3.8121126625749e-19,4.178358434917658e-37,24,2.6933426267494038e-20,-4.340007817417783e-19,-3.284217507732017e-19
corrected_kernel_minus_original,fixed,kernel_incremental,two,neutral,fitted_constants,0.00011664765082049184,2.1932967524157786e-09,24,1.9513602593660017e-06,0.00011282298471213448,0.00012047231692884921
corrected_kernel_minus_original,fixed,kernel_incremental,two,neutral,original_grid,0.00043638669061662745,2.5902015446132817e-08,24,6.705876289956654e-06,0.0004232431730883124,0.0004495302081449425
corrected_kernel_minus_original,updating,kernel_global,two,neutral,fitted_constants,-0.0001502689821282465,1.164927670956513e-08,24,4.497158962265389e-06,-0.00015908341369428664,-0.00014145455056220634
corrected_kernel_minus_original,updating,kernel_global,two,neutral,original_grid,-0.003230229142920678,2.6248550540078264e-06,24,6.750585177833951e-05,-0.0033625406124062236,-0.0030979176734351327
corrected_kernel_minus_original,updating,kernel_incremental,two,neutral,fitted_constants,4.5301164590355165e-05,1.8975236088302905e-09,24,1.8150239174418393e-06,4.174371771216916e-05,4.885861146854117e-05
corrected_kernel_minus_original,updating,kernel_incremental,two,neutral,original_grid,-0.0020462729392498554,1.8826060093592793e-06,24,5.71700377006452e-05,-0.00215832621314312,-0.0019342196653565908
fitted_constants_minus_grid_average,fixed,prefix_k0,fifteen,neutral,paired_constants,-0.006980367434097791,4.882342061070555e-05,24,0.0002911406584534306,-0.0075510031246665155,-0.0064097317435290665
fitted_constants_minus_grid_average,fixed,prefix_k0,four,neutral,paired_constants,-0.003696589546249404,4.7380011830551076e-05,24,0.00028680475062940573,-0.0042587268574830394,-0.003134452235015769
fitted_constants_minus_grid_average,fixed,prefix_k0,two,neutral,paired_constants,0.047734384547640625,0.00022464494026254325,24,0.0006245066667736167,0.046510351480764336,0.048958417614516914
fitted_constants_minus_grid_average,fixed,prefix_k05,fifteen,neutral,paired_constants,0.004056795009787075,4.480802649448986e-05,24,0.0002789116574545512,0.0035101281611761544,0.004603461858397996
fitted_constants_minus_grid_average,fixed,prefix_k05,four,neutral,paired_constants,0.036997894686417614,0.0001472349867431268,24,0.0005055851030529278,0.03600694788443388,0.03798884148840135
fitted_constants_minus_grid_average,fixed,prefix_k05,two,neutral,paired_constants,0.04773438454764062,0.00022464494026254325,24,0.0006245066667736167,0.04651035148076433,0.04895841761451691
fitted_constants_minus_grid_average,fixed,prefix_k1,fifteen,neutral,paired_constants,0.0032020456240935175,2.0027528551208802e-05,24,0.00018646719509299382,0.0028365699217112496,0.0035675213264757854
fitted_constants_minus_grid_average,fixed,prefix_k1,four,neutral,paired_constants,0.04773438454764062,0.00022464494026254325,24,0.0006245066667736167,0.04651035148076433,0.04895841761451691
fitted_constants_minus_grid_average,fixed,prefix_k1,two,neutral,paired_constants,0.04773438454764062,0.00022464494026254325,24,0.0006245066667736167,0.04651035148076433,0.04895841761451691
fitted_constants_minus_grid_average,fixed,terminal,fifteen,neutral,paired_constants,6.500841531753566e-19,1.4983063936630577e-35,24,1.6128317884662531e-19,3.3396912263597104e-19,9.661991837147423e-19
fitted_constants_minus_grid_average,fixed,terminal,four,neutral,paired_constants,9.89391439147151e-19,1.4528682342421431e-35,24,1.5881878618249685e-19,6.781066182294571e-19,1.3006762600648448e-18
fitted_constants_minus_grid_average,fixed,terminal,two,neutral,paired_constants,1.246907669708956e-18,1.0656396758387451e-35,24,1.3601723720413114e-19,9.80313884788859e-19,1.513501454629053e-18
fitted_constants_minus_grid_average,updating,prefix_k0,fifteen,neutral,paired_constants,-0.012093553735482787,4.970721431480135e-05,24,0.0002937639308599813,-0.01266933103996835,-0.011517776430997224
fitted_constants_minus_grid_average,updating,prefix_k0,four,neutral,paired_constants,-0.008803498009128713,4.810860946669684e-05,24,0.0002890015422713823,-0.009369941031980623,-0.008237054986276804
fitted_constants_minus_grid_average,updating,prefix_k0,two,neutral,paired_constants,0.038963268104734904,0.00018670636000605174,24,0.0005693355654810418,0.03784737039639206,0.040079165813077744
fitted_constants_minus_grid_average,updating,prefix_k05,fifteen,neutral,paired_constants,-0.0010070737166419,4.247450741707766e-05,24,0.0002715519550026474,-0.0015393155484470888,-0.00047483188483671106
fitted_constants_minus_grid_average,updating,prefix_k05,four,neutral,paired_constants,0.03233367154105468,0.00013373751993856812,24,0.0004818539138969319,0.0313892378698167,0.033278105212292665
fitted_constants_minus_grid_average,updating,prefix_k05,two,neutral,paired_constants,0.042671356755802005,0.00019932333495171115,24,0.0005882579846575713,0.04151837110587316,0.04382434240573085
fitted_constants_minus_grid_average,updating,prefix_k1,fifteen,neutral,paired_constants,-0.0013226403873522541,1.8497452672933252e-05,24,0.0001792027709404387,-0.001673877818395514,-0.0009714029563089943
fitted_constants_minus_grid_average,updating,prefix_k1,four,neutral,paired_constants,0.04773438454764062,0.00022464494026254325,24,0.0006245066667736167,0.04651035148076433,0.04895841761451691
fitted_constants_minus_grid_average,updating,prefix_k1,two,neutral,paired_constants,0.04773438454764062,0.00022464494026254325,24,0.0006245066667736167,0.04651035148076433,0.04895841761451691
fitted_constants_minus_grid_average,updating,terminal,fifteen,neutral,paired_constants,-0.006851489398506599,1.5201614332157506e-05,24,0.0001624551985899022,-0.007169901587742807,-0.006533077209270391
fitted_constants_minus_grid_average,updating,terminal,four,neutral,paired_constants,-0.007227727840167401,1.6019887276234944e-05,24,0.00016677021406419972,-0.007554597459733232,-0.006900858220601569
fitted_constants_minus_grid_average,updating,terminal,two,neutral,paired_constants,-0.011377475135604304,2.6368318141306033e-05,24,0.0002139587112188566,-0.011796834209593262,-0.010958116061615345
local_normalizers_minus_raw_prefix,fixed,prefix_k05,fifteen,neutral,fitted_constants,-0.004358687109521712,1.2504032006674957e-06,24,4.659226212632024e-05,-0.0044500079432893,-0.004267366275754124
local_normalizers_minus_raw_prefix,fixed,prefix_k05,fifteen,neutral,original_grid,-0.015395849553406562,2.1432149339640822e-06,24,6.099884638543839e-05,-0.015515407292322021,-0.015276291814491102
local_normalizers_minus_raw_prefix,fixed,prefix_k05,fifteen,stable,fitted_constants,-0.005105893284643892,2.5476261375853254e-06,24,6.650535350194725e-05,-0.005236243777507709,-0.004975542791780075
local_normalizers_minus_raw_prefix,fixed,prefix_k05,four,neutral,fitted_constants,0.0014189650022137753,1.758863151085263e-06,24,5.525922420305071e-05,0.001310656922775796,0.0015272730816517546
local_normalizers_minus_raw_prefix,fixed,prefix_k05,four,neutral,original_grid,-0.039275519230453276,5.083687246554116e-05,24,0.0002970832528796676,-0.039857802406097424,-0.03869323605480913
local_normalizers_minus_raw_prefix,fixed,prefix_k05,four,stable,fitted_constants,0.0009950939288833314,3.1080043347041546e-07,24,2.3228949306547164e-05,0.0009495651882424989,0.001040622669524164
local_normalizers_minus_raw_prefix,fixed,prefix_k05,two,neutral,fitted_constants,-4.589789196855302e-19,1.5183834329155582e-35,24,1.623601659524815e-19,-7.77204844952394e-19,-1.4075299441866646e-19
local_normalizers_minus_raw_prefix,fixed,prefix_k05,two,neutral,original_grid,5.179306058108088e-20,2.774116537297982e-37,24,2.1945784433280367e-20,8.779323091851361e-21,9.480679807031041e-20
local_normalizers_minus_raw_prefix,fixed,prefix_k05,two,stable,fitted_constants,-6.164050751304255e-19,8.260417773158043e-35,24,3.786951686831954e-19,-1.3586476057494885e-18,1.2583745548863746e-19
local_normalizers_minus_raw_prefix,fixed,prefix_k1,fifteen,neutral,fitted_constants,-0.009301168432242109,5.973412261827586e-06,24,0.00010183568823848654,-0.009500766381189543,-0.009101570483294675
local_normalizers_minus_raw_prefix,fixed,prefix_k1,fifteen,neutral,original_grid,-0.01948358149043341,1.423728294173144e-05,24,0.00015721801775614856,-0.01979172880523546,-0.01917543417563136
local_normalizers_minus_raw_prefix,fixed,prefix_k1,fifteen,stable,fitted_constants,-0.010780829548517216,1.042772905705572e-05,24,0.0001345499768844671,-0.011044547503210772,-0.010517111593823661
local_normalizers_minus_raw_prefix,fixed,prefix_k1,four,neutral,fitted_constants,0.001679423179643475,3.5201295272982547e-06,24,7.817503428136635e-05,0.001526200112451997,0.001832646246834953
local_normalizers_minus_raw_prefix,fixed,prefix_k1,four,neutral,original_grid,-0.04975155091424658,0.00018022039034866854,24,0.0005593591173236609,-0.05084789478420095,-0.04865520704429221
local_normalizers_minus_raw_prefix,fixed,prefix_k1,four,stable,fitted_constants,0.0013740824656707916,7.048587548981073e-07,24,3.4981611114163217e-05,0.0013055185078870318,0.0014426464234545515
local_normalizers_minus_raw_prefix,fixed,prefix_k1,two,neutral,fitted_constants,-5.7563907344497055e-19,2.924427164930295e-35,24,2.253248875439784e-19,-1.0172758530311683e-18,-1.3400229385877293e-19
local_normalizers_minus_raw_prefix,fixed,prefix_k1,two,neutral,original_grid,1.2228065782160515e-19,4.7552666774368595e-37,24,2.873268402881037e-20,6.596459712513682e-20,1.7859671851807347e-19
local_normalizers_minus_raw_prefix,fixed,prefix_k1,two,stable,fitted_constants,-7.479549387253334e-19,8.371976069914836e-35,24,3.812437629251852e-19,-1.4951927140586964e-18,-7.171633919703828e-22
local_normalizers_minus_raw_prefix,updating,prefix_k05,fifteen,neutral,fitted_constants,-0.004368191631834842,1.2558566254380433e-06,24,4.669375377269953e-05,-0.004459711389229333,-0.004276671874440351
local_normalizers_minus_raw_prefix,updating,prefix_k05,fifteen,neutral,original_grid,-0.015454671650675733,2.6029816965274364e-06,24,6.722399456563208e-05,-0.015586430680024372,-0.015322912621327095
local_normalizers_minus_raw_prefix,updating,prefix_k05,fifteen,stable,fitted_constants,-0.0051113110497481755,2.5499076645295533e-06,24,6.653512627700605e-05,-0.005241719897251107,-0.004980902202245244
local_normalizers_minus_raw_prefix,updating,prefix_k05,four,neutral,fitted_constants,0.001397654369907625,1.7984996222379997e-06,24,5.587839633969936e-05,0.0012881327130818143,0.0015071760267334358
local_normalizers_minus_raw_prefix,updating,prefix_k05,four,neutral,original_grid,-0.03973951518027582,5.0677892539927725e-05,24,0.0002966183614111969,-0.04032088716864177,-0.03915814319190987
local_normalizers_minus_raw_prefix,updating,prefix_k05,four,stable,fitted_constants,0.0009802422783071103,3.4142046777481407e-07,24,2.434633170858821e-05,0.0009325234681582774,0.0010279610884559433
local_normalizers_minus_raw_prefix,updating,prefix_k05,two,neutral,fitted_constants,-1.3516738501383126e-05,1.3735725234005655e-08,24,4.883312932623352e-06,-2.3088031849324894e-05,-3.945445153441356e-06
local_normalizers_minus_raw_prefix,updating,prefix_k05,two,neutral,original_grid,-0.00372160538956845,2.9975640811075918e-06,24,7.213947814808795e-05,-0.0038629987667387028,-0.0035802120123981976
local_normalizers_minus_raw_prefix,updating,prefix_k05,two,stable,fitted_constants,-1.3511289219008228e-05,6.544987157209088e-09,24,3.3708789544731834e-06,-2.011821196977567e-05,-6.904366468240788e-06
local_normalizers_minus_raw_prefix,updating,prefix_k1,fifteen,neutral,fitted_constants,-0.00932044763649303,5.990389596810934e-06,24,0.00010198030172002763,-0.009520329027864283,-0.009120566245121775
local_normalizers_minus_raw_prefix,updating,prefix_k1,fifteen,neutral,original_grid,-0.020091360984623566,1.65041278603614e-05,24,0.00016927196979291015,-0.02042313404541767,-0.019759587923829463
local_normalizers_minus_raw_prefix,updating,prefix_k1,fifteen,stable,fitted_constants,-0.010792532058422262,1.043151167165742e-05,24,0.00013457437838923755,-0.011056297840065168,-0.010528766276779357
local_normalizers_minus_raw_prefix,updating,prefix_k1,four,neutral,fitted_constants,0.0016406388286266125,3.640476759035604e-06,24,7.950013931499416e-05,0.0014848185555692238,0.001796459101684001
local_normalizers_minus_raw_prefix,updating,prefix_k1,four,neutral,original_grid,-0.05489724372814275,0.00019854105670872533,24,0.0005871024906809366,-0.05604796460987739,-0.053746522846408115
local_normalizers_minus_raw_prefix,updating,prefix_k1,four,stable,fitted_constants,0.00134461259132035,7.910703878600086e-07,24,3.7059224088406616e-05,0.0012719765121070729,0.001417248670533627
local_normalizers_minus_raw_prefix,updating,prefix_k1,two,neutral,fitted_constants,-2.7481999711380078e-05,5.5101165830454555e-08,24,9.780682298972197e-06,-4.665213701736558e-05,-8.311862405394573e-06
local_normalizers_minus_raw_prefix,updating,prefix_k1,two,neutral,original_grid,-0.008798598442617078,1.727936959408677e-05,24,0.00017320192130946331,-0.009138074208383626,-0.00845912267685053
local_normalizers_minus_raw_prefix,updating,prefix_k1,two,stable,fitted_constants,-2.948194671079661e-05,2.738647026303277e-08,24,6.895357519212853e-06,-4.2996847448453805e-05,-1.5967045973139417e-05
prefix_sum_minus_terminal,fixed,prefix_k0,fifteen,neutral,fitted_constants,0.01890600076362341,2.3975637677131002e-05,24,0.00020402051604493437,0.018506120552175338,0.019305880975071483
prefix_sum_minus_terminal,fixed,prefix_k0,fifteen,neutral,original_grid,0.025886368197721207,7.876034875963264e-05,24,0.00036977928091847494,0.025161600807120998,0.026611135588321417
prefix_sum_minus_terminal,fixed,prefix_k0,fifteen,stable,fitted_constants,0.021540564449257518,3.453524655008387e-05,24,0.00024486123674555407,0.021060636425236232,0.022020492473278804
prefix_sum_minus_terminal,fixed,prefix_k0,four,neutral,fitted_constants,0.018875671785677447,2.2909994142350178e-05,24,0.00019943494023371287,0.01848477930281937,0.019266564268535524
prefix_sum_minus_terminal,fixed,prefix_k0,four,neutral,original_grid,0.022572261331926868,7.70579146711137e-05,24,0.0003657609900735348,0.02185536979138274,0.023289152872470995
prefix_sum_minus_terminal,fixed,prefix_k0,four,stable,fitted_constants,0.020909201473300082,3.424741099725969e-05,24,0.0002438386982394948,0.020431277624750672,0.02138712532184949
prefix_sum_minus_terminal,fixed,prefix_k0,two,neutral,fitted_constants,0.020555094965320934,3.5061341337086514e-05,24,0.00024671924178258815,0.02007152525142706,0.021038664679214808
prefix_sum_minus_terminal,fixed,prefix_k0,two,neutral,original_grid,-0.02717928958231967,0.0003729212417972089,24,0.0008046320348168395,-0.028756368370560677,-0.025602210794078664
prefix_sum_minus_terminal,fixed,prefix_k0,two,stable,fitted_constants,0.02244943909488055,3.004920393449378e-05,24,0.00022840480912344726,0.022001765668998592,0.022897112520762507
prefix_sum_minus_terminal,updating,prefix_k0,fifteen,neutral,fitted_constants,0.018907723872248147,2.3960390050834744e-05,24,0.00020395563094411078,0.01850797083559769,0.019307476908898603
prefix_sum_minus_terminal,updating,prefix_k0,fifteen,neutral,original_grid,0.024149788209224327,8.431081598937531e-05,24,0.0003825871723228561,0.023399917351471528,0.024899659066977126
prefix_sum_minus_terminal,updating,prefix_k0,fifteen,stable,fitted_constants,0.021539636448247575,3.452664711816018e-05,24,0.0002448307490721913,0.02105976818006608,0.02201950471642907
prefix_sum_minus_terminal,updating,prefix_k0,four,neutral,fitted_constants,0.018879501681671202,2.2896766211746857e-05,24,0.00019937735635905895,0.018488722063207445,0.01927028130013496
prefix_sum_minus_terminal,updating,prefix_k0,four,neutral,original_grid,0.02045527185063252,8.457019223064793e-05,24,0.00038317522153765425,0.019704248416418716,0.021206295284846324
prefix_sum_minus_terminal,updating,prefix_k0,four,stable,fitted_constants,0.020914640320278056,3.4238459207266023e-05,24,0.00024380682815921924,0.020436778937085984,0.021392501703470127
prefix_sum_minus_terminal,updating,prefix_k0,two,neutral,fitted_constants,0.020554920267467674,3.506216607488247e-05,24,0.00024672214351822275,0.02007134486617196,0.02103849566876339
prefix_sum_minus_terminal,updating,prefix_k0,two,neutral,original_grid,-0.02978582297287154,0.0003844437251797597,24,0.0008169681896386953,-0.031387080624563385,-0.028184565321179696
prefix_sum_minus_terminal,updating,prefix_k0,two,stable,fitted_constants,0.022457560535983825,3.0064473687850174e-05,24,0.00022846283465628348,0.02200977338005751,0.02290534769191014
stable_order_minus_neutral,fixed,prefix_k0,fifteen,stable,fitted_constants,0.0026345636856340685,2.767726453221665e-06,24,6.931868902362681e-05,0.00249869905514776,0.002770428316120377
stable_order_minus_neutral,fixed,prefix_k0,four,stable,fitted_constants,0.0020335296876226503,2.6264539843405883e-06,24,6.752640924139047e-05,0.001901177925509525,0.0021658814497357757
stable_order_minus_neutral,fixed,prefix_k0,two,stable,fitted_constants,0.0018943441295596,5.637442165969314e-07,24,3.128454248120885e-05,0.0018330264262964306,0.0019556618328227695
stable_order_minus_neutral,fixed,prefix_k05,fifteen,stable,fitted_constants,0.0018873575105118696,7.861899746651118e-07,24,3.6944731024332326e-05,0.0018149458377041783,0.001959769183319561
stable_order_minus_neutral,fixed,prefix_k05,four,stable,fitted_constants,0.0016096586142921975,3.791144571927932e-07,24,2.5655112970230048e-05,0.0015593745928705466,0.0016599426357138485
stable_order_minus_neutral,fixed,prefix_k05,two,stable,fitted_constants,0.0018943441295596,5.637442165969314e-07,24,3.128454248120885e-05,0.0018330264262964306,0.0019556618328227695
stable_order_minus_neutral,fixed,prefix_k1,fifteen,stable,fitted_constants,0.0011549025693589519,1.8530994539302654e-07,24,1.7936517365314444e-05,0.0011197469953229356,0.0011900581433949681
stable_order_minus_neutral,fixed,prefix_k1,four,stable,fitted_constants,0.0017281889736499275,3.0355367205371006e-07,24,2.295654379193489e-05,0.001683194147817735,0.0017731837994821198
stable_order_minus_neutral,fixed,prefix_k1,two,stable,fitted_constants,0.0018943441295596,5.637442165969314e-07,24,3.128454248120885e-05,0.0018330264262964306,0.0019556618328227695
stable_order_minus_neutral,fixed,terminal,fifteen,stable,fitted_constants,-5.997517297610481e-18,5.05177563675943e-35,24,2.961493510683158e-19,-6.57797002570438e-18,-5.4170645695165814e-18
stable_order_minus_neutral,fixed,terminal,four,stable,fitted_constants,-3.6718313574842417e-19,3.1212875328597213e-35,24,2.3278535105908937e-19,-8.234424238242393e-19,8.907615232739099e-20
stable_order_minus_neutral,fixed,terminal,two,stable,fitted_constants,7.04124258898986e-18,1.4369737030308123e-35,24,1.579476499415636e-19,6.731665195104396e-18,7.350819982875325e-18
stable_order_minus_neutral,updating,prefix_k0,fifteen,stable,fitted_constants,0.0026260584859562693,2.774475520454829e-06,24,6.940315395259362e-05,0.0024900283042091857,0.002762088667703353
stable_order_minus_neutral,updating,prefix_k0,four,stable,fitted_constants,0.0020242152109561976,2.632703959533282e-06,24,6.760670526221454e-05,0.0018917060686422572,0.002156724353270138
stable_order_minus_neutral,updating,prefix_k0,two,stable,fitted_constants,0.0018963440765590084,5.737462975554492e-07,24,3.1560851099817904e-05,0.0018344848084033652,0.0019582033447146513
stable_order_minus_neutral,updating,prefix_k05,fifteen,stable,fitted_constants,0.001882939068042911,7.887272740266157e-07,24,3.700429953497277e-05,0.0018104106409543644,0.0019554674951314578
stable_order_minus_neutral,updating,prefix_k05,four,stable,fitted_constants,0.0016068031193556768,3.8081804250544635e-07,24,2.57126901530215e-05,0.0015564062466557546,0.001657199992055599
stable_order_minus_neutral,updating,prefix_k05,two,stable,fitted_constants,0.0018963495258413835,5.665817752197151e-07,24,3.136317769793114e-05,0.0018348776975534386,0.0019578213541293285
stable_order_minus_neutral,updating,prefix_k1,fifteen,stable,fitted_constants,0.0011539740640270225,1.856561009475245e-07,24,1.7953262090789053e-05,0.001118785670329076,0.001189162457724969
stable_order_minus_neutral,updating,prefix_k1,four,stable,fitted_constants,0.0017281889736499275,3.0355367205371006e-07,24,2.295654379193489e-05,0.001683194147817735,0.0017731837994821198
stable_order_minus_neutral,updating,prefix_k1,two,stable,fitted_constants,0.0018943441295596,5.637442165969314e-07,24,3.128454248120885e-05,0.0018330264262964306,0.0019556618328227695
stable_order_minus_neutral,updating,terminal,fifteen,stable,fitted_constants,-5.854090043125515e-06,7.534862607880487e-10,24,1.1437376750914939e-06,-8.095815886304843e-06,-3.6123641999461872e-06
stable_order_minus_neutral,updating,terminal,four,stable,fitted_constants,-1.092342765064787e-05,1.7664628195847515e-09,24,1.7512212105972647e-06,-1.4355821223418509e-05,-7.491034077877232e-06
stable_order_minus_neutral,updating,terminal,two,stable,fitted_constants,-6.296191957114404e-06,2.0379622958760318e-10,24,5.948217368166608e-07,-7.462042561275059e-06,-5.130341352953749e-06
support_fifteen_minus_four,fixed,prefix_k0,fifteen,neutral,fitted_constants,3.0328977945966993e-05,2.7368903267834717e-08,24,6.893145657986131e-06,1.6818412456314176e-05,4.383954343561981e-05
support_fifteen_minus_four,fixed,prefix_k0,fifteen,neutral,original_grid,0.0033141068657943046,3.052707465666817e-07,24,2.3021379954546604e-05,0.0032689849610833934,0.0033592287705052157
support_fifteen_minus_four,fixed,prefix_k0,fifteen,stable,fitted_constants,0.0006313629759573876,5.306014054794685e-08,24,9.59782785646876e-06,0.0006125512333587088,0.0006501747185560664
support_fifteen_minus_four,fixed,prefix_k05,fifteen,neutral,fitted_constants,-0.005747323133789516,3.5225665057736497e-06,24,7.82020898077633e-05,-0.0059005992298127325,-0.0055940470377663
support_fifteen_minus_four,fixed,prefix_k05,fifteen,neutral,original_grid,0.027193776542841015,5.513068270524091e-05,24,0.00030937516191140797,0.026587401225494654,0.027800151860187375
support_fifteen_minus_four,fixed,prefix_k05,fifteen,stable,fitted_constants,-0.005469624237569837,2.4617921012509423e-06,24,6.537541296410547e-05,-0.005597760046979484,-0.005341488428160191
support_fifteen_minus_four,fixed,prefix_k1,fifteen,neutral,fitted_constants,-0.010950262633939646,1.2813661827376432e-05,24,0.00014915073138449078,-0.011242598067453247,-0.010657927200426045
support_fifteen_minus_four,fixed,prefix_k1,fifteen,neutral,original_grid,0.03358207628960748,0.0002425506929998819,24,0.0006489182946448612,0.032310196432103554,0.034853956147111405
support_fifteen_minus_four,fixed,prefix_k1,fifteen,stable,fitted_constants,-0.011523549038230586,8.969745942042913e-06,24,0.00012478972551385991,-0.011768136900237751,-0.011278961176223422
support_fifteen_minus_four,fixed,terminal,fifteen,neutral,fitted_constants,-3.0213100539929395e-19,1.4960412273802704e-35,24,1.611612173426098e-19,-6.180069913908092e-19,1.3744980592221284e-20
support_fifteen_minus_four,fixed,terminal,fifteen,neutral,original_grid,3.7176280572500295e-20,2.899676473461968e-37,24,2.2436935049611402e-20,-6.80011212473805e-21,8.115267326973865e-20
support_fifteen_minus_four,fixed,terminal,fifteen,stable,fitted_constants,-5.93246516726135e-18,5.182880025906395e-35,24,2.999675915916907e-19,-6.520401646781064e-18,-5.3445286877416365e-18
support_fifteen_minus_four,updating,prefix_k0,fifteen,neutral,fitted_constants,2.8460104620669304e-05,2.7345634447591907e-08,24,6.890214786553977e-06,1.495528363902351e-05,4.19649256023151e-05
support_fifteen_minus_four,updating,prefix_k0,fifteen,neutral,original_grid,0.003318515830974696,3.070163984562701e-07,24,2.30871085381701e-05,0.0032732650982398824,0.0033637665637095094
support_fifteen_minus_four,updating,prefix_k0,fifteen,stable,fitted_constants,0.0006303033796207293,5.303201723293214e-08,24,9.59528396467397e-06,0.0006114966230499683,0.0006491101361914903
support_fifteen_minus_four,updating,prefix_k05,fifteen,neutral,fitted_constants,-0.005737385897121799,3.5345666872380874e-06,24,7.833518046623264e-05,-0.005890922850835615,-0.005583848943407983
support_fifteen_minus_four,updating,prefix_k05,fifteen,neutral,original_grid,0.027603359360574783,5.446730806912121e-05,24,0.0003075082092093042,0.027000643270524545,0.02820607545062502
support_fifteen_minus_four,updating,prefix_k05,fifteen,stable,fitted_constants,-0.00546124994843455,2.4723973311390955e-06,24,6.551607800892879e-05,-0.005589661461332051,-0.0053328384355370495
support_fifteen_minus_four,updating,prefix_k1,fifteen,neutral,fitted_constants,-0.010932626360498984,1.2849462120100989e-05,24,0.00014935894334959878,-0.011225369889464197,-0.01063988283153377
support_fifteen_minus_four,updating,prefix_k1,fifteen,neutral,original_grid,0.03812439857449391,0.0002600148767957606,24,0.0006718740333271606,0.036807525469172674,0.03944127167981514
support_fifteen_minus_four,updating,prefix_k1,fifteen,stable,fitted_constants,-0.011506841270121861,9.003274007952453e-06,24,0.00012502273409897946,-0.01175188582895586,-0.011261796711287861
support_fifteen_minus_four,updating,terminal,fifteen,neutral,fitted_constants,2.3791404373519974e-07,2.3036617026803124e-12,24,6.324090984690553e-08,1.1396186043526492e-07,3.618662270351346e-07
support_fifteen_minus_four,updating,terminal,fifteen,neutral,original_grid,-0.0003760005276170614,5.366443123177926e-08,24,9.652326938772335e-06,-0.0003949190884170552,-0.0003570819668170676
support_fifteen_minus_four,updating,terminal,fifteen,stable,fitted_constants,5.3072516512571e-06,2.75725340368175e-10,24,6.91874141031504e-07,3.951178334835352e-06,6.663324967678848e-06
support_four_minus_two,fixed,prefix_k0,four,neutral,fitted_constants,-0.001679423179643475,3.5201295272982547e-06,24,7.817503428136635e-05,-0.001832646246834953,-0.001526200112451997
support_four_minus_two,fixed,prefix_k0,four,neutral,original_grid,0.04975155091424658,0.00018022039034866854,24,0.0005593591173236609,0.04865520704429221,0.05084789478420095
support_four_minus_two,fixed,prefix_k0,four,stable,fitted_constants,-0.001540237621580458,9.61104423429024e-07,24,4.084830557628023e-05,-0.0016203003005099673,-0.0014601749426509487
support_four_minus_two,fixed,prefix_k05,four,neutral,fitted_constants,-0.0002604581774297376,3.310975283439226e-07,24,2.3975447812696013e-05,-0.00030745005514262177,-0.00021346629971685343
support_four_minus_two,fixed,prefix_k05,four,neutral,original_grid,0.010476031683793262,6.466801615095947e-05,24,0.00033506844281906576,0.009819297535867893,0.01113276583171863
support_four_minus_two,fixed,prefix_k05,four,stable,fitted_constants,-0.0005451436926970828,3.812687000256812e-07,24,2.5727899767246342e-05,-0.0005955703762408857,-0.00049471700915328
support_four_minus_two,fixed,prefix_k1,four,neutral,fitted_constants,-1.4253644560942767e-19,1.3319804272014158e-35,24,1.520679459796476e-19,-4.405896197295369e-19,1.5551672851068163e-19
support_four_minus_two,fixed,prefix_k1,four,neutral,original_grid,2.8489016701271905e-19,3.962587120148113e-37,24,2.622878481370214e-20,2.334817487778629e-19,3.362985852475752e-19
support_four_minus_two,fixed,prefix_k1,four,stable,fitted_constants,-0.00016615515590964018,4.869742633393436e-08,24,9.19478890137551e-06,-0.00018417694215633616,-0.0001481333696629442
support_four_minus_two,fixed,terminal,four,neutral,fitted_constants,-1.9949319973733287e-20,1.2421798998626206e-35,24,1.4685238595781763e-19,-3.0777999645105586e-19,2.6788135650358926e-19
support_four_minus_two,fixed,terminal,four,neutral,original_grid,2.3756691058807185e-19,3.2326400681348803e-37,24,2.3690129464635572e-20,1.9113425683738612e-19,2.8399956433875755e-19
support_four_minus_two,fixed,terminal,four,stable,fitted_constants,-7.428375044712018e-18,1.6501841582761173e-35,24,1.69260244965045e-19,-7.760125124843505e-18,-7.09662496458053e-18
support_four_minus_two,updating,prefix_k0,four,neutral,fitted_constants,-0.0016681208283379995,3.5320990628061596e-06,24,7.830783120788696e-05,-0.001821604177505458,-0.001514637479170541
support_four_minus_two,updating,prefix_k0,four,neutral,original_grid,0.04609864528552565,0.00016578507601371128,24,0.0005364898065423092,0.045047125264702725,0.04715016530634858
support_four_minus_two,updating,prefix_k0,four,stable,fitted_constants,-0.0015402496939408133,9.792873712417427e-07,24,4.123289568031308e-05,-0.001621066169474227,-0.0014594332184073996
support_four_minus_two,updating,prefix_k05,four,neutral,fitted_constants,-0.00025694971992902327,3.318643405733088e-07,24,2.400319497589609e-05,-0.0003039959820817796,-0.00020990345777626693
support_four_minus_two,updating,prefix_k05,four,neutral,original_grid,0.010080735494818287,6.503473063609006e-05,24,0.0003360171401363837,0.009422141900150975,0.0107393290894856
support_four_minus_two,updating,prefix_k05,four,stable,fitted_constants,-0.0005464961264146578,3.8285619454198614e-07,24,2.5781405960537904e-05,-0.0005970276820973121,-0.0004959645707320034
support_four_minus_two,updating,prefix_k1,four,neutral,fitted_constants,-1.6942465948706816e-19,1.325949875931809e-35,24,1.5172331107584003e-19,-4.668023491957146e-19,1.279530302215783e-19
support_four_minus_two,updating,prefix_k1,four,neutral,original_grid,3.0113180467713127e-19,3.972291389225684e-37,24,2.6260881968063642e-20,2.4966047601972653e-19,3.52603133334536e-19
support_four_minus_two,updating,prefix_k1,four,stable,fitted_constants,-0.00016615515590964018,4.8697426333934355e-08,24,9.194788901375509e-06,-0.00018417694215633616,-0.0001481333696629442
support_four_minus_two,updating,terminal,four,neutral,fitted_constants,7.297757458469879e-06,2.1464502199063763e-09,24,1.9304082667214073e-06,3.514157255695921e-06,1.1081357661243837e-05
support_four_minus_two,updating,terminal,four,neutral,original_grid,-0.004142449537978447,1.2519423896119608e-05,24,0.00014742832472345064,-0.00443140905443641,-0.0038534900215204835
support_four_minus_two,updating,terminal,four,stable,fitted_constants,2.670521764933008e-06,2.2304332016308777e-10,24,6.2227645495732e-07,1.4508599132166608e-06,3.890183616649355e-06
updating_minus_fixed,updating,kernel_global,two,neutral,fitted_constants,2.76566975646223e-05,5.619282490491118e-08,24,9.877094090983311e-06,8.297593146295012e-06,4.701580198294959e-05
updating_minus_fixed,updating,kernel_global,two,neutral,original_grid,0.0114209329055429,2.7420389192160313e-05,24,0.00021818533944218286,0.010993289640236222,0.011848576170849577
updating_minus_fixed,updating,kernel_incremental,two,neutral,fitted_constants,1.3179348944746669e-05,1.2373149485938003e-08,24,4.6347774813873965e-06,4.095185081227371e-06,2.2263512808265964e-05
updating_minus_fixed,updating,kernel_incremental,two,neutral,original_grid,0.010403593693620776,2.1867282472782387e-05,24,0.0001948436092634366,0.010021700219464441,0.010785487167777112
updating_minus_fixed,updating,original_global,two,neutral,fitted_constants,0.00017792567969286734,6.010621174949256e-08,24,1.021523676010944e-05,0.00015790381564305284,0.00019794754374268184
updating_minus_fixed,updating,original_global,two,neutral,original_grid,0.014651162048463588,3.702179604376463e-05,24,0.00025352307876181436,0.014154256814090431,0.015148067282836745
updating_minus_fixed,updating,original_incremental,two,neutral,fitted_constants,8.452583517488354e-05,1.3239629487478304e-08,24,4.794316203610833e-06,7.51289754158063e-05,9.392269493396077e-05
updating_minus_fixed,updating,original_incremental,two,neutral,original_grid,0.012886253323487305,2.918493862585064e-05,24,0.00022509619327175468,0.012445064784674666,0.013327441862299944
updating_minus_fixed,updating,prefix_k0,fifteen,neutral,fitted_constants,3.691547769155938e-05,1.3676145918752596e-07,24,1.5408863970690135e-05,6.7141043090067145e-06,6.711685107411205e-05
updating_minus_fixed,updating,prefix_k0,fifteen,neutral,original_grid,0.005150101779076562,1.0801827293431775e-05,24,0.0001369422227964413,0.004881695022395537,0.0054185085357575866
updating_minus_fixed,updating,prefix_k0,fifteen,stable,fitted_constants,2.841027801376024e-05,8.63878884265368e-08,24,1.2246590258628625e-05,4.4069611068481346e-06,5.241359492067235e-05
updating_minus_fixed,updating,prefix_k0,four,neutral,fitted_constants,3.878435101686638e-05,1.3396472400410652e-07,24,1.5250496576848333e-05,8.893377726243646e-06,6.867532430748911e-05
updating_minus_fixed,updating,prefix_k0,four,neutral,original_grid,0.005145692813896167,1.0668375174399933e-05,24,0.0001360936614166055,0.00487894923751962,0.005412436390272714
updating_minus_fixed,updating,prefix_k0,four,stable,fitted_constants,2.9469874350417333e-05,8.59330121650288e-08,24,1.2214305433832608e-05,5.529835700105421e-06,5.340991300072925e-05
updating_minus_fixed,updating,prefix_k0,two,neutral,fitted_constants,2.7481999711379102e-05,5.510116583045454e-08,24,9.780682298972195e-06,8.3118624053936e-06,4.6652137017364604e-05
updating_minus_fixed,updating,prefix_k0,two,neutral,original_grid,0.008798598442617078,1.727936959408677e-05,24,0.00017320192130946331,0.00845912267685053,0.009138074208383626
updating_minus_fixed,updating,prefix_k0,two,stable,fitted_constants,2.9481946710795584e-05,2.738647026303276e-08,24,6.895357519212852e-06,1.5967045973138394e-05,4.2996847448452775e-05
updating_minus_fixed,updating,prefix_k05,fifteen,neutral,fitted_constants,2.7410955378445152e-05,5.979893374191789e-08,24,1.0189091878177408e-05,7.4403352972174335e-06,4.738157545967287e-05
updating_minus_fixed,updating,prefix_k05,fifteen,neutral,original_grid,0.005091279681807388,7.808587398564592e-06,24,0.00011643270736665963,0.004863071575368735,0.005319487788246041
updating_minus_fixed,updating,prefix_k05,fifteen,stable,fitted_constants,2.299251290947802e-05,3.794128292123767e-08,24,8.116050939303607e-06,7.085053068442948e-06,3.889997275051309e-05
updating_minus_fixed,updating,prefix_k05,four,neutral,fitted_constants,1.7473718710729416e-05,2.3433993811349293e-08,24,6.378402388811208e-06,4.972050028659449e-06,2.997538739279938e-05
updating_minus_fixed,updating,prefix_k05,four,neutral,original_grid,0.004681696864073609,4.939827111781597e-06,24,9.260717432106402e-05,0.004500186802404323,0.004863206925742894
updating_minus_fixed,updating,prefix_k05,four,stable,fitted_constants,1.461822377419902e-05,1.2675904188761027e-08,24,4.6911382526512575e-06,5.423592799002555e-06,2.3812854749395484e-05
updating_minus_fixed,updating,prefix_k05,two,neutral,fitted_constants,1.3965261210013405e-05,1.3815117764983214e-08,24,4.897405379698097e-06,4.3663466658051355e-06,2.3564175754221676e-05
updating_minus_fixed,updating,prefix_k05,two,neutral,original_grid,0.005076993053048589,6.1673766909734394e-06,24,0.00010347584838795315,0.004874180390208201,0.005279805715888977
updating_minus_fixed,updating,prefix_k05,two,stable,fitted_constants,1.5970657491784224e-05,7.166744965475664e-09,24,3.5273595741094947e-06,9.057032726529614e-06,2.2884282257038834e-05
updating_minus_fixed,updating,prefix_k1,fifteen,neutral,fitted_constants,1.7636273440651268e-05,2.17458964621178e-08,24,6.144370795203893e-06,5.593306682051638e-06,2.9679240199250896e-05
updating_minus_fixed,updating,prefix_k1,fifteen,neutral,original_grid,0.004542322284886386,4.957365557008673e-06,24,9.277142569434988e-05,0.00436049029052546,0.004724154279247311
updating_minus_fixed,updating,prefix_k1,fifteen,stable,fitted_constants,1.6707768108726388e-05,1.6651615718786556e-08,24,5.376714151536956e-06,6.169408371713954e-06,2.724612784573882e-05
updating_minus_fixed,updating,prefix_k1,four,neutral,fitted_constants,-2.4821001735434816e-19,1.1072559436499803e-35,24,1.3864773155787833e-19,-5.199595712077897e-19,2.3539536499093386e-20
updating_minus_fixed,updating,prefix_k1,four,neutral,original_grid,2.706399918987282e-20,3.345419005116816e-37,24,2.4099832169759156e-20,-2.0171671862855126e-20,7.429967024260076e-20
updating_minus_fixed,updating,prefix_k1,four,stable,fitted_constants,-2.8116976339790752e-19,1.0118781911644745e-35,24,1.325418036232968e-19,-5.409516984995692e-19,-2.1387828296245827e-20
updating_minus_fixed,updating,prefix_k1,two,neutral,fitted_constants,-2.2132180347670767e-19,1.0289945127933e-35,24,1.336581013980377e-19,-4.832916822168616e-19,4.064807526344621e-20
updating_minus_fixed,updating,prefix_k1,two,neutral,original_grid,1.0822361525460642e-20,3.265819234267669e-37,24,2.3811394456210416e-20,-3.5847971608711776e-20,5.749269465963306e-20
updating_minus_fixed,updating,prefix_k1,two,stable,fitted_constants,-1.8836205743314829e-19,9.076261549716194e-36,24,1.2552847694373112e-19,-4.343978722428613e-19,5.767375737656468e-20
updating_minus_fixed,updating,terminal,fifteen,neutral,fitted_constants,3.519236906683451e-05,7.973004295238019e-08,24,1.1765212002296999e-05,1.2132553542332395e-05,5.8252184591336625e-05
updating_minus_fixed,updating,terminal,fifteen,neutral,original_grid,0.006886681767573454,1.6321100242553697e-05,24,0.0001683307561815598,0.006556753485457597,0.007216610049689311
updating_minus_fixed,updating,terminal,fifteen,stable,fitted_constants,2.9338279023710406e-05,6.62892845157502e-08,24,1.0727793966860086e-05,8.311802848664637e-06,5.036475519875617e-05
updating_minus_fixed,updating,terminal,four,neutral,fitted_constants,3.4954455023095765e-05,7.901444654571127e-08,24,1.1712295188659832e-05,1.1998356453322496e-05,5.7910553592869035e-05
updating_minus_fixed,updating,terminal,four,neutral,original_grid,0.007262682295190518,1.7158405209512497e-05,24,0.00017259460574763457,0.006924396867925155,0.007600967722455882
updating_minus_fixed,updating,terminal,four,stable,fitted_constants,2.403102737244517e-05,5.874921566031759e-08,24,1.0099265620674616e-05,4.236466755922922e-06,4.382558798896742e-05
updating_minus_fixed,updating,terminal,two,neutral,fitted_constants,2.76566975646223e-05,5.619282490491118e-08,24,9.877094090983311e-06,8.297593146295012e-06,4.701580198294959e-05
updating_minus_fixed,updating,terminal,two,neutral,original_grid,0.011405131833168942,2.7164801359610352e-05,24,0.00021716609650575236,0.010979486284017667,0.011830777382320218
updating_minus_fixed,updating,terminal,two,stable,fitted_constants,2.136050560750923e-05,5.225101614895927e-08,24,9.524367154990103e-06,2.6927459837286306e-06,4.002826523128983e-05
