semantics,rule,support,order,parameter_set,metric,mean,variance,groups,mcse,lower_mc95,upper_mc95
fixed,kernel_global,two,neutral,fitted_constants,listener_advantage,7.667477763817487e-19,1.0288811872871316e-35,24,1.3365074116002431e-19,5.047923237081011e-19,1.0287032290553964e-18
fixed,kernel_global,two,neutral,fitted_constants,speaker_size_first_given_set,0.5,7.064287901718756e-35,24,3.502054927933274e-19,0.5,0.5
fixed,kernel_global,two,neutral,original_grid,listener_advantage,-5.070203516292319e-19,2.8200222374373766e-37,24,2.212661731940842e-20,-5.503885215752724e-19,-4.636521816831914e-19
fixed,kernel_global,two,neutral,original_grid,speaker_size_first_given_set,0.5,8.945260202158933e-38,24,1.2461928273244131e-20,0.5,0.5
fixed,kernel_incremental,two,neutral,fitted_constants,listener_advantage,0.009835854296304925,7.228592735875307e-06,24,0.00011202517648479821,0.00961628495039472,0.010055423642215129
fixed,kernel_incremental,two,neutral,fitted_constants,speaker_size_first_given_set,0.5226024511659587,3.755772548443006e-06,24,8.074923189825397e-05,0.5224441826714381,0.5227607196604793
fixed,kernel_incremental,two,neutral,original_grid,listener_advantage,-0.008063238509660408,5.317542950423305e-05,24,0.000303839520142467,-0.008658763969139643,-0.0074677130501811725
fixed,kernel_incremental,two,neutral,original_grid,speaker_size_first_given_set,0.48901521877668785,3.621263962587257e-05,24,0.00025073724497397644,0.4885237737765389,0.4895066637768368
fixed,original_global,two,neutral,fitted_constants,listener_advantage,-1.1131142304184516e-19,1.1022159968088948e-35,24,1.3833182710079164e-19,-3.8244180415939675e-19,1.5981895807570644e-19
fixed,original_global,two,neutral,fitted_constants,speaker_size_first_given_set,0.5,7.49767033565094e-35,24,3.6078787087666583e-19,0.5,0.5
fixed,original_global,two,neutral,original_grid,listener_advantage,-1.2580908537174194e-19,2.124175295783754e-37,24,1.9203656768849796e-20,-1.6344825263868756e-19,-8.816991810479634e-20
fixed,original_global,two,neutral,original_grid,speaker_size_first_given_set,0.5,4.935315973604929e-38,24,9.256487940152933e-21,0.5,0.5
fixed,original_incremental,two,neutral,fitted_constants,listener_advantage,0.009719206645484429,7.224419871997265e-06,24,0.00011199283732054638,0.009499700684336159,0.0099387126066327
fixed,original_incremental,two,neutral,fitted_constants,speaker_size_first_given_set,0.5222511482564833,3.722981371632875e-06,24,8.039595341652165e-05,0.522093572187787,0.5224087243251797
fixed,original_incremental,two,neutral,original_grid,listener_advantage,-0.008499625200277063,5.316444497363896e-05,24,0.0003038081362221721,-0.00909508914727252,-0.007904161253281606
fixed,original_incremental,two,neutral,original_grid,speaker_size_first_given_set,0.4877707042014519,3.6122724367089014e-05,24,0.0002504257637251154,0.48727986970455067,0.48826153869835315
fixed,prefix_k0,fifteen,neutral,fitted_constants,listener_advantage,0.01890600076362341,2.3975637677131002e-05,24,0.00020402051604493437,0.018506120552175338,0.019305880975071483
fixed,prefix_k0,fifteen,neutral,fitted_constants,speaker_size_first_given_set,0.5395889238930961,1.1570044804447298e-05,24,0.00014172820234891267,0.5393111366164922,0.5398667111697
fixed,prefix_k0,fifteen,neutral,original_grid,listener_advantage,0.025886368197721204,7.876034875963264e-05,24,0.00036977928091847494,0.025161600807120994,0.026611135588321413
fixed,prefix_k0,fifteen,neutral,original_grid,speaker_size_first_given_set,0.4815557184439883,8.880057326510142e-05,24,0.0003926419003603396,0.4807861403192821,0.48232529656869455
fixed,prefix_k0,fifteen,stable,fitted_constants,listener_advantage,0.021540564449257518,3.453524655008387e-05,24,0.00024486123674555407,0.021060636425236232,0.022020492473278804
fixed,prefix_k0,fifteen,stable,fitted_constants,speaker_size_first_given_set,0.9941241241584353,6.263742307849894e-09,24,3.2976586569557125e-06,0.9941176607474677,0.994130587569403
fixed,prefix_k0,four,neutral,fitted_constants,listener_advantage,0.018875671785677447,2.2909994142350178e-05,24,0.00019943494023371287,0.01848477930281937,0.019266564268535524
fixed,prefix_k0,four,neutral,fitted_constants,speaker_size_first_given_set,0.5395889238930961,1.1570044804447298e-05,24,0.00014172820234891267,0.5393111366164922,0.5398667111697
fixed,prefix_k0,four,neutral,original_grid,listener_advantage,0.022572261331926868,7.70579146711137e-05,24,0.0003657609900735348,0.02185536979138274,0.023289152872470995
fixed,prefix_k0,four,neutral,original_grid,speaker_size_first_given_set,0.4815557184439883,8.8800573265101e-05,24,0.00039264190036033864,0.4807861403192821,0.48232529656869455
fixed,prefix_k0,four,stable,fitted_constants,listener_advantage,0.020909201473300082,3.424741099725969e-05,24,0.0002438386982394948,0.020431277624750672,0.02138712532184949
fixed,prefix_k0,four,stable,fitted_constants,speaker_size_first_given_set,0.9941241241584353,6.263742307849907e-09,24,3.297658656955716e-06,0.9941176607474677,0.994130587569403
fixed,prefix_k0,two,neutral,fitted_constants,listener_advantage,0.020555094965320944,3.5061341337086514e-05,24,0.00024671924178258815,0.02007152525142707,0.02103866467921482
fixed,prefix_k0,two,neutral,fitted_constants,speaker_size_first_given_set,0.5395889238930961,1.1570044804447298e-05,24,0.00014172820234891267,0.5393111366164922,0.5398667111697
fixed,prefix_k0,two,neutral,original_grid,listener_advantage,-0.027179289582319664,0.0003729212417972089,24,0.0008046320348168395,-0.02875636837056067,-0.025602210794078657
fixed,prefix_k0,two,neutral,original_grid,speaker_size_first_given_set,0.4815557184439883,8.880057326510142e-05,24,0.0003926419003603396,0.4807861403192821,0.48232529656869455
fixed,prefix_k0,two,stable,fitted_constants,listener_advantage,0.022449439094880563,3.004920393449378e-05,24,0.00022840480912344726,0.022001765668998606,0.02289711252076252
fixed,prefix_k0,two,stable,fitted_constants,speaker_size_first_given_set,0.9941241241584353,6.263742307849904e-09,24,3.2976586569557155e-06,0.9941176607474677,0.994130587569403
fixed,prefix_k05,fifteen,neutral,fitted_constants,listener_advantage,0.014547313654101654,1.4613170971352034e-05,24,0.0001592799061147721,0.0142351250381167,0.014859502270086608
fixed,prefix_k05,fifteen,neutral,fitted_constants,speaker_size_first_given_set,0.5311274070381983,7.148016828092765e-06,24,0.00011139906389939303,0.5309090648729554,0.5313457492034411
fixed,prefix_k05,fifteen,neutral,original_grid,listener_advantage,0.010490518644314613,6.724273493220268e-05,24,0.0003416736151026244,0.009820838358713469,0.011160198929915757
fixed,prefix_k05,fifteen,neutral,original_grid,speaker_size_first_given_set,0.4852525138651603,5.9910537520690434e-05,24,0.00032250790666634794,0.48462039836809423,0.4858846293622263
fixed,prefix_k05,fifteen,stable,fitted_constants,listener_advantage,0.01643467116461358,1.8507939573966228e-05,24,0.0001792535621351381,0.01608333418282871,0.01678600814639845
fixed,prefix_k05,fifteen,stable,fitted_constants,speaker_size_first_given_set,0.9939450622999461,4.065378901200774e-09,24,2.6566801616399633e-06,0.9939398552068293,0.9939502693930629
fixed,prefix_k05,four,neutral,fitted_constants,listener_advantage,0.020294636787891205,3.140852739207366e-05,24,0.00023351379699927105,0.019836949745772634,0.020752323830009776
fixed,prefix_k05,four,neutral,fitted_constants,speaker_size_first_given_set,0.5395889238930961,1.1570044804447298e-05,24,0.00014172820234891267,0.5393111366164922,0.5398667111697
fixed,prefix_k05,four,neutral,original_grid,listener_advantage,-0.01670325789852639,0.00022212906556467234,24,0.0006209997897161932,-0.01792041748637013,-0.015486098310682653
fixed,prefix_k05,four,neutral,original_grid,speaker_size_first_given_set,0.4815557184439883,8.8800573265101e-05,24,0.00039264190036033864,0.4807861403192821,0.48232529656869455
fixed,prefix_k05,four,stable,fitted_constants,listener_advantage,0.021904295402183444,3.4258364189732445e-05,24,0.00024387768802882625,0.021426295133646946,0.02238229567071994
fixed,prefix_k05,four,stable,fitted_constants,speaker_size_first_given_set,0.9941241241584353,6.263742307849909e-09,24,3.2976586569557167e-06,0.9941176607474677,0.994130587569403
fixed,prefix_k05,two,neutral,fitted_constants,listener_advantage,0.02055509496532094,3.5061341337086514e-05,24,0.00024671924178258815,0.020071525251427066,0.021038664679214815
fixed,prefix_k05,two,neutral,fitted_constants,speaker_size_first_given_set,0.5395889238930961,1.1570044804447298e-05,24,0.00014172820234891267,0.5393111366164922,0.5398667111697
fixed,prefix_k05,two,neutral,original_grid,listener_advantage,-0.027179289582319664,0.0003729212417972089,24,0.0008046320348168395,-0.02875636837056067,-0.025602210794078657
fixed,prefix_k05,two,neutral,original_grid,speaker_size_first_given_set,0.4815557184439883,8.8800573265101e-05,24,0.00039264190036033864,0.4807861403192821,0.48232529656869455
fixed,prefix_k05,two,stable,fitted_constants,listener_advantage,0.02244943909488056,3.004920393449378e-05,24,0.00022840480912344726,0.022001765668998603,0.022897112520762517
fixed,prefix_k05,two,stable,fitted_constants,speaker_size_first_given_set,0.9941241241584353,6.263742307849908e-09,24,3.2976586569557167e-06,0.9941176607474677,0.994130587569403
fixed,prefix_k1,fifteen,neutral,fitted_constants,listener_advantage,0.009604832331381267,6.064445248665915e-06,24,0.00010260872662173466,0.009403719227202668,0.009805945435559866
fixed,prefix_k1,fifteen,neutral,fitted_constants,speaker_size_first_given_set,0.5226024511659587,3.755772548443006e-06,24,8.074923189825397e-05,0.5224441826714381,0.5227607196604793
fixed,prefix_k1,fifteen,neutral,original_grid,listener_advantage,0.006402786707287771,2.949284786003718e-05,24,0.00022628049157653895,0.005959276943797755,0.0068462964707777865
fixed,prefix_k1,fifteen,neutral,original_grid,speaker_size_first_given_set,0.48901521877668785,3.621263962587257e-05,24,0.00025073724497397644,0.4885237737765389,0.4895066637768368
fixed,prefix_k1,fifteen,stable,fitted_constants,listener_advantage,0.010759734900740267,7.186979125164153e-06,24,0.0001117022574280444,0.0105407984761813,0.010978671325299234
fixed,prefix_k1,fifteen,stable,fitted_constants,speaker_size_first_given_set,0.9937541338462283,2.256408675036067e-09,24,1.9792362597571864e-06,0.9937502545431592,0.9937580131492975
fixed,prefix_k1,four,neutral,fitted_constants,listener_advantage,0.02055509496532093,3.5061341337086514e-05,24,0.00024671924178258815,0.020071525251427056,0.021038664679214805
fixed,prefix_k1,four,neutral,fitted_constants,speaker_size_first_given_set,0.5395889238930961,1.1570044804447298e-05,24,0.00014172820234891267,0.5393111366164922,0.5398667111697
fixed,prefix_k1,four,neutral,original_grid,listener_advantage,-0.02717928958231967,0.0003729212417972089,24,0.0008046320348168395,-0.028756368370560677,-0.025602210794078664
fixed,prefix_k1,four,neutral,original_grid,speaker_size_first_given_set,0.4815557184439883,8.880057326510142e-05,24,0.0003926419003603396,0.4807861403192821,0.48232529656869455
fixed,prefix_k1,four,stable,fitted_constants,listener_advantage,0.022283283938970874,3.16870232683758e-05,24,0.00023454678248542135,0.021823572245299447,0.0227429956326423
fixed,prefix_k1,four,stable,fitted_constants,speaker_size_first_given_set,0.9941241241584353,6.263742307849914e-09,24,3.2976586569557176e-06,0.9941176607474677,0.994130587569403
fixed,prefix_k1,two,neutral,fitted_constants,listener_advantage,0.02055509496532093,3.5061341337086514e-05,24,0.00024671924178258815,0.020071525251427056,0.021038664679214805
fixed,prefix_k1,two,neutral,fitted_constants,speaker_size_first_given_set,0.5395889238930961,1.1570044804447298e-05,24,0.00014172820234891267,0.5393111366164922,0.5398667111697
fixed,prefix_k1,two,neutral,original_grid,listener_advantage,-0.02717928958231967,0.0003729212417972089,24,0.0008046320348168395,-0.028756368370560677,-0.025602210794078664
fixed,prefix_k1,two,neutral,original_grid,speaker_size_first_given_set,0.4815557184439883,8.8800573265101e-05,24,0.00039264190036033864,0.4807861403192821,0.48232529656869455
fixed,prefix_k1,two,stable,fitted_constants,listener_advantage,0.02244943909488056,3.004920393449378e-05,24,0.00022840480912344726,0.022001765668998603,0.022897112520762517
fixed,prefix_k1,two,stable,fitted_constants,speaker_size_first_given_set,0.9941241241584353,6.2637423078499056e-09,24,3.2976586569557155e-06,0.9941176607474677,0.994130587569403
fixed,terminal,fifteen,neutral,fitted_constants,listener_advantage,4.446674510087216e-19,1.472266041525882e-35,24,1.5987549634652135e-19,1.3131147816953973e-19,7.580234238479034e-19
fixed,terminal,fifteen,neutral,fitted_constants,speaker_size_first_given_set,0.5,9.276234829638815e-35,24,4.0130505051658435e-19,0.5,0.5
fixed,terminal,fifteen,neutral,original_grid,listener_advantage,-2.0541670216663496e-19,3.2398551091495747e-37,24,2.3716552138505877e-20,-2.519011443581065e-19,-1.5893225997516343e-19
fixed,terminal,fifteen,neutral,original_grid,speaker_size_first_given_set,0.5,4.0099442285540044e-38,24,8.343685474733859e-21,0.5,0.5
fixed,terminal,fifteen,stable,fitted_constants,listener_advantage,-5.5528498466017604e-18,4.239999924522926e-35,24,2.713136741868077e-19,-6.084624648007904e-18,-5.021075045195617e-18
fixed,terminal,fifteen,stable,fitted_constants,speaker_size_first_given_set,0.993189769490492,1.71193772834421e-34,24,5.451709925985331e-19,0.993189769490492,0.993189769490492
fixed,terminal,four,neutral,fitted_constants,listener_advantage,7.467984564080155e-19,1.4210924297654478e-35,24,1.570724150585226e-19,4.389365228933112e-19,1.05466038992272e-18
fixed,terminal,four,neutral,fitted_constants,speaker_size_first_given_set,0.5,8.547041894538686e-35,24,3.85209221076557e-19,0.5,0.5
fixed,terminal,four,neutral,original_grid,listener_advantage,-2.4259298273913527e-19,3.2248791433258014e-37,24,2.3661674735145872e-20,-2.889698652200212e-19,-1.9621610025824937e-19
fixed,terminal,four,neutral,original_grid,speaker_size_first_given_set,0.5,2.776115235152773e-38,24,6.9423659551147e-21,0.5,0.5
fixed,terminal,four,stable,fitted_constants,listener_advantage,3.7961532065959127e-19,2.1491507337953862e-35,24,1.931622237497479e-19,1.017362110085393e-21,7.582132792090971e-19
fixed,terminal,four,stable,fitted_constants,speaker_size_first_given_set,0.993189769490492,1.7152690666263933e-34,24,5.4570117144049325e-19,0.993189769490492,0.993189769490492
fixed,terminal,two,neutral,fitted_constants,listener_advantage,7.667477763817487e-19,1.0288811872871316e-35,24,1.3365074116002431e-19,5.047923237081011e-19,1.0287032290553964e-18
fixed,terminal,two,neutral,fitted_constants,speaker_size_first_given_set,0.5,7.064287901718756e-35,24,3.502054927933274e-19,0.5,0.5
fixed,terminal,two,neutral,original_grid,listener_advantage,-4.801598933272071e-19,2.7308496823635074e-37,24,2.1773971792774816e-20,-5.228368780410457e-19,-4.374829086133685e-19
fixed,terminal,two,neutral,original_grid,speaker_size_first_given_set,0.5,8.945260202158933e-38,24,1.2461928273244131e-20,0.5,0.5
fixed,terminal,two,stable,fitted_constants,listener_advantage,7.80799036537161e-18,7.591022222863237e-36,24,1.14799207426725e-19,7.582983918815228e-18,8.03299681192799e-18
fixed,terminal,two,stable,fitted_constants,speaker_size_first_given_set,0.993189769490492,0.0,24,0.0,0.993189769490492,0.993189769490492
updating,kernel_global,two,neutral,fitted_constants,listener_advantage,2.7656697564618804e-05,5.619282490491118e-08,24,9.877094090983311e-06,8.297593146291515e-06,4.701580198294609e-05
updating,kernel_global,two,neutral,fitted_constants,speaker_size_first_given_set,0.49993781757028777,1.685369793573499e-07,24,1.7105523157606116e-05,0.49990429074489884,0.4999713443956767
updating,kernel_global,two,neutral,original_grid,listener_advantage,0.0114209329055429,2.7420389192160313e-05,24,0.00021818533944218286,0.010993289640236222,0.011848576170849577
updating,kernel_global,two,neutral,original_grid,speaker_size_first_given_set,0.5026903938941273,6.675713101071102e-06,24,0.00010765583908622677,0.5024793884495182,0.5029013993387363
updating,kernel_incremental,two,neutral,fitted_constants,listener_advantage,0.009849033645249668,7.224899703939624e-06,24,0.00011199655643220892,0.009629520394642538,0.010068546895856798
updating,kernel_incremental,two,neutral,fitted_constants,speaker_size_first_given_set,0.5225688895106569,3.7264962624841535e-06,24,8.04338956336989e-05,0.5224112390752149,0.522726539946099
updating,kernel_incremental,two,neutral,original_grid,listener_advantage,0.0023403551839603683,4.7258188070493485e-05,24,0.0002864357962967658,0.0017789410232187074,0.0029017693447020293
updating,kernel_incremental,two,neutral,original_grid,speaker_size_first_given_set,0.4899870582087646,3.550468225400938e-05,24,0.0002482741898741292,0.4895004407966113,0.49047367562091787
updating,original_global,two,neutral,fitted_constants,listener_advantage,0.00017792567969286658,6.010621174949256e-08,24,1.021523676010944e-05,0.00015790381564305208,0.00019794754374268108
updating,original_global,two,neutral,fitted_constants,speaker_size_first_given_set,0.5003802420989354,1.8734893299840304e-07,24,1.803492623309945e-05,0.5003448936435185,0.5004155905543523
updating,original_global,two,neutral,original_grid,listener_advantage,0.014651162048463588,3.702179604376463e-05,24,0.00025352307876181436,0.014154256814090431,0.015148067282836745
updating,original_global,two,neutral,original_grid,speaker_size_first_given_set,0.5040804638523717,6.652522403916922e-06,24,0.00010746868410079174,0.5038698252315341,0.5042911024732093
updating,original_incremental,two,neutral,fitted_constants,listener_advantage,0.009803732480659312,7.22173102880336e-06,24,0.00011197199417962239,0.009584267372067252,0.010023197589251371
updating,original_incremental,two,neutral,fitted_constants,speaker_size_first_given_set,0.5224219712785362,3.7072236821532672e-06,24,8.022563322255882e-05,0.5222647290374199,0.5225792135196524
updating,original_incremental,two,neutral,original_grid,listener_advantage,0.004386628123210258,5.266693139548554e-05,24,0.0003023832746430084,0.0037939569049099614,0.004979299341510555
updating,original_incremental,two,neutral,original_grid,speaker_size_first_given_set,0.4892473722259781,3.566051511317803e-05,24,0.0002488184408679029,0.488759688081877,0.4897350563700792
updating,prefix_k0,fifteen,neutral,fitted_constants,listener_advantage,0.018942916241314983,2.4008842357478113e-05,24,0.00020416174465783945,0.018542759221785617,0.01934307326084435
updating,prefix_k0,fifteen,neutral,fitted_constants,speaker_size_first_given_set,0.5395289090105077,1.150526910986216e-05,24,0.0001413309079357914,0.5392519004309535,0.5398059175900618
updating,prefix_k0,fifteen,neutral,original_grid,listener_advantage,0.03103646997679781,7.82310260474548e-05,24,0.0003685346029270644,0.030314142155060765,0.031758797798534855
updating,prefix_k0,fifteen,neutral,original_grid,speaker_size_first_given_set,0.4841189105904169,8.797910243554986e-05,24,0.0003908215670660215,0.4833529003189675,0.4848849208618663
updating,prefix_k0,fifteen,stable,fitted_constants,listener_advantage,0.021568974727271293,3.453594476590764e-05,24,0.000244863711972215,0.02108904185180575,0.022048907602736836
updating,prefix_k0,fifteen,stable,fitted_constants,speaker_size_first_given_set,0.9941230241261522,6.2306182072756395e-09,24,3.2889277126051933e-06,0.9941165778278355,0.9941294704244689
updating,prefix_k0,four,neutral,fitted_constants,listener_advantage,0.01891445613669431,2.2946902160217127e-05,24,0.00019959552050567795,0.018523248916503178,0.01930566335688544
updating,prefix_k0,four,neutral,fitted_constants,speaker_size_first_given_set,0.5395289090105077,1.150526910986216e-05,24,0.0001413309079357914,0.5392519004309535,0.5398059175900618
updating,prefix_k0,four,neutral,original_grid,listener_advantage,0.027717954145823065,7.633012503522109e-05,24,0.0003640296391588846,0.02700445605307165,0.02843145223857448
updating,prefix_k0,four,neutral,original_grid,speaker_size_first_given_set,0.4841189105904169,8.797910243554986e-05,24,0.0003908215670660215,0.4833529003189675,0.4848849208618663
updating,prefix_k0,four,stable,fitted_constants,listener_advantage,0.020938671347650522,3.425166069579155e-05,24,0.00024385382651902644,0.02046071784767323,0.021416624847627814
updating,prefix_k0,four,stable,fitted_constants,speaker_size_first_given_set,0.9941230241261522,6.230618207275648e-09,24,3.2889277126051954e-06,0.9941165778278355,0.9941294704244689
updating,prefix_k0,two,neutral,fitted_constants,listener_advantage,0.020582576965032327,3.505693325079128e-05,24,0.0002467037319097125,0.02009903765048929,0.021066116279575362
updating,prefix_k0,two,neutral,fitted_constants,speaker_size_first_given_set,0.5395289090105077,1.150526910986216e-05,24,0.0001413309079357914,0.5392519004309535,0.5398059175900618
updating,prefix_k0,two,neutral,original_grid,listener_advantage,-0.018380691139702577,0.00033124651465769487,24,0.0007583407905513547,-0.019867039089183233,-0.01689434319022192
updating,prefix_k0,two,neutral,original_grid,speaker_size_first_given_set,0.4841189105904169,8.797910243554986e-05,24,0.0003908215670660215,0.4833529003189675,0.4848849208618663
updating,prefix_k0,two,stable,fitted_constants,listener_advantage,0.022478921041591358,3.0015525869640093e-05,24,0.0002282767793011921,0.022031498554161023,0.022926343529021693
updating,prefix_k0,two,stable,fitted_constants,speaker_size_first_given_set,0.9941230241261522,6.2306182072756445e-09,24,3.288927712605195e-06,0.9941165778278355,0.9941294704244689
updating,prefix_k05,fifteen,neutral,fitted_constants,listener_advantage,0.014574724609480111,1.462528543057678e-05,24,0.00015934591472389808,0.014262406616621271,0.014887042602338951
updating,prefix_k05,fifteen,neutral,fitted_constants,speaker_size_first_given_set,0.5310804292040018,7.1012414474252495e-06,24,0.00011103397759045527,0.5308628026079245,0.531298055800079
updating,prefix_k05,fifteen,neutral,original_grid,listener_advantage,0.015581798326122028,6.351981583997331e-05,24,0.0003320804993604852,0.014930920547375477,0.01623267610486858
updating,prefix_k05,fifteen,neutral,original_grid,speaker_size_first_given_set,0.48703994482795965,5.892945524022737e-05,24,0.00031985634590278746,0.4864130263899902,0.4876668632659291
updating,prefix_k05,fifteen,stable,fitted_constants,listener_advantage,0.016457663677523063,1.850345439964016e-05,24,0.00017923184085745774,0.016106369269442446,0.01680895808560368
updating,prefix_k05,fifteen,stable,fitted_constants,speaker_size_first_given_set,0.9939441381988859,4.04072593184955e-09,24,2.648612691059001e-06,0.9939389469180114,0.9939493294797604
updating,prefix_k05,four,neutral,fitted_constants,listener_advantage,0.02031211050660192,3.1395388633649296e-05,24,0.0002334649503555727,0.019854519203904998,0.020769701809298845
updating,prefix_k05,four,neutral,fitted_constants,speaker_size_first_given_set,0.5395594594075466,1.149757790223232e-05,24,0.00014128366058016443,0.5392825434328095,0.5398363753822837
updating,prefix_k05,four,neutral,original_grid,listener_advantage,-0.01202156103445276,0.00020613960611621498,24,0.0005982317783421647,-0.013194095320003403,-0.010849026748902117
updating,prefix_k05,four,neutral,original_grid,speaker_size_first_given_set,0.48285726181665584,8.688410702075726e-05,24,0.00038838185279142947,0.48209603338518464,0.48361849024812703
updating,prefix_k05,four,stable,fitted_constants,listener_advantage,0.021918913625957645,3.423732636460151e-05,24,0.00024380279472623374,0.021441060148294225,0.022396767103621065
updating,prefix_k05,four,stable,fitted_constants,speaker_size_first_given_set,0.9941236570254516,6.229681722659653e-09,24,3.2886805344081736e-06,0.9941172112116041,0.994130102839299
updating,prefix_k05,two,neutral,fitted_constants,listener_advantage,0.020569060226530943,3.504543701873126e-05,24,0.0002466632777734943,0.020085600202094895,0.021052520250966992
updating,prefix_k05,two,neutral,fitted_constants,speaker_size_first_given_set,0.5395594594075465,1.149757790223232e-05,24,0.00014128366058016443,0.5392825434328093,0.5398363753822836
updating,prefix_k05,two,neutral,original_grid,listener_advantage,-0.022102296529271065,0.0003461367886388048,24,0.0007751979906579655,-0.023621684590960677,-0.020582908467581453
updating,prefix_k05,two,neutral,original_grid,speaker_size_first_given_set,0.48285726181665595,8.688410702075726e-05,24,0.00038838185279142947,0.48209603338518475,0.48361849024812714
updating,prefix_k05,two,stable,fitted_constants,listener_advantage,0.02246540975237235,3.0025478205937537e-05,24,0.00022831462136655345,0.022017913094493906,0.022912906410250795
updating,prefix_k05,two,stable,fitted_constants,speaker_size_first_given_set,0.9941236570254516,6.229681722659658e-09,24,3.288680534408175e-06,0.9941172112116041,0.994130102839299
updating,prefix_k1,fifteen,neutral,fitted_constants,listener_advantage,0.00962246860482192,6.0667811861420544e-06,24,0.00010262848642526628,0.009421316771428398,0.009823620438215443
updating,prefix_k1,fifteen,neutral,fitted_constants,speaker_size_first_given_set,0.5225688895106569,3.7264962624841535e-06,24,8.04338956336989e-05,0.5224112390752149,0.522726539946099
updating,prefix_k1,fifteen,neutral,original_grid,listener_advantage,0.010945108992174197,2.716072237011713e-05,24,0.0002171497913712202,0.010519495401086605,0.01137072258326179
updating,prefix_k1,fifteen,neutral,original_grid,speaker_size_first_given_set,0.4899870582087646,3.550468225400938e-05,24,0.0002482741898741292,0.4895004407966113,0.49047367562091787
updating,prefix_k1,fifteen,stable,fitted_constants,listener_advantage,0.010776442668848979,7.1847503741467374e-06,24,0.00011168493611546663,0.010557540194062664,0.010995345143635293
updating,prefix_k1,fifteen,stable,fitted_constants,speaker_size_first_given_set,0.9937534217701293,2.240147189816765e-09,24,1.972091383979256e-06,0.9937495564710167,0.9937572870692418
updating,prefix_k1,four,neutral,fitted_constants,listener_advantage,0.02055509496532093,3.5061341337086514e-05,24,0.00024671924178258815,0.020071525251427056,0.021038664679214805
updating,prefix_k1,four,neutral,fitted_constants,speaker_size_first_given_set,0.5395889238930961,1.1570044804447298e-05,24,0.00014172820234891267,0.5393111366164922,0.5398667111697
updating,prefix_k1,four,neutral,original_grid,listener_advantage,-0.02717928958231967,0.0003729212417972089,24,0.0008046320348168395,-0.028756368370560677,-0.025602210794078664
updating,prefix_k1,four,neutral,original_grid,speaker_size_first_given_set,0.4815557184439883,8.8800573265101e-05,24,0.00039264190036033864,0.4807861403192821,0.48232529656869455
updating,prefix_k1,four,stable,fitted_constants,listener_advantage,0.022283283938970874,3.16870232683758e-05,24,0.00023454678248542135,0.021823572245299447,0.0227429956326423
updating,prefix_k1,four,stable,fitted_constants,speaker_size_first_given_set,0.9941241241584353,6.263742307849912e-09,24,3.2976586569557176e-06,0.9941176607474677,0.994130587569403
updating,prefix_k1,two,neutral,fitted_constants,listener_advantage,0.020555094965320934,3.5061341337086514e-05,24,0.00024671924178258815,0.02007152525142706,0.021038664679214808
updating,prefix_k1,two,neutral,fitted_constants,speaker_size_first_given_set,0.5395889238930961,1.1570044804447298e-05,24,0.00014172820234891267,0.5393111366164922,0.5398667111697
updating,prefix_k1,two,neutral,original_grid,listener_advantage,-0.02717928958231967,0.0003729212417972089,24,0.0008046320348168395,-0.028756368370560677,-0.025602210794078664
updating,prefix_k1,two,neutral,original_grid,speaker_size_first_given_set,0.4815557184439883,8.8800573265101e-05,24,0.00039264190036033864,0.4807861403192821,0.48232529656869455
updating,prefix_k1,two,stable,fitted_constants,listener_advantage,0.02244943909488056,3.004920393449378e-05,24,0.00022840480912344726,0.022001765668998603,0.022897112520762517
updating,prefix_k1,two,stable,fitted_constants,speaker_size_first_given_set,0.9941241241584353,6.263742307849907e-09,24,3.297658656955716e-06,0.9941176607474677,0.994130587569403
updating,terminal,fifteen,neutral,fitted_constants,listener_advantage,3.5192369066835054e-05,7.973004295238019e-08,24,1.1765212002296999e-05,1.2132553542332937e-05,5.825218459133717e-05
updating,terminal,fifteen,neutral,fitted_constants,speaker_size_first_given_set,0.49993781757028777,1.6853697935734989e-07,24,1.7105523157606116e-05,0.49990429074489884,0.4999713443956767
updating,terminal,fifteen,neutral,original_grid,listener_advantage,0.006886681767573454,1.6321100242553697e-05,24,0.0001683307561815598,0.006556753485457597,0.007216610049689311
updating,terminal,fifteen,neutral,original_grid,speaker_size_first_given_set,0.5026903938941273,6.675713101071102e-06,24,0.00010765583908622677,0.5024793884495182,0.5029013993387363
updating,terminal,fifteen,stable,fitted_constants,listener_advantage,2.933827902369976e-05,6.628928451575021e-08,24,1.0727793966860086e-05,8.311802848653992e-06,5.0364755198745533e-05
updating,terminal,fifteen,stable,fitted_constants,speaker_size_first_given_set,0.993187657551899,1.2176490126664956e-10,24,4.5977972773098395e-07,0.9931867563836326,0.9931885587201653
updating,terminal,four,neutral,fitted_constants,listener_advantage,3.49544550230967e-05,7.901444654571127e-08,24,1.1712295188659832e-05,1.199835645332343e-05,5.791055359286997e-05
updating,terminal,four,neutral,fitted_constants,speaker_size_first_given_set,0.49993781757028777,1.685369793573498e-07,24,1.7105523157606113e-05,0.49990429074489884,0.4999713443956767
updating,terminal,four,neutral,original_grid,listener_advantage,0.007262682295190518,1.7158405209512497e-05,24,0.00017259460574763457,0.006924396867925155,0.007600967722455882
updating,terminal,four,neutral,original_grid,speaker_size_first_given_set,0.5026903938941272,6.675713101071102e-06,24,0.00010765583908622677,0.5024793884495181,0.5029013993387362
updating,terminal,four,stable,fitted_constants,listener_advantage,2.4031027372445596e-05,5.8749215660317595e-08,24,1.0099265620674618e-05,4.236466755923345e-06,4.3825587988967846e-05
updating,terminal,four,stable,fitted_constants,speaker_size_first_given_set,0.993187657551899,1.2176490126665034e-10,24,4.5977972773098543e-07,0.9931867563836326,0.9931885587201653
updating,terminal,two,neutral,fitted_constants,listener_advantage,2.7656697564618804e-05,5.619282490491118e-08,24,9.877094090983311e-06,8.297593146291515e-06,4.701580198294609e-05
updating,terminal,two,neutral,fitted_constants,speaker_size_first_given_set,0.49993781757028777,1.685369793573499e-07,24,1.7105523157606116e-05,0.49990429074489884,0.4999713443956767
updating,terminal,two,neutral,original_grid,listener_advantage,0.011405131833168942,2.7164801359610352e-05,24,0.00021716609650575236,0.010979486284017667,0.011830777382320218
updating,terminal,two,neutral,original_grid,speaker_size_first_given_set,0.5026903938941273,6.675713101071102e-06,24,0.00010765583908622677,0.5024793884495182,0.5029013993387363
updating,terminal,two,stable,fitted_constants,listener_advantage,2.1360505607510096e-05,5.225101614895927e-08,24,9.524367154990103e-06,2.6927459837294945e-06,4.0028265231290696e-05
updating,terminal,two,stable,fitted_constants,speaker_size_first_given_set,0.993187657551899,1.2176490126664817e-10,24,4.597797277309813e-07,0.9931867563836326,0.9931885587201653
